2026-07-31T00:17:16.971+01:00  INFO 27134 --- [TuniRate] [main] t.anasazx.tunirate.TuniRateApplication   : Starting TuniRateApplication using Java 21.0.8 with PID 27134 (/Users/anasaz/Dev/revision/TuniRate/target/classes started by anasaz in /Users/anasaz/Dev/revision/TuniRate)
2026-07-31T00:17:16.974+01:00 DEBUG 27134 --- [TuniRate] [main] t.anasazx.tunirate.TuniRateApplication   : Running with Spring Boot v4.0.6, Spring v7.0.7
2026-07-31T00:17:16.975+01:00  INFO 27134 --- [TuniRate] [main] t.anasazx.tunirate.TuniRateApplication   : No active profile set, falling back to 1 default profile: "default"
2026-07-31T00:17:17.877+01:00 DEBUG 27134 --- [TuniRate] [main] t.a.tunirate.security.JwtAuthFilter      : Filter 'jwtAuthFilter' configured for use
2026-07-31T00:17:20.463+01:00  WARN 27134 --- [TuniRate] [main] JpaBaseConfiguration$JpaWebConfiguration : spring.jpa.open-in-view is enabled by default. Therefore, database queries may be performed during view rendering. Explicitly configure spring.jpa.open-in-view to disable this warning
2026-07-31T00:17:20.547+01:00  WARN 27134 --- [TuniRate] [main] .s.a.UserDetailsServiceAutoConfiguration : 

Using generated security password: 06c39697-3d83-4074-8d11-0ae4598dbfe9

This generated password is for development use only. Your security configuration must be updated before running your application in production.

2026-07-31T00:17:20.738+01:00 DEBUG 27134 --- [TuniRate] [main] s.w.s.m.m.a.RequestMappingHandlerMapping : 93 mappings in 'requestMappingHandlerMapping'
2026-07-31T00:17:20.770+01:00 DEBUG 27134 --- [TuniRate] [main] o.s.w.s.handler.SimpleUrlHandlerMapping  : Patterns [/webjars/**, /**, /uploads/**] in 'resourceHandlerMapping'
2026-07-31T00:17:20.788+01:00 DEBUG 27134 --- [TuniRate] [main] s.w.s.m.m.a.RequestMappingHandlerAdapter : ControllerAdvice beans: 0 @ModelAttribute, 0 @InitBinder, 2 RequestBodyAdvice, 1 ResponseBodyAdvice
2026-07-31T00:17:20.829+01:00 DEBUG 27134 --- [TuniRate] [main] .m.m.a.ExceptionHandlerExceptionResolver : ControllerAdvice beans: 0 @ExceptionHandler, 1 ResponseBodyAdvice
2026-07-31T00:17:20.988+01:00  INFO 27134 --- [TuniRate] [main] t.anasazx.tunirate.TuniRateApplication   : Started TuniRateApplication in 4.241 seconds (process running for 4.661)
2026-07-31T00:22:31.885+01:00  INFO 27134 --- [TuniRate] [http-nio-8080-exec-5] o.s.web.servlet.DispatcherServlet        : Initializing Servlet 'dispatcherServlet'
2026-07-31T00:22:31.887+01:00 DEBUG 27134 --- [TuniRate] [http-nio-8080-exec-5] o.s.web.servlet.DispatcherServlet        : Detected StandardServletMultipartResolver
2026-07-31T00:22:31.887+01:00 DEBUG 27134 --- [TuniRate] [http-nio-8080-exec-5] o.s.web.servlet.DispatcherServlet        : Detected AcceptHeaderLocaleResolver
2026-07-31T00:22:31.896+01:00 DEBUG 27134 --- [TuniRate] [http-nio-8080-exec-5] o.s.web.servlet.DispatcherServlet        : Detected org.springframework.web.servlet.view.DefaultRequestToViewNameTranslator@349247c9
2026-07-31T00:22:31.896+01:00 DEBUG 27134 --- [TuniRate] [http-nio-8080-exec-5] o.s.web.servlet.DispatcherServlet        : Detected org.springframework.web.servlet.support.SessionFlashMapManager@59e89013
2026-07-31T00:22:31.897+01:00 DEBUG 27134 --- [TuniRate] [http-nio-8080-exec-5] o.s.web.servlet.DispatcherServlet        : enableLoggingRequestDetails='false': request parameters and headers will be masked to prevent unsafe logging of potentially sensitive data
2026-07-31T00:22:31.897+01:00  INFO 27134 --- [TuniRate] [http-nio-8080-exec-5] o.s.web.servlet.DispatcherServlet        : Completed initialization in 11 ms
2026-07-31T00:22:32.385+01:00 DEBUG 27134 --- [TuniRate] [http-nio-8080-exec-6] o.s.web.servlet.DispatcherServlet        : GET "/product/39/details", parameters={}
2026-07-31T00:22:32.385+01:00 DEBUG 27134 --- [TuniRate] [http-nio-8080-exec-7] o.s.web.servlet.DispatcherServlet        : GET "/auth/me", parameters={}
2026-07-31T00:22:32.385+01:00 DEBUG 27134 --- [TuniRate] [http-nio-8080-exec-9] o.s.web.servlet.DispatcherServlet        : GET "/reviews/product/39?page=0&size=10", parameters={masked}
2026-07-31T00:22:32.385+01:00 DEBUG 27134 --- [TuniRate] [http-nio-8080-exec-8] o.s.web.servlet.DispatcherServlet        : GET "/categories", parameters={}
2026-07-31T00:22:32.392+01:00 DEBUG 27134 --- [TuniRate] [http-nio-8080-exec-7] s.w.s.m.m.a.RequestMappingHandlerMapping : Mapped to tn.anasazx.tunirate.authentication.controller.AuthController#authenticateUser()
2026-07-31T00:22:32.392+01:00 DEBUG 27134 --- [TuniRate] [http-nio-8080-exec-8] s.w.s.m.m.a.RequestMappingHandlerMapping : Mapped to tn.anasazx.tunirate.category.controller.CategoryController#getAll()
2026-07-31T00:22:32.392+01:00 DEBUG 27134 --- [TuniRate] [http-nio-8080-exec-6] s.w.s.m.m.a.RequestMappingHandlerMapping : Mapped to tn.anasazx.tunirate.product.controller.ProductController#getProductDetails(Long)
2026-07-31T00:22:32.392+01:00 DEBUG 27134 --- [TuniRate] [http-nio-8080-exec-9] s.w.s.m.m.a.RequestMappingHandlerMapping : Mapped to tn.anasazx.tunirate.review.controller.ReviewController#getReviewsByProductId(Long, Pageable)
2026-07-31T00:22:32.549+01:00 DEBUG 27134 --- [TuniRate] [http-nio-8080-exec-7] o.s.w.s.m.m.a.HttpEntityMethodProcessor  : Using 'application/json', given [application/json, text/plain, */*] and supported [application/json, application/*+json]
2026-07-31T00:22:32.549+01:00 DEBUG 27134 --- [TuniRate] [http-nio-8080-exec-8] o.s.w.s.m.m.a.HttpEntityMethodProcessor  : Using 'application/json', given [application/json, text/plain, */*] and supported [application/json, application/*+json]
2026-07-31T00:22:32.550+01:00 DEBUG 27134 --- [TuniRate] [http-nio-8080-exec-8] o.s.w.s.m.m.a.HttpEntityMethodProcessor  : Writing [[CategoryResponse[id=2, name=Beauty]]]
2026-07-31T00:22:32.552+01:00 DEBUG 27134 --- [TuniRate] [http-nio-8080-exec-7] o.s.w.s.m.m.a.HttpEntityMethodProcessor  : Writing [MinimizedUserResponse[id=8, name=Anas Riadh Azizi, email=anasriad.azizi@gmail.com, emailVerified=tru (truncated)...]
2026-07-31T00:22:32.572+01:00 DEBUG 27134 --- [TuniRate] [http-nio-8080-exec-6] o.s.w.s.m.m.a.HttpEntityMethodProcessor  : Using 'application/json', given [application/json, text/plain, */*] and supported [application/json, application/*+json]
2026-07-31T00:22:32.575+01:00 DEBUG 27134 --- [TuniRate] [http-nio-8080-exec-9] o.s.w.s.m.m.a.HttpEntityMethodProcessor  : Using 'application/json', given [application/json, text/plain, */*] and supported [application/json, application/*+json]
2026-07-31T00:22:32.577+01:00 DEBUG 27134 --- [TuniRate] [http-nio-8080-exec-9] o.s.w.s.m.m.a.HttpEntityMethodProcessor  : Writing [ProductReviewsResponse[myReview=ReviewResponse[id=4, rating=3, content=null, user=MinimizedUserRespo (truncated)...]
2026-07-31T00:22:32.577+01:00 DEBUG 27134 --- [TuniRate] [http-nio-8080-exec-6] o.s.w.s.m.m.a.HttpEntityMethodProcessor  : Writing [ProductDetailsResponse[id=39, name=Pochette beauté ciel, description=La trousse qui sublime votre ro (truncated)...]
2026-07-31T00:22:32.588+01:00 DEBUG 27134 --- [TuniRate] [http-nio-8080-exec-7] o.s.web.servlet.DispatcherServlet        : Completed 200 OK
2026-07-31T00:22:32.591+01:00 DEBUG 27134 --- [TuniRate] [http-nio-8080-exec-8] o.s.web.servlet.DispatcherServlet        : Completed 200 OK
2026-07-31T00:22:32.593+01:00  WARN 27134 --- [TuniRate] [http-nio-8080-exec-9] ration$PageModule$WarningLoggingModifier : Serializing PageImpl instances as-is is not supported, meaning that there is no guarantee about the stability of the resulting JSON structure!
	For a stable JSON structure, please use Spring Data's PagedModel (globally via @EnableSpringDataWebSupport(pageSerializationMode = VIA_DTO))
	or Spring HATEOAS and Spring Data's PagedResourcesAssembler as documented in https://docs.spring.io/spring-data/commons/reference/repositories/core-extensions.html#core.web.pageables.

2026-07-31T00:22:32.597+01:00 DEBUG 27134 --- [TuniRate] [http-nio-8080-exec-6] o.s.web.servlet.DispatcherServlet        : Completed 200 OK
2026-07-31T00:22:32.610+01:00 DEBUG 27134 --- [TuniRate] [http-nio-8080-exec-9] o.s.web.servlet.DispatcherServlet        : Completed 200 OK
2026-07-31T00:22:32.612+01:00 DEBUG 27134 --- [TuniRate] [http-nio-8080-exec-10] o.s.web.servlet.DispatcherServlet        : GET "/categories", parameters={}
2026-07-31T00:22:32.614+01:00 DEBUG 27134 --- [TuniRate] [http-nio-8080-exec-10] s.w.s.m.m.a.RequestMappingHandlerMapping : Mapped to tn.anasazx.tunirate.category.controller.CategoryController#getAll()
2026-07-31T00:22:32.615+01:00 DEBUG 27134 --- [TuniRate] [http-nio-8080-exec-5] o.s.web.servlet.DispatcherServlet        : GET "/invitations/me", parameters={}
2026-07-31T00:22:32.615+01:00 DEBUG 27134 --- [TuniRate] [http-nio-8080-exec-5] s.w.s.m.m.a.RequestMappingHandlerMapping : Mapped to tn.anasazx.tunirate.invitation.controller.CompanyInvitationController#getMyInvitations()
2026-07-31T00:22:32.620+01:00 DEBUG 27134 --- [TuniRate] [http-nio-8080-exec-10] o.s.w.s.m.m.a.HttpEntityMethodProcessor  : Using 'application/json', given [application/json, text/plain, */*] and supported [application/json, application/*+json]
2026-07-31T00:22:32.620+01:00 DEBUG 27134 --- [TuniRate] [http-nio-8080-exec-10] o.s.w.s.m.m.a.HttpEntityMethodProcessor  : Writing [[CategoryResponse[id=2, name=Beauty]]]
2026-07-31T00:22:32.621+01:00 DEBUG 27134 --- [TuniRate] [http-nio-8080-exec-10] o.s.web.servlet.DispatcherServlet        : Completed 200 OK
2026-07-31T00:22:32.626+01:00 DEBUG 27134 --- [TuniRate] [http-nio-8080-exec-9] o.s.web.servlet.DispatcherServlet        : GET "/subcategories", parameters={}
2026-07-31T00:22:32.626+01:00 DEBUG 27134 --- [TuniRate] [http-nio-8080-exec-9] s.w.s.m.m.a.RequestMappingHandlerMapping : Mapped to tn.anasazx.tunirate.subcategory.controller.SubcategoryController#getAll()
2026-07-31T00:22:32.636+01:00 DEBUG 27134 --- [TuniRate] [http-nio-8080-exec-5] o.s.w.s.m.m.a.HttpEntityMethodProcessor  : Using 'application/json', given [application/json, text/plain, */*] and supported [application/json, application/*+json]
2026-07-31T00:22:32.636+01:00 DEBUG 27134 --- [TuniRate] [http-nio-8080-exec-5] o.s.w.s.m.m.a.HttpEntityMethodProcessor  : Writing [[]]
2026-07-31T00:22:32.637+01:00 DEBUG 27134 --- [TuniRate] [http-nio-8080-exec-5] o.s.web.servlet.DispatcherServlet        : Completed 200 OK
2026-07-31T00:22:32.654+01:00 DEBUG 27134 --- [TuniRate] [http-nio-8080-exec-9] o.s.w.s.m.m.a.HttpEntityMethodProcessor  : Using 'application/json', given [application/json, text/plain, */*] and supported [application/json, application/*+json]
2026-07-31T00:22:32.656+01:00 DEBUG 27134 --- [TuniRate] [http-nio-8080-exec-9] o.s.w.s.m.m.a.HttpEntityMethodProcessor  : Writing [[SubcategoryResponse[id=3, name=Skincare, categoryId=2, categoryName=Beauty], SubcategoryResponse[id (truncated)...]
2026-07-31T00:22:32.657+01:00 DEBUG 27134 --- [TuniRate] [http-nio-8080-exec-9] o.s.web.servlet.DispatcherServlet        : Completed 200 OK
2026-07-31T00:22:32.662+01:00 DEBUG 27134 --- [TuniRate] [http-nio-8080-exec-3] o.s.web.servlet.DispatcherServlet        : GET "/subcategories", parameters={}
2026-07-31T00:22:32.663+01:00 DEBUG 27134 --- [TuniRate] [http-nio-8080-exec-3] s.w.s.m.m.a.RequestMappingHandlerMapping : Mapped to tn.anasazx.tunirate.subcategory.controller.SubcategoryController#getAll()
2026-07-31T00:22:32.669+01:00 DEBUG 27134 --- [TuniRate] [http-nio-8080-exec-3] o.s.w.s.m.m.a.HttpEntityMethodProcessor  : Using 'application/json', given [application/json, text/plain, */*] and supported [application/json, application/*+json]
2026-07-31T00:22:32.669+01:00 DEBUG 27134 --- [TuniRate] [http-nio-8080-exec-3] o.s.w.s.m.m.a.HttpEntityMethodProcessor  : Writing [[SubcategoryResponse[id=3, name=Skincare, categoryId=2, categoryName=Beauty], SubcategoryResponse[id (truncated)...]
2026-07-31T00:22:32.670+01:00 DEBUG 27134 --- [TuniRate] [http-nio-8080-exec-3] o.s.web.servlet.DispatcherServlet        : Completed 200 OK
2026-07-31T00:22:35.016+01:00 DEBUG 27134 --- [TuniRate] [http-nio-8080-exec-7] o.s.web.servlet.DispatcherServlet        : GET "/auth/me", parameters={}
2026-07-31T00:22:35.016+01:00 DEBUG 27134 --- [TuniRate] [http-nio-8080-exec-8] o.s.web.servlet.DispatcherServlet        : GET "/product/39/details", parameters={}
2026-07-31T00:22:35.017+01:00 DEBUG 27134 --- [TuniRate] [http-nio-8080-exec-8] s.w.s.m.m.a.RequestMappingHandlerMapping : Mapped to tn.anasazx.tunirate.product.controller.ProductController#getProductDetails(Long)
2026-07-31T00:22:35.016+01:00 DEBUG 27134 --- [TuniRate] [http-nio-8080-exec-7] s.w.s.m.m.a.RequestMappingHandlerMapping : Mapped to tn.anasazx.tunirate.authentication.controller.AuthController#authenticateUser()
2026-07-31T00:22:35.019+01:00 DEBUG 27134 --- [TuniRate] [http-nio-8080-exec-2] o.s.web.servlet.DispatcherServlet        : GET "/categories", parameters={}
2026-07-31T00:22:35.019+01:00 DEBUG 27134 --- [TuniRate] [http-nio-8080-exec-2] s.w.s.m.m.a.RequestMappingHandlerMapping : Mapped to tn.anasazx.tunirate.category.controller.CategoryController#getAll()
2026-07-31T00:22:35.029+01:00 DEBUG 27134 --- [TuniRate] [http-nio-8080-exec-7] o.s.w.s.m.m.a.HttpEntityMethodProcessor  : Using 'application/json', given [application/json, text/plain, */*] and supported [application/json, application/*+json]
2026-07-31T00:22:35.030+01:00 DEBUG 27134 --- [TuniRate] [http-nio-8080-exec-7] o.s.w.s.m.m.a.HttpEntityMethodProcessor  : Writing [MinimizedUserResponse[id=8, name=Anas Riadh Azizi, email=anasriad.azizi@gmail.com, emailVerified=tru (truncated)...]
2026-07-31T00:22:35.035+01:00 DEBUG 27134 --- [TuniRate] [http-nio-8080-exec-7] o.s.web.servlet.DispatcherServlet        : Completed 200 OK
2026-07-31T00:22:35.039+01:00 DEBUG 27134 --- [TuniRate] [http-nio-8080-exec-6] o.s.web.servlet.DispatcherServlet        : GET "/reviews/product/39?page=0&size=10", parameters={masked}
2026-07-31T00:22:35.043+01:00 DEBUG 27134 --- [TuniRate] [http-nio-8080-exec-2] o.s.w.s.m.m.a.HttpEntityMethodProcessor  : Using 'application/json', given [application/json, text/plain, */*] and supported [application/json, application/*+json]
2026-07-31T00:22:35.044+01:00 DEBUG 27134 --- [TuniRate] [http-nio-8080-exec-6] s.w.s.m.m.a.RequestMappingHandlerMapping : Mapped to tn.anasazx.tunirate.review.controller.ReviewController#getReviewsByProductId(Long, Pageable)
2026-07-31T00:22:35.044+01:00 DEBUG 27134 --- [TuniRate] [http-nio-8080-exec-2] o.s.w.s.m.m.a.HttpEntityMethodProcessor  : Writing [[CategoryResponse[id=2, name=Beauty]]]
2026-07-31T00:22:35.053+01:00 DEBUG 27134 --- [TuniRate] [http-nio-8080-exec-2] o.s.web.servlet.DispatcherServlet        : Completed 200 OK
2026-07-31T00:22:35.062+01:00 DEBUG 27134 --- [TuniRate] [http-nio-8080-exec-4] o.s.web.servlet.DispatcherServlet        : GET "/categories", parameters={}
2026-07-31T00:22:35.062+01:00 DEBUG 27134 --- [TuniRate] [http-nio-8080-exec-4] s.w.s.m.m.a.RequestMappingHandlerMapping : Mapped to tn.anasazx.tunirate.category.controller.CategoryController#getAll()
2026-07-31T00:22:35.064+01:00 DEBUG 27134 --- [TuniRate] [http-nio-8080-exec-4] o.s.w.s.m.m.a.HttpEntityMethodProcessor  : Using 'application/json', given [application/json, text/plain, */*] and supported [application/json, application/*+json]
2026-07-31T00:22:35.064+01:00 DEBUG 27134 --- [TuniRate] [http-nio-8080-exec-4] o.s.w.s.m.m.a.HttpEntityMethodProcessor  : Writing [[CategoryResponse[id=2, name=Beauty]]]
2026-07-31T00:22:35.065+01:00 DEBUG 27134 --- [TuniRate] [http-nio-8080-exec-4] o.s.web.servlet.DispatcherServlet        : Completed 200 OK
2026-07-31T00:22:35.072+01:00 DEBUG 27134 --- [TuniRate] [http-nio-8080-exec-8] o.s.w.s.m.m.a.HttpEntityMethodProcessor  : Using 'application/json', given [application/json, text/plain, */*] and supported [application/json, application/*+json]
2026-07-31T00:22:35.072+01:00 DEBUG 27134 --- [TuniRate] [http-nio-8080-exec-8] o.s.w.s.m.m.a.HttpEntityMethodProcessor  : Writing [ProductDetailsResponse[id=39, name=Pochette beauté ciel, description=La trousse qui sublime votre ro (truncated)...]
2026-07-31T00:22:35.073+01:00 DEBUG 27134 --- [TuniRate] [http-nio-8080-exec-8] o.s.web.servlet.DispatcherServlet        : Completed 200 OK
2026-07-31T00:22:35.084+01:00 DEBUG 27134 --- [TuniRate] [http-nio-8080-exec-6] o.s.w.s.m.m.a.HttpEntityMethodProcessor  : Using 'application/json', given [application/json, text/plain, */*] and supported [application/json, application/*+json]
2026-07-31T00:22:35.084+01:00 DEBUG 27134 --- [TuniRate] [http-nio-8080-exec-6] o.s.w.s.m.m.a.HttpEntityMethodProcessor  : Writing [ProductReviewsResponse[myReview=ReviewResponse[id=4, rating=3, content=null, user=MinimizedUserRespo (truncated)...]
2026-07-31T00:22:35.085+01:00 DEBUG 27134 --- [TuniRate] [http-nio-8080-exec-6] o.s.web.servlet.DispatcherServlet        : Completed 200 OK
2026-07-31T00:22:35.240+01:00 DEBUG 27134 --- [TuniRate] [http-nio-8080-exec-1] o.s.web.servlet.DispatcherServlet        : GET "/invitations/me", parameters={}
2026-07-31T00:22:35.240+01:00 DEBUG 27134 --- [TuniRate] [http-nio-8080-exec-1] s.w.s.m.m.a.RequestMappingHandlerMapping : Mapped to tn.anasazx.tunirate.invitation.controller.CompanyInvitationController#getMyInvitations()
2026-07-31T00:22:35.240+01:00 DEBUG 27134 --- [TuniRate] [http-nio-8080-exec-10] o.s.web.servlet.DispatcherServlet        : GET "/subcategories", parameters={}
2026-07-31T00:22:35.242+01:00 DEBUG 27134 --- [TuniRate] [http-nio-8080-exec-10] s.w.s.m.m.a.RequestMappingHandlerMapping : Mapped to tn.anasazx.tunirate.subcategory.controller.SubcategoryController#getAll()
2026-07-31T00:22:35.252+01:00 DEBUG 27134 --- [TuniRate] [http-nio-8080-exec-1] o.s.w.s.m.m.a.HttpEntityMethodProcessor  : Using 'application/json', given [application/json, text/plain, */*] and supported [application/json, application/*+json]
2026-07-31T00:22:35.253+01:00 DEBUG 27134 --- [TuniRate] [http-nio-8080-exec-1] o.s.w.s.m.m.a.HttpEntityMethodProcessor  : Writing [[]]
2026-07-31T00:22:35.254+01:00 DEBUG 27134 --- [TuniRate] [http-nio-8080-exec-10] o.s.w.s.m.m.a.HttpEntityMethodProcessor  : Using 'application/json', given [application/json, text/plain, */*] and supported [application/json, application/*+json]
2026-07-31T00:22:35.255+01:00 DEBUG 27134 --- [TuniRate] [http-nio-8080-exec-10] o.s.w.s.m.m.a.HttpEntityMethodProcessor  : Writing [[SubcategoryResponse[id=3, name=Skincare, categoryId=2, categoryName=Beauty], SubcategoryResponse[id (truncated)...]
2026-07-31T00:22:35.255+01:00 DEBUG 27134 --- [TuniRate] [http-nio-8080-exec-1] o.s.web.servlet.DispatcherServlet        : Completed 200 OK
2026-07-31T00:22:35.258+01:00 DEBUG 27134 --- [TuniRate] [http-nio-8080-exec-10] o.s.web.servlet.DispatcherServlet        : Completed 200 OK
2026-07-31T00:22:35.274+01:00 DEBUG 27134 --- [TuniRate] [http-nio-8080-exec-5] o.s.web.servlet.DispatcherServlet        : GET "/subcategories", parameters={}
2026-07-31T00:22:35.275+01:00 DEBUG 27134 --- [TuniRate] [http-nio-8080-exec-5] s.w.s.m.m.a.RequestMappingHandlerMapping : Mapped to tn.anasazx.tunirate.subcategory.controller.SubcategoryController#getAll()
2026-07-31T00:22:35.282+01:00 DEBUG 27134 --- [TuniRate] [http-nio-8080-exec-5] o.s.w.s.m.m.a.HttpEntityMethodProcessor  : Using 'application/json', given [application/json, text/plain, */*] and supported [application/json, application/*+json]
2026-07-31T00:22:35.282+01:00 DEBUG 27134 --- [TuniRate] [http-nio-8080-exec-5] o.s.w.s.m.m.a.HttpEntityMethodProcessor  : Writing [[SubcategoryResponse[id=3, name=Skincare, categoryId=2, categoryName=Beauty], SubcategoryResponse[id (truncated)...]
2026-07-31T00:22:35.283+01:00 DEBUG 27134 --- [TuniRate] [http-nio-8080-exec-5] o.s.web.servlet.DispatcherServlet        : Completed 200 OK
2026-07-31T00:24:23.569+01:00  INFO 27330 --- [TuniRate] [main] t.anasazx.tunirate.TuniRateApplication   : Starting TuniRateApplication using Java 21.0.8 with PID 27330 (/Users/anasaz/Dev/revision/TuniRate/target/classes started by anasaz in /Users/anasaz/Dev/revision/TuniRate)
2026-07-31T00:24:23.570+01:00 DEBUG 27330 --- [TuniRate] [main] t.anasazx.tunirate.TuniRateApplication   : Running with Spring Boot v4.0.6, Spring v7.0.7
2026-07-31T00:24:23.570+01:00  INFO 27330 --- [TuniRate] [main] t.anasazx.tunirate.TuniRateApplication   : No active profile set, falling back to 1 default profile: "default"
2026-07-31T00:24:24.695+01:00 DEBUG 27330 --- [TuniRate] [main] t.a.tunirate.security.JwtAuthFilter      : Filter 'jwtAuthFilter' configured for use
2026-07-31T00:24:27.290+01:00  WARN 27330 --- [TuniRate] [main] JpaBaseConfiguration$JpaWebConfiguration : spring.jpa.open-in-view is enabled by default. Therefore, database queries may be performed during view rendering. Explicitly configure spring.jpa.open-in-view to disable this warning
2026-07-31T00:24:27.360+01:00  WARN 27330 --- [TuniRate] [main] .s.a.UserDetailsServiceAutoConfiguration : 

Using generated security password: 987d664e-ceb0-4559-a838-1db760af6644

This generated password is for development use only. Your security configuration must be updated before running your application in production.

2026-07-31T00:24:27.545+01:00 DEBUG 27330 --- [TuniRate] [main] s.w.s.m.m.a.RequestMappingHandlerMapping : 93 mappings in 'requestMappingHandlerMapping'
2026-07-31T00:24:27.579+01:00 DEBUG 27330 --- [TuniRate] [main] o.s.w.s.handler.SimpleUrlHandlerMapping  : Patterns [/webjars/**, /**, /uploads/**] in 'resourceHandlerMapping'
2026-07-31T00:24:27.596+01:00 DEBUG 27330 --- [TuniRate] [main] s.w.s.m.m.a.RequestMappingHandlerAdapter : ControllerAdvice beans: 0 @ModelAttribute, 0 @InitBinder, 2 RequestBodyAdvice, 1 ResponseBodyAdvice
2026-07-31T00:24:27.634+01:00 DEBUG 27330 --- [TuniRate] [main] .m.m.a.ExceptionHandlerExceptionResolver : ControllerAdvice beans: 0 @ExceptionHandler, 1 ResponseBodyAdvice
2026-07-31T00:24:27.762+01:00  INFO 27330 --- [TuniRate] [main] t.anasazx.tunirate.TuniRateApplication   : Started TuniRateApplication in 4.443 seconds (process running for 4.761)
2026-07-31T00:24:37.705+01:00  INFO 27330 --- [TuniRate] [http-nio-8080-exec-2] o.s.web.servlet.DispatcherServlet        : Initializing Servlet 'dispatcherServlet'
2026-07-31T00:24:37.706+01:00 DEBUG 27330 --- [TuniRate] [http-nio-8080-exec-2] o.s.web.servlet.DispatcherServlet        : Detected StandardServletMultipartResolver
2026-07-31T00:24:37.706+01:00 DEBUG 27330 --- [TuniRate] [http-nio-8080-exec-2] o.s.web.servlet.DispatcherServlet        : Detected AcceptHeaderLocaleResolver
2026-07-31T00:24:37.715+01:00 DEBUG 27330 --- [TuniRate] [http-nio-8080-exec-2] o.s.web.servlet.DispatcherServlet        : Detected org.springframework.web.servlet.view.DefaultRequestToViewNameTranslator@22d7063e
2026-07-31T00:24:37.716+01:00 DEBUG 27330 --- [TuniRate] [http-nio-8080-exec-2] o.s.web.servlet.DispatcherServlet        : Detected org.springframework.web.servlet.support.SessionFlashMapManager@37cc103c
2026-07-31T00:24:37.716+01:00 DEBUG 27330 --- [TuniRate] [http-nio-8080-exec-2] o.s.web.servlet.DispatcherServlet        : enableLoggingRequestDetails='false': request parameters and headers will be masked to prevent unsafe logging of potentially sensitive data
2026-07-31T00:24:37.716+01:00  INFO 27330 --- [TuniRate] [http-nio-8080-exec-2] o.s.web.servlet.DispatcherServlet        : Completed initialization in 11 ms
2026-07-31T00:24:37.769+01:00 DEBUG 27330 --- [TuniRate] [http-nio-8080-exec-2] o.s.web.servlet.DispatcherServlet        : POST "/admin/jobs/reconcile-likes", parameters={}
2026-07-31T00:24:37.773+01:00 DEBUG 27330 --- [TuniRate] [http-nio-8080-exec-2] s.w.s.m.m.a.RequestMappingHandlerMapping : Mapped to tn.anasazx.tunirate.jobs.DebugJobController#runReconciliation()
2026-07-31T00:24:37.863+01:00  INFO 27330 --- [TuniRate] [http-nio-8080-exec-2] t.a.t.r.job.ReviewLikeReconciliationJob  : Reconciled like counts for 0 reviews
2026-07-31T00:24:37.872+01:00  INFO 27330 --- [TuniRate] [http-nio-8080-exec-2] t.a.t.c.j.CommentLikeReconciliationJob   : Reconciled like counts for 0 comments
2026-07-31T00:24:37.885+01:00  INFO 27330 --- [TuniRate] [http-nio-8080-exec-2] .p.j.ProductReviewStatsReconciliationJob : Reconciled review stats for 0 products
2026-07-31T00:24:37.895+01:00 DEBUG 27330 --- [TuniRate] [http-nio-8080-exec-2] o.s.w.s.m.m.a.HttpEntityMethodProcessor  : Using 'application/json', given [*/*] and supported [application/json, application/*+json]
2026-07-31T00:24:37.896+01:00 DEBUG 27330 --- [TuniRate] [http-nio-8080-exec-2] o.s.w.s.m.m.a.HttpEntityMethodProcessor  : Nothing to write: null body
2026-07-31T00:24:37.897+01:00 DEBUG 27330 --- [TuniRate] [http-nio-8080-exec-2] o.s.web.servlet.DispatcherServlet        : Completed 200 OK
2026-07-31T00:24:43.239+01:00 DEBUG 27330 --- [TuniRate] [http-nio-8080-exec-5] o.s.web.servlet.DispatcherServlet        : GET "/categories", parameters={}
2026-07-31T00:24:43.239+01:00 DEBUG 27330 --- [TuniRate] [http-nio-8080-exec-7] o.s.web.servlet.DispatcherServlet        : GET "/auth/me", parameters={}
2026-07-31T00:24:43.242+01:00 DEBUG 27330 --- [TuniRate] [http-nio-8080-exec-6] o.s.web.servlet.DispatcherServlet        : GET "/reviews/product/39?page=0&size=10", parameters={masked}
2026-07-31T00:24:43.242+01:00 DEBUG 27330 --- [TuniRate] [http-nio-8080-exec-7] s.w.s.m.m.a.RequestMappingHandlerMapping : Mapped to tn.anasazx.tunirate.authentication.controller.AuthController#authenticateUser()
2026-07-31T00:24:43.242+01:00 DEBUG 27330 --- [TuniRate] [http-nio-8080-exec-8] o.s.web.servlet.DispatcherServlet        : GET "/product/39/details", parameters={}
2026-07-31T00:24:43.242+01:00 DEBUG 27330 --- [TuniRate] [http-nio-8080-exec-8] s.w.s.m.m.a.RequestMappingHandlerMapping : Mapped to tn.anasazx.tunirate.product.controller.ProductController#getProductDetails(Long)
2026-07-31T00:24:43.243+01:00 DEBUG 27330 --- [TuniRate] [http-nio-8080-exec-5] s.w.s.m.m.a.RequestMappingHandlerMapping : Mapped to tn.anasazx.tunirate.category.controller.CategoryController#getAll()
2026-07-31T00:24:43.246+01:00 DEBUG 27330 --- [TuniRate] [http-nio-8080-exec-6] s.w.s.m.m.a.RequestMappingHandlerMapping : Mapped to tn.anasazx.tunirate.review.controller.ReviewController#getReviewsByProductId(Long, Pageable)
2026-07-31T00:24:43.428+01:00 DEBUG 27330 --- [TuniRate] [http-nio-8080-exec-5] o.s.w.s.m.m.a.HttpEntityMethodProcessor  : Using 'application/json', given [application/json, text/plain, */*] and supported [application/json, application/*+json]
2026-07-31T00:24:43.428+01:00 DEBUG 27330 --- [TuniRate] [http-nio-8080-exec-7] o.s.w.s.m.m.a.HttpEntityMethodProcessor  : Using 'application/json', given [application/json, text/plain, */*] and supported [application/json, application/*+json]
2026-07-31T00:24:43.429+01:00 DEBUG 27330 --- [TuniRate] [http-nio-8080-exec-5] o.s.w.s.m.m.a.HttpEntityMethodProcessor  : Writing [[CategoryResponse[id=2, name=Beauty]]]
2026-07-31T00:24:43.430+01:00 DEBUG 27330 --- [TuniRate] [http-nio-8080-exec-7] o.s.w.s.m.m.a.HttpEntityMethodProcessor  : Writing [MinimizedUserResponse[id=8, name=Anas Riadh Azizi, email=anasriad.azizi@gmail.com, emailVerified=tru (truncated)...]
2026-07-31T00:24:43.454+01:00 DEBUG 27330 --- [TuniRate] [http-nio-8080-exec-8] o.s.w.s.m.m.a.HttpEntityMethodProcessor  : Using 'application/json', given [application/json, text/plain, */*] and supported [application/json, application/*+json]
2026-07-31T00:24:43.459+01:00 DEBUG 27330 --- [TuniRate] [http-nio-8080-exec-6] o.s.w.s.m.m.a.HttpEntityMethodProcessor  : Using 'application/json', given [application/json, text/plain, */*] and supported [application/json, application/*+json]
2026-07-31T00:24:43.460+01:00 DEBUG 27330 --- [TuniRate] [http-nio-8080-exec-8] o.s.w.s.m.m.a.HttpEntityMethodProcessor  : Writing [ProductDetailsResponse[id=39, name=Pochette beauté ciel, description=La trousse qui sublime votre ro (truncated)...]
2026-07-31T00:24:43.462+01:00 DEBUG 27330 --- [TuniRate] [http-nio-8080-exec-6] o.s.w.s.m.m.a.HttpEntityMethodProcessor  : Writing [ProductReviewsResponse[myReview=ReviewResponse[id=4, rating=3, content=null, user=MinimizedUserRespo (truncated)...]
2026-07-31T00:24:43.472+01:00 DEBUG 27330 --- [TuniRate] [http-nio-8080-exec-5] o.s.web.servlet.DispatcherServlet        : Completed 200 OK
2026-07-31T00:24:43.472+01:00 DEBUG 27330 --- [TuniRate] [http-nio-8080-exec-7] o.s.web.servlet.DispatcherServlet        : Completed 200 OK
2026-07-31T00:24:43.492+01:00  WARN 27330 --- [TuniRate] [http-nio-8080-exec-6] ration$PageModule$WarningLoggingModifier : Serializing PageImpl instances as-is is not supported, meaning that there is no guarantee about the stability of the resulting JSON structure!
	For a stable JSON structure, please use Spring Data's PagedModel (globally via @EnableSpringDataWebSupport(pageSerializationMode = VIA_DTO))
	or Spring HATEOAS and Spring Data's PagedResourcesAssembler as documented in https://docs.spring.io/spring-data/commons/reference/repositories/core-extensions.html#core.web.pageables.

2026-07-31T00:24:43.495+01:00 DEBUG 27330 --- [TuniRate] [http-nio-8080-exec-1] o.s.web.servlet.DispatcherServlet        : GET "/categories", parameters={}
2026-07-31T00:24:43.496+01:00 DEBUG 27330 --- [TuniRate] [http-nio-8080-exec-9] o.s.web.servlet.DispatcherServlet        : GET "/invitations/me", parameters={}
2026-07-31T00:24:43.496+01:00 DEBUG 27330 --- [TuniRate] [http-nio-8080-exec-1] s.w.s.m.m.a.RequestMappingHandlerMapping : Mapped to tn.anasazx.tunirate.category.controller.CategoryController#getAll()
2026-07-31T00:24:43.497+01:00 DEBUG 27330 --- [TuniRate] [http-nio-8080-exec-8] o.s.web.servlet.DispatcherServlet        : Completed 200 OK
2026-07-31T00:24:43.497+01:00 DEBUG 27330 --- [TuniRate] [http-nio-8080-exec-9] s.w.s.m.m.a.RequestMappingHandlerMapping : Mapped to tn.anasazx.tunirate.invitation.controller.CompanyInvitationController#getMyInvitations()
2026-07-31T00:24:43.502+01:00 DEBUG 27330 --- [TuniRate] [http-nio-8080-exec-3] o.s.web.servlet.DispatcherServlet        : GET "/subcategories", parameters={}
2026-07-31T00:24:43.505+01:00 DEBUG 27330 --- [TuniRate] [http-nio-8080-exec-3] s.w.s.m.m.a.RequestMappingHandlerMapping : Mapped to tn.anasazx.tunirate.subcategory.controller.SubcategoryController#getAll()
2026-07-31T00:24:43.506+01:00 DEBUG 27330 --- [TuniRate] [http-nio-8080-exec-6] o.s.web.servlet.DispatcherServlet        : Completed 200 OK
2026-07-31T00:24:43.506+01:00 DEBUG 27330 --- [TuniRate] [http-nio-8080-exec-1] o.s.w.s.m.m.a.HttpEntityMethodProcessor  : Using 'application/json', given [application/json, text/plain, */*] and supported [application/json, application/*+json]
2026-07-31T00:24:43.506+01:00 DEBUG 27330 --- [TuniRate] [http-nio-8080-exec-1] o.s.w.s.m.m.a.HttpEntityMethodProcessor  : Writing [[CategoryResponse[id=2, name=Beauty]]]
2026-07-31T00:24:43.507+01:00 DEBUG 27330 --- [TuniRate] [http-nio-8080-exec-1] o.s.web.servlet.DispatcherServlet        : Completed 200 OK
2026-07-31T00:24:43.526+01:00 DEBUG 27330 --- [TuniRate] [http-nio-8080-exec-9] o.s.w.s.m.m.a.HttpEntityMethodProcessor  : Using 'application/json', given [application/json, text/plain, */*] and supported [application/json, application/*+json]
2026-07-31T00:24:43.526+01:00 DEBUG 27330 --- [TuniRate] [http-nio-8080-exec-9] o.s.w.s.m.m.a.HttpEntityMethodProcessor  : Writing [[]]
2026-07-31T00:24:43.527+01:00 DEBUG 27330 --- [TuniRate] [http-nio-8080-exec-9] o.s.web.servlet.DispatcherServlet        : Completed 200 OK
2026-07-31T00:24:43.537+01:00 DEBUG 27330 --- [TuniRate] [http-nio-8080-exec-3] o.s.w.s.m.m.a.HttpEntityMethodProcessor  : Using 'application/json', given [application/json, text/plain, */*] and supported [application/json, application/*+json]
2026-07-31T00:24:43.543+01:00 DEBUG 27330 --- [TuniRate] [http-nio-8080-exec-3] o.s.w.s.m.m.a.HttpEntityMethodProcessor  : Writing [[SubcategoryResponse[id=3, name=Skincare, categoryId=2, categoryName=Beauty], SubcategoryResponse[id (truncated)...]
2026-07-31T00:24:43.549+01:00 DEBUG 27330 --- [TuniRate] [http-nio-8080-exec-3] o.s.web.servlet.DispatcherServlet        : Completed 200 OK
2026-07-31T00:24:43.557+01:00 DEBUG 27330 --- [TuniRate] [http-nio-8080-exec-10] o.s.web.servlet.DispatcherServlet        : GET "/subcategories", parameters={}
2026-07-31T00:24:43.557+01:00 DEBUG 27330 --- [TuniRate] [http-nio-8080-exec-10] s.w.s.m.m.a.RequestMappingHandlerMapping : Mapped to tn.anasazx.tunirate.subcategory.controller.SubcategoryController#getAll()
2026-07-31T00:24:43.562+01:00 DEBUG 27330 --- [TuniRate] [http-nio-8080-exec-10] o.s.w.s.m.m.a.HttpEntityMethodProcessor  : Using 'application/json', given [application/json, text/plain, */*] and supported [application/json, application/*+json]
2026-07-31T00:24:43.563+01:00 DEBUG 27330 --- [TuniRate] [http-nio-8080-exec-10] o.s.w.s.m.m.a.HttpEntityMethodProcessor  : Writing [[SubcategoryResponse[id=3, name=Skincare, categoryId=2, categoryName=Beauty], SubcategoryResponse[id (truncated)...]
2026-07-31T00:24:43.564+01:00 DEBUG 27330 --- [TuniRate] [http-nio-8080-exec-10] o.s.web.servlet.DispatcherServlet        : Completed 200 OK
2026-07-31T00:24:57.773+01:00 DEBUG 27330 --- [TuniRate] [http-nio-8080-exec-2] o.s.web.servlet.DispatcherServlet        : GET "/categories", parameters={}
2026-07-31T00:24:57.777+01:00 DEBUG 27330 --- [TuniRate] [http-nio-8080-exec-8] o.s.web.servlet.DispatcherServlet        : GET "/product/39/details", parameters={}
2026-07-31T00:24:57.778+01:00 DEBUG 27330 --- [TuniRate] [http-nio-8080-exec-2] s.w.s.m.m.a.RequestMappingHandlerMapping : Mapped to tn.anasazx.tunirate.category.controller.CategoryController#getAll()
2026-07-31T00:24:57.778+01:00 DEBUG 27330 --- [TuniRate] [http-nio-8080-exec-8] s.w.s.m.m.a.RequestMappingHandlerMapping : Mapped to tn.anasazx.tunirate.product.controller.ProductController#getProductDetails(Long)
2026-07-31T00:24:57.782+01:00 DEBUG 27330 --- [TuniRate] [http-nio-8080-exec-7] o.s.web.servlet.DispatcherServlet        : GET "/auth/me", parameters={}
2026-07-31T00:24:57.783+01:00 DEBUG 27330 --- [TuniRate] [http-nio-8080-exec-7] s.w.s.m.m.a.RequestMappingHandlerMapping : Mapped to tn.anasazx.tunirate.authentication.controller.AuthController#authenticateUser()
2026-07-31T00:24:57.784+01:00 DEBUG 27330 --- [TuniRate] [http-nio-8080-exec-2] o.s.w.s.m.m.a.HttpEntityMethodProcessor  : Using 'application/json', given [application/json, text/plain, */*] and supported [application/json, application/*+json]
2026-07-31T00:24:57.784+01:00 DEBUG 27330 --- [TuniRate] [http-nio-8080-exec-2] o.s.w.s.m.m.a.HttpEntityMethodProcessor  : Writing [[CategoryResponse[id=2, name=Beauty]]]
2026-07-31T00:24:57.786+01:00 DEBUG 27330 --- [TuniRate] [http-nio-8080-exec-2] o.s.web.servlet.DispatcherServlet        : Completed 200 OK
2026-07-31T00:24:57.791+01:00 DEBUG 27330 --- [TuniRate] [http-nio-8080-exec-7] o.s.w.s.m.m.a.HttpEntityMethodProcessor  : Using 'application/json', given [application/json, text/plain, */*] and supported [application/json, application/*+json]
2026-07-31T00:24:57.793+01:00 DEBUG 27330 --- [TuniRate] [http-nio-8080-exec-7] o.s.w.s.m.m.a.HttpEntityMethodProcessor  : Writing [MinimizedUserResponse[id=8, name=Anas Riadh Azizi, email=anasriad.azizi@gmail.com, emailVerified=tru (truncated)...]
2026-07-31T00:24:57.796+01:00 DEBUG 27330 --- [TuniRate] [http-nio-8080-exec-2] o.s.web.servlet.DispatcherServlet        : GET "/categories", parameters={}
2026-07-31T00:24:57.797+01:00 DEBUG 27330 --- [TuniRate] [http-nio-8080-exec-2] s.w.s.m.m.a.RequestMappingHandlerMapping : Mapped to tn.anasazx.tunirate.category.controller.CategoryController#getAll()
2026-07-31T00:24:57.794+01:00 DEBUG 27330 --- [TuniRate] [http-nio-8080-exec-9] o.s.web.servlet.DispatcherServlet        : GET "/reviews/product/39?page=0&size=10", parameters={masked}
2026-07-31T00:24:57.816+01:00 DEBUG 27330 --- [TuniRate] [http-nio-8080-exec-7] o.s.web.servlet.DispatcherServlet        : Completed 200 OK
2026-07-31T00:24:57.818+01:00 DEBUG 27330 --- [TuniRate] [http-nio-8080-exec-2] o.s.w.s.m.m.a.HttpEntityMethodProcessor  : Using 'application/json', given [application/json, text/plain, */*] and supported [application/json, application/*+json]
2026-07-31T00:24:57.818+01:00 DEBUG 27330 --- [TuniRate] [http-nio-8080-exec-2] o.s.w.s.m.m.a.HttpEntityMethodProcessor  : Writing [[CategoryResponse[id=2, name=Beauty]]]
2026-07-31T00:24:57.828+01:00 DEBUG 27330 --- [TuniRate] [http-nio-8080-exec-9] s.w.s.m.m.a.RequestMappingHandlerMapping : Mapped to tn.anasazx.tunirate.review.controller.ReviewController#getReviewsByProductId(Long, Pageable)
2026-07-31T00:24:57.830+01:00 DEBUG 27330 --- [TuniRate] [http-nio-8080-exec-2] o.s.web.servlet.DispatcherServlet        : Completed 200 OK
2026-07-31T00:24:57.857+01:00 DEBUG 27330 --- [TuniRate] [http-nio-8080-exec-8] o.s.w.s.m.m.a.HttpEntityMethodProcessor  : Using 'application/json', given [application/json, text/plain, */*] and supported [application/json, application/*+json]
2026-07-31T00:24:57.858+01:00 DEBUG 27330 --- [TuniRate] [http-nio-8080-exec-8] o.s.w.s.m.m.a.HttpEntityMethodProcessor  : Writing [ProductDetailsResponse[id=39, name=Pochette beauté ciel, description=La trousse qui sublime votre ro (truncated)...]
2026-07-31T00:24:57.866+01:00 DEBUG 27330 --- [TuniRate] [http-nio-8080-exec-8] o.s.web.servlet.DispatcherServlet        : Completed 200 OK
2026-07-31T00:24:57.874+01:00 DEBUG 27330 --- [TuniRate] [http-nio-8080-exec-9] o.s.w.s.m.m.a.HttpEntityMethodProcessor  : Using 'application/json', given [application/json, text/plain, */*] and supported [application/json, application/*+json]
2026-07-31T00:24:57.874+01:00 DEBUG 27330 --- [TuniRate] [http-nio-8080-exec-9] o.s.w.s.m.m.a.HttpEntityMethodProcessor  : Writing [ProductReviewsResponse[myReview=ReviewResponse[id=4, rating=3, content=null, user=MinimizedUserRespo (truncated)...]
2026-07-31T00:24:57.875+01:00 DEBUG 27330 --- [TuniRate] [http-nio-8080-exec-9] o.s.web.servlet.DispatcherServlet        : Completed 200 OK
2026-07-31T00:24:57.947+01:00 DEBUG 27330 --- [TuniRate] [http-nio-8080-exec-1] o.s.web.servlet.DispatcherServlet        : GET "/invitations/me", parameters={}
2026-07-31T00:24:57.948+01:00 DEBUG 27330 --- [TuniRate] [http-nio-8080-exec-6] o.s.web.servlet.DispatcherServlet        : GET "/subcategories", parameters={}
2026-07-31T00:24:57.948+01:00 DEBUG 27330 --- [TuniRate] [http-nio-8080-exec-6] s.w.s.m.m.a.RequestMappingHandlerMapping : Mapped to tn.anasazx.tunirate.subcategory.controller.SubcategoryController#getAll()
2026-07-31T00:24:57.948+01:00 DEBUG 27330 --- [TuniRate] [http-nio-8080-exec-1] s.w.s.m.m.a.RequestMappingHandlerMapping : Mapped to tn.anasazx.tunirate.invitation.controller.CompanyInvitationController#getMyInvitations()
2026-07-31T00:24:57.952+01:00 DEBUG 27330 --- [TuniRate] [http-nio-8080-exec-1] o.s.w.s.m.m.a.HttpEntityMethodProcessor  : Using 'application/json', given [application/json, text/plain, */*] and supported [application/json, application/*+json]
2026-07-31T00:24:57.952+01:00 DEBUG 27330 --- [TuniRate] [http-nio-8080-exec-1] o.s.w.s.m.m.a.HttpEntityMethodProcessor  : Writing [[]]
2026-07-31T00:24:57.953+01:00 DEBUG 27330 --- [TuniRate] [http-nio-8080-exec-1] o.s.web.servlet.DispatcherServlet        : Completed 200 OK
2026-07-31T00:24:57.954+01:00 DEBUG 27330 --- [TuniRate] [http-nio-8080-exec-6] o.s.w.s.m.m.a.HttpEntityMethodProcessor  : Using 'application/json', given [application/json, text/plain, */*] and supported [application/json, application/*+json]
2026-07-31T00:24:57.954+01:00 DEBUG 27330 --- [TuniRate] [http-nio-8080-exec-6] o.s.w.s.m.m.a.HttpEntityMethodProcessor  : Writing [[SubcategoryResponse[id=3, name=Skincare, categoryId=2, categoryName=Beauty], SubcategoryResponse[id (truncated)...]
2026-07-31T00:24:57.955+01:00 DEBUG 27330 --- [TuniRate] [http-nio-8080-exec-6] o.s.web.servlet.DispatcherServlet        : Completed 200 OK
2026-07-31T00:24:57.971+01:00 DEBUG 27330 --- [TuniRate] [http-nio-8080-exec-3] o.s.web.servlet.DispatcherServlet        : GET "/subcategories", parameters={}
2026-07-31T00:24:57.972+01:00 DEBUG 27330 --- [TuniRate] [http-nio-8080-exec-3] s.w.s.m.m.a.RequestMappingHandlerMapping : Mapped to tn.anasazx.tunirate.subcategory.controller.SubcategoryController#getAll()
2026-07-31T00:24:57.980+01:00 DEBUG 27330 --- [TuniRate] [http-nio-8080-exec-3] o.s.w.s.m.m.a.HttpEntityMethodProcessor  : Using 'application/json', given [application/json, text/plain, */*] and supported [application/json, application/*+json]
2026-07-31T00:24:57.980+01:00 DEBUG 27330 --- [TuniRate] [http-nio-8080-exec-3] o.s.w.s.m.m.a.HttpEntityMethodProcessor  : Writing [[SubcategoryResponse[id=3, name=Skincare, categoryId=2, categoryName=Beauty], SubcategoryResponse[id (truncated)...]
2026-07-31T00:24:57.981+01:00 DEBUG 27330 --- [TuniRate] [http-nio-8080-exec-3] o.s.web.servlet.DispatcherServlet        : Completed 200 OK
2026-07-31T00:25:00.248+01:00 DEBUG 27330 --- [TuniRate] [http-nio-8080-exec-7] o.s.web.servlet.DispatcherServlet        : GET "/auth/me", parameters={}
2026-07-31T00:25:00.248+01:00 DEBUG 27330 --- [TuniRate] [http-nio-8080-exec-7] s.w.s.m.m.a.RequestMappingHandlerMapping : Mapped to tn.anasazx.tunirate.authentication.controller.AuthController#authenticateUser()
2026-07-31T00:25:00.255+01:00 DEBUG 27330 --- [TuniRate] [http-nio-8080-exec-7] o.s.w.s.m.m.a.HttpEntityMethodProcessor  : Using 'application/json', given [application/json, text/plain, */*] and supported [application/json, application/*+json]
2026-07-31T00:25:00.257+01:00 DEBUG 27330 --- [TuniRate] [http-nio-8080-exec-7] o.s.w.s.m.m.a.HttpEntityMethodProcessor  : Writing [MinimizedUserResponse[id=8, name=Anas Riadh Azizi, email=anasriad.azizi@gmail.com, emailVerified=tru (truncated)...]
2026-07-31T00:25:00.261+01:00 DEBUG 27330 --- [TuniRate] [http-nio-8080-exec-2] o.s.web.servlet.DispatcherServlet        : GET "/product/39/details", parameters={}
2026-07-31T00:25:00.261+01:00 DEBUG 27330 --- [TuniRate] [http-nio-8080-exec-7] o.s.web.servlet.DispatcherServlet        : Completed 200 OK
2026-07-31T00:25:00.264+01:00 DEBUG 27330 --- [TuniRate] [http-nio-8080-exec-2] s.w.s.m.m.a.RequestMappingHandlerMapping : Mapped to tn.anasazx.tunirate.product.controller.ProductController#getProductDetails(Long)
2026-07-31T00:25:00.269+01:00 DEBUG 27330 --- [TuniRate] [http-nio-8080-exec-8] o.s.web.servlet.DispatcherServlet        : GET "/categories", parameters={}
2026-07-31T00:25:00.271+01:00 DEBUG 27330 --- [TuniRate] [http-nio-8080-exec-8] s.w.s.m.m.a.RequestMappingHandlerMapping : Mapped to tn.anasazx.tunirate.category.controller.CategoryController#getAll()
2026-07-31T00:25:00.277+01:00 DEBUG 27330 --- [TuniRate] [http-nio-8080-exec-8] o.s.w.s.m.m.a.HttpEntityMethodProcessor  : Using 'application/json', given [application/json, text/plain, */*] and supported [application/json, application/*+json]
2026-07-31T00:25:00.278+01:00 DEBUG 27330 --- [TuniRate] [http-nio-8080-exec-8] o.s.w.s.m.m.a.HttpEntityMethodProcessor  : Writing [[CategoryResponse[id=2, name=Beauty]]]
2026-07-31T00:25:00.283+01:00 DEBUG 27330 --- [TuniRate] [http-nio-8080-exec-8] o.s.web.servlet.DispatcherServlet        : Completed 200 OK
2026-07-31T00:25:00.291+01:00 DEBUG 27330 --- [TuniRate] [http-nio-8080-exec-10] o.s.web.servlet.DispatcherServlet        : GET "/invitations/me", parameters={}
2026-07-31T00:25:00.291+01:00 DEBUG 27330 --- [TuniRate] [http-nio-8080-exec-10] s.w.s.m.m.a.RequestMappingHandlerMapping : Mapped to tn.anasazx.tunirate.invitation.controller.CompanyInvitationController#getMyInvitations()
2026-07-31T00:25:00.298+01:00 DEBUG 27330 --- [TuniRate] [http-nio-8080-exec-10] o.s.w.s.m.m.a.HttpEntityMethodProcessor  : Using 'application/json', given [application/json, text/plain, */*] and supported [application/json, application/*+json]
2026-07-31T00:25:00.298+01:00 DEBUG 27330 --- [TuniRate] [http-nio-8080-exec-9] o.s.web.servlet.DispatcherServlet        : GET "/reviews/product/39?page=0&size=10", parameters={masked}
2026-07-31T00:25:00.300+01:00 DEBUG 27330 --- [TuniRate] [http-nio-8080-exec-9] s.w.s.m.m.a.RequestMappingHandlerMapping : Mapped to tn.anasazx.tunirate.review.controller.ReviewController#getReviewsByProductId(Long, Pageable)
2026-07-31T00:25:00.300+01:00 DEBUG 27330 --- [TuniRate] [http-nio-8080-exec-10] o.s.w.s.m.m.a.HttpEntityMethodProcessor  : Writing [[]]
2026-07-31T00:25:00.319+01:00 DEBUG 27330 --- [TuniRate] [http-nio-8080-exec-10] o.s.web.servlet.DispatcherServlet        : Completed 200 OK
2026-07-31T00:25:00.334+01:00 DEBUG 27330 --- [TuniRate] [http-nio-8080-exec-2] o.s.w.s.m.m.a.HttpEntityMethodProcessor  : Using 'application/json', given [application/json, text/plain, */*] and supported [application/json, application/*+json]
2026-07-31T00:25:00.342+01:00 DEBUG 27330 --- [TuniRate] [http-nio-8080-exec-2] o.s.w.s.m.m.a.HttpEntityMethodProcessor  : Writing [ProductDetailsResponse[id=39, name=Pochette beauté ciel, description=La trousse qui sublime votre ro (truncated)...]
2026-07-31T00:25:00.342+01:00 DEBUG 27330 --- [TuniRate] [http-nio-8080-exec-4] o.s.web.servlet.DispatcherServlet        : GET "/categories", parameters={}
2026-07-31T00:25:00.344+01:00 DEBUG 27330 --- [TuniRate] [http-nio-8080-exec-5] o.s.web.servlet.DispatcherServlet        : GET "/subcategories", parameters={}
2026-07-31T00:25:00.344+01:00 DEBUG 27330 --- [TuniRate] [http-nio-8080-exec-2] o.s.web.servlet.DispatcherServlet        : Completed 200 OK
2026-07-31T00:25:00.345+01:00 DEBUG 27330 --- [TuniRate] [http-nio-8080-exec-5] s.w.s.m.m.a.RequestMappingHandlerMapping : Mapped to tn.anasazx.tunirate.subcategory.controller.SubcategoryController#getAll()
2026-07-31T00:25:00.354+01:00 DEBUG 27330 --- [TuniRate] [http-nio-8080-exec-4] s.w.s.m.m.a.RequestMappingHandlerMapping : Mapped to tn.anasazx.tunirate.category.controller.CategoryController#getAll()
2026-07-31T00:25:00.357+01:00 DEBUG 27330 --- [TuniRate] [http-nio-8080-exec-4] o.s.w.s.m.m.a.HttpEntityMethodProcessor  : Using 'application/json', given [application/json, text/plain, */*] and supported [application/json, application/*+json]
2026-07-31T00:25:00.357+01:00 DEBUG 27330 --- [TuniRate] [http-nio-8080-exec-4] o.s.w.s.m.m.a.HttpEntityMethodProcessor  : Writing [[CategoryResponse[id=2, name=Beauty]]]
2026-07-31T00:25:00.358+01:00 DEBUG 27330 --- [TuniRate] [http-nio-8080-exec-4] o.s.web.servlet.DispatcherServlet        : Completed 200 OK
2026-07-31T00:25:00.360+01:00 DEBUG 27330 --- [TuniRate] [http-nio-8080-exec-5] o.s.w.s.m.m.a.HttpEntityMethodProcessor  : Using 'application/json', given [application/json, text/plain, */*] and supported [application/json, application/*+json]
2026-07-31T00:25:00.360+01:00 DEBUG 27330 --- [TuniRate] [http-nio-8080-exec-5] o.s.w.s.m.m.a.HttpEntityMethodProcessor  : Writing [[SubcategoryResponse[id=3, name=Skincare, categoryId=2, categoryName=Beauty], SubcategoryResponse[id (truncated)...]
2026-07-31T00:25:00.361+01:00 DEBUG 27330 --- [TuniRate] [http-nio-8080-exec-5] o.s.web.servlet.DispatcherServlet        : Completed 200 OK
2026-07-31T00:25:00.382+01:00 DEBUG 27330 --- [TuniRate] [http-nio-8080-exec-9] o.s.w.s.m.m.a.HttpEntityMethodProcessor  : Using 'application/json', given [application/json, text/plain, */*] and supported [application/json, application/*+json]
2026-07-31T00:25:00.383+01:00 DEBUG 27330 --- [TuniRate] [http-nio-8080-exec-9] o.s.w.s.m.m.a.HttpEntityMethodProcessor  : Writing [ProductReviewsResponse[myReview=ReviewResponse[id=4, rating=3, content=null, user=MinimizedUserRespo (truncated)...]
2026-07-31T00:25:00.384+01:00 DEBUG 27330 --- [TuniRate] [http-nio-8080-exec-9] o.s.web.servlet.DispatcherServlet        : Completed 200 OK
2026-07-31T00:25:00.431+01:00 DEBUG 27330 --- [TuniRate] [http-nio-8080-exec-1] o.s.web.servlet.DispatcherServlet        : GET "/subcategories", parameters={}
2026-07-31T00:25:00.431+01:00 DEBUG 27330 --- [TuniRate] [http-nio-8080-exec-1] s.w.s.m.m.a.RequestMappingHandlerMapping : Mapped to tn.anasazx.tunirate.subcategory.controller.SubcategoryController#getAll()
2026-07-31T00:25:00.523+01:00 DEBUG 27330 --- [TuniRate] [http-nio-8080-exec-1] o.s.w.s.m.m.a.HttpEntityMethodProcessor  : Using 'application/json', given [application/json, text/plain, */*] and supported [application/json, application/*+json]
2026-07-31T00:25:00.526+01:00 DEBUG 27330 --- [TuniRate] [http-nio-8080-exec-1] o.s.w.s.m.m.a.HttpEntityMethodProcessor  : Writing [[SubcategoryResponse[id=3, name=Skincare, categoryId=2, categoryName=Beauty], SubcategoryResponse[id (truncated)...]
2026-07-31T00:25:00.527+01:00 DEBUG 27330 --- [TuniRate] [http-nio-8080-exec-1] o.s.web.servlet.DispatcherServlet        : Completed 200 OK
2026-07-31T00:25:27.618+01:00 DEBUG 27330 --- [TuniRate] [http-nio-8080-exec-3] o.s.web.servlet.DispatcherServlet        : GET "/auth/me", parameters={}
2026-07-31T00:25:27.619+01:00 DEBUG 27330 --- [TuniRate] [http-nio-8080-exec-3] s.w.s.m.m.a.RequestMappingHandlerMapping : Mapped to tn.anasazx.tunirate.authentication.controller.AuthController#authenticateUser()
2026-07-31T00:25:27.626+01:00 DEBUG 27330 --- [TuniRate] [http-nio-8080-exec-4] o.s.web.servlet.DispatcherServlet        : GET "/reviews/product/39?page=0&size=10", parameters={masked}
2026-07-31T00:25:27.626+01:00 DEBUG 27330 --- [TuniRate] [http-nio-8080-exec-4] s.w.s.m.m.a.RequestMappingHandlerMapping : Mapped to tn.anasazx.tunirate.review.controller.ReviewController#getReviewsByProductId(Long, Pageable)
2026-07-31T00:25:27.626+01:00 DEBUG 27330 --- [TuniRate] [http-nio-8080-exec-8] o.s.web.servlet.DispatcherServlet        : GET "/categories", parameters={}
2026-07-31T00:25:27.627+01:00 DEBUG 27330 --- [TuniRate] [http-nio-8080-exec-7] o.s.web.servlet.DispatcherServlet        : GET "/product/39/details", parameters={}
2026-07-31T00:25:27.627+01:00 DEBUG 27330 --- [TuniRate] [http-nio-8080-exec-8] s.w.s.m.m.a.RequestMappingHandlerMapping : Mapped to tn.anasazx.tunirate.category.controller.CategoryController#getAll()
2026-07-31T00:25:27.627+01:00 DEBUG 27330 --- [TuniRate] [http-nio-8080-exec-7] s.w.s.m.m.a.RequestMappingHandlerMapping : Mapped to tn.anasazx.tunirate.product.controller.ProductController#getProductDetails(Long)
2026-07-31T00:25:27.632+01:00 DEBUG 27330 --- [TuniRate] [http-nio-8080-exec-3] o.s.w.s.m.m.a.HttpEntityMethodProcessor  : Using 'application/json', given [application/json, text/plain, */*] and supported [application/json, application/*+json]
2026-07-31T00:25:27.632+01:00 DEBUG 27330 --- [TuniRate] [http-nio-8080-exec-3] o.s.w.s.m.m.a.HttpEntityMethodProcessor  : Writing [MinimizedUserResponse[id=8, name=Anas Riadh Azizi, email=anasriad.azizi@gmail.com, emailVerified=tru (truncated)...]
2026-07-31T00:25:27.633+01:00 DEBUG 27330 --- [TuniRate] [http-nio-8080-exec-8] o.s.w.s.m.m.a.HttpEntityMethodProcessor  : Using 'application/json', given [application/json, text/plain, */*] and supported [application/json, application/*+json]
2026-07-31T00:25:27.633+01:00 DEBUG 27330 --- [TuniRate] [http-nio-8080-exec-3] o.s.web.servlet.DispatcherServlet        : Completed 200 OK
2026-07-31T00:25:27.633+01:00 DEBUG 27330 --- [TuniRate] [http-nio-8080-exec-8] o.s.w.s.m.m.a.HttpEntityMethodProcessor  : Writing [[CategoryResponse[id=2, name=Beauty]]]
2026-07-31T00:25:27.634+01:00 DEBUG 27330 --- [TuniRate] [http-nio-8080-exec-8] o.s.web.servlet.DispatcherServlet        : Completed 200 OK
2026-07-31T00:25:27.733+01:00 DEBUG 27330 --- [TuniRate] [http-nio-8080-exec-9] o.s.web.servlet.DispatcherServlet        : GET "/categories", parameters={}
2026-07-31T00:25:27.734+01:00 DEBUG 27330 --- [TuniRate] [http-nio-8080-exec-9] s.w.s.m.m.a.RequestMappingHandlerMapping : Mapped to tn.anasazx.tunirate.category.controller.CategoryController#getAll()
2026-07-31T00:25:27.735+01:00 DEBUG 27330 --- [TuniRate] [http-nio-8080-exec-10] o.s.web.servlet.DispatcherServlet        : GET "/invitations/me", parameters={}
2026-07-31T00:25:27.735+01:00 DEBUG 27330 --- [TuniRate] [http-nio-8080-exec-10] s.w.s.m.m.a.RequestMappingHandlerMapping : Mapped to tn.anasazx.tunirate.invitation.controller.CompanyInvitationController#getMyInvitations()
2026-07-31T00:25:27.735+01:00 DEBUG 27330 --- [TuniRate] [http-nio-8080-exec-2] o.s.web.servlet.DispatcherServlet        : GET "/subcategories", parameters={}
2026-07-31T00:25:27.735+01:00 DEBUG 27330 --- [TuniRate] [http-nio-8080-exec-2] s.w.s.m.m.a.RequestMappingHandlerMapping : Mapped to tn.anasazx.tunirate.subcategory.controller.SubcategoryController#getAll()
2026-07-31T00:25:27.742+01:00 DEBUG 27330 --- [TuniRate] [http-nio-8080-exec-9] o.s.w.s.m.m.a.HttpEntityMethodProcessor  : Using 'application/json', given [application/json, text/plain, */*] and supported [application/json, application/*+json]
2026-07-31T00:25:27.742+01:00 DEBUG 27330 --- [TuniRate] [http-nio-8080-exec-9] o.s.w.s.m.m.a.HttpEntityMethodProcessor  : Writing [[CategoryResponse[id=2, name=Beauty]]]
2026-07-31T00:25:27.743+01:00 DEBUG 27330 --- [TuniRate] [http-nio-8080-exec-7] o.s.w.s.m.m.a.HttpEntityMethodProcessor  : Using 'application/json', given [application/json, text/plain, */*] and supported [application/json, application/*+json]
2026-07-31T00:25:27.743+01:00 DEBUG 27330 --- [TuniRate] [http-nio-8080-exec-7] o.s.w.s.m.m.a.HttpEntityMethodProcessor  : Writing [ProductDetailsResponse[id=39, name=Pochette beauté ciel, description=La trousse qui sublime votre ro (truncated)...]
2026-07-31T00:25:27.743+01:00 DEBUG 27330 --- [TuniRate] [http-nio-8080-exec-7] o.s.web.servlet.DispatcherServlet        : Completed 200 OK
2026-07-31T00:25:27.744+01:00 DEBUG 27330 --- [TuniRate] [http-nio-8080-exec-9] o.s.web.servlet.DispatcherServlet        : Completed 200 OK
2026-07-31T00:25:27.747+01:00 DEBUG 27330 --- [TuniRate] [http-nio-8080-exec-4] o.s.w.s.m.m.a.HttpEntityMethodProcessor  : Using 'application/json', given [application/json, text/plain, */*] and supported [application/json, application/*+json]
2026-07-31T00:25:27.750+01:00 DEBUG 27330 --- [TuniRate] [http-nio-8080-exec-4] o.s.w.s.m.m.a.HttpEntityMethodProcessor  : Writing [ProductReviewsResponse[myReview=ReviewResponse[id=4, rating=3, content=null, user=MinimizedUserRespo (truncated)...]
2026-07-31T00:25:27.752+01:00 DEBUG 27330 --- [TuniRate] [http-nio-8080-exec-4] o.s.web.servlet.DispatcherServlet        : Completed 200 OK
2026-07-31T00:25:27.753+01:00 DEBUG 27330 --- [TuniRate] [http-nio-8080-exec-2] o.s.w.s.m.m.a.HttpEntityMethodProcessor  : Using 'application/json', given [application/json, text/plain, */*] and supported [application/json, application/*+json]
2026-07-31T00:25:27.754+01:00 DEBUG 27330 --- [TuniRate] [http-nio-8080-exec-10] o.s.w.s.m.m.a.HttpEntityMethodProcessor  : Using 'application/json', given [application/json, text/plain, */*] and supported [application/json, application/*+json]
2026-07-31T00:25:27.754+01:00 DEBUG 27330 --- [TuniRate] [http-nio-8080-exec-10] o.s.w.s.m.m.a.HttpEntityMethodProcessor  : Writing [[]]
2026-07-31T00:25:27.759+01:00 DEBUG 27330 --- [TuniRate] [http-nio-8080-exec-10] o.s.web.servlet.DispatcherServlet        : Completed 200 OK
2026-07-31T00:25:27.754+01:00 DEBUG 27330 --- [TuniRate] [http-nio-8080-exec-2] o.s.w.s.m.m.a.HttpEntityMethodProcessor  : Writing [[SubcategoryResponse[id=3, name=Skincare, categoryId=2, categoryName=Beauty], SubcategoryResponse[id (truncated)...]
2026-07-31T00:25:27.761+01:00 DEBUG 27330 --- [TuniRate] [http-nio-8080-exec-2] o.s.web.servlet.DispatcherServlet        : Completed 200 OK
2026-07-31T00:25:27.780+01:00 DEBUG 27330 --- [TuniRate] [http-nio-8080-exec-2] o.s.web.servlet.DispatcherServlet        : GET "/subcategories", parameters={}
2026-07-31T00:25:27.781+01:00 DEBUG 27330 --- [TuniRate] [http-nio-8080-exec-2] s.w.s.m.m.a.RequestMappingHandlerMapping : Mapped to tn.anasazx.tunirate.subcategory.controller.SubcategoryController#getAll()
2026-07-31T00:25:27.788+01:00 DEBUG 27330 --- [TuniRate] [http-nio-8080-exec-2] o.s.w.s.m.m.a.HttpEntityMethodProcessor  : Using 'application/json', given [application/json, text/plain, */*] and supported [application/json, application/*+json]
2026-07-31T00:25:27.789+01:00 DEBUG 27330 --- [TuniRate] [http-nio-8080-exec-2] o.s.w.s.m.m.a.HttpEntityMethodProcessor  : Writing [[SubcategoryResponse[id=3, name=Skincare, categoryId=2, categoryName=Beauty], SubcategoryResponse[id (truncated)...]
2026-07-31T00:25:27.790+01:00 DEBUG 27330 --- [TuniRate] [http-nio-8080-exec-2] o.s.web.servlet.DispatcherServlet        : Completed 200 OK
2026-07-31T00:27:17.321+01:00 DEBUG 27330 --- [TuniRate] [http-nio-8080-exec-7] o.s.web.servlet.DispatcherServlet        : GET "/reviews/product/39?page=0&size=10", parameters={masked}
2026-07-31T00:27:17.317+01:00 DEBUG 27330 --- [TuniRate] [http-nio-8080-exec-8] o.s.web.servlet.DispatcherServlet        : GET "/categories", parameters={}
2026-07-31T00:27:17.317+01:00 DEBUG 27330 --- [TuniRate] [http-nio-8080-exec-1] o.s.web.servlet.DispatcherServlet        : GET "/product/39/details", parameters={}
2026-07-31T00:27:17.316+01:00 DEBUG 27330 --- [TuniRate] [http-nio-8080-exec-6] o.s.web.servlet.DispatcherServlet        : GET "/auth/me", parameters={}
2026-07-31T00:27:17.324+01:00 DEBUG 27330 --- [TuniRate] [http-nio-8080-exec-8] s.w.s.m.m.a.RequestMappingHandlerMapping : Mapped to tn.anasazx.tunirate.category.controller.CategoryController#getAll()
2026-07-31T00:27:17.324+01:00 DEBUG 27330 --- [TuniRate] [http-nio-8080-exec-6] s.w.s.m.m.a.RequestMappingHandlerMapping : Mapped to tn.anasazx.tunirate.authentication.controller.AuthController#authenticateUser()
2026-07-31T00:27:17.325+01:00 DEBUG 27330 --- [TuniRate] [http-nio-8080-exec-7] s.w.s.m.m.a.RequestMappingHandlerMapping : Mapped to tn.anasazx.tunirate.review.controller.ReviewController#getReviewsByProductId(Long, Pageable)
2026-07-31T00:27:17.325+01:00 DEBUG 27330 --- [TuniRate] [http-nio-8080-exec-1] s.w.s.m.m.a.RequestMappingHandlerMapping : Mapped to tn.anasazx.tunirate.product.controller.ProductController#getProductDetails(Long)
2026-07-31T00:27:17.344+01:00 DEBUG 27330 --- [TuniRate] [http-nio-8080-exec-8] o.s.w.s.m.m.a.HttpEntityMethodProcessor  : Using 'application/json', given [application/json, text/plain, */*] and supported [application/json, application/*+json]
2026-07-31T00:27:17.346+01:00 DEBUG 27330 --- [TuniRate] [http-nio-8080-exec-8] o.s.w.s.m.m.a.HttpEntityMethodProcessor  : Writing [[CategoryResponse[id=2, name=Beauty]]]
2026-07-31T00:27:17.353+01:00 DEBUG 27330 --- [TuniRate] [http-nio-8080-exec-8] o.s.web.servlet.DispatcherServlet        : Completed 200 OK
2026-07-31T00:27:17.355+01:00 DEBUG 27330 --- [TuniRate] [http-nio-8080-exec-6] o.s.w.s.m.m.a.HttpEntityMethodProcessor  : Using 'application/json', given [application/json, text/plain, */*] and supported [application/json, application/*+json]
2026-07-31T00:27:17.356+01:00 DEBUG 27330 --- [TuniRate] [http-nio-8080-exec-6] o.s.w.s.m.m.a.HttpEntityMethodProcessor  : Writing [MinimizedUserResponse[id=8, name=Anas Riadh Azizi, email=anasriad.azizi@gmail.com, emailVerified=tru (truncated)...]
2026-07-31T00:27:17.356+01:00 DEBUG 27330 --- [TuniRate] [http-nio-8080-exec-6] o.s.web.servlet.DispatcherServlet        : Completed 200 OK
2026-07-31T00:27:17.362+01:00 DEBUG 27330 --- [TuniRate] [http-nio-8080-exec-9] o.s.web.servlet.DispatcherServlet        : GET "/categories", parameters={}
2026-07-31T00:27:17.362+01:00 DEBUG 27330 --- [TuniRate] [http-nio-8080-exec-9] s.w.s.m.m.a.RequestMappingHandlerMapping : Mapped to tn.anasazx.tunirate.category.controller.CategoryController#getAll()
2026-07-31T00:27:17.429+01:00 DEBUG 27330 --- [TuniRate] [http-nio-8080-exec-9] o.s.w.s.m.m.a.HttpEntityMethodProcessor  : Using 'application/json', given [application/json, text/plain, */*] and supported [application/json, application/*+json]
2026-07-31T00:27:17.432+01:00 DEBUG 27330 --- [TuniRate] [http-nio-8080-exec-9] o.s.w.s.m.m.a.HttpEntityMethodProcessor  : Writing [[CategoryResponse[id=2, name=Beauty]]]
2026-07-31T00:27:17.433+01:00 DEBUG 27330 --- [TuniRate] [http-nio-8080-exec-9] o.s.web.servlet.DispatcherServlet        : Completed 200 OK
2026-07-31T00:27:17.504+01:00 DEBUG 27330 --- [TuniRate] [http-nio-8080-exec-10] o.s.web.servlet.DispatcherServlet        : GET "/invitations/me", parameters={}
2026-07-31T00:27:17.539+01:00 DEBUG 27330 --- [TuniRate] [http-nio-8080-exec-10] s.w.s.m.m.a.RequestMappingHandlerMapping : Mapped to tn.anasazx.tunirate.invitation.controller.CompanyInvitationController#getMyInvitations()
2026-07-31T00:27:17.545+01:00 DEBUG 27330 --- [TuniRate] [http-nio-8080-exec-2] o.s.web.servlet.DispatcherServlet        : GET "/subcategories", parameters={}
2026-07-31T00:27:17.547+01:00 DEBUG 27330 --- [TuniRate] [http-nio-8080-exec-2] s.w.s.m.m.a.RequestMappingHandlerMapping : Mapped to tn.anasazx.tunirate.subcategory.controller.SubcategoryController#getAll()
2026-07-31T00:27:17.540+01:00 DEBUG 27330 --- [TuniRate] [http-nio-8080-exec-1] o.s.w.s.m.m.a.HttpEntityMethodProcessor  : Using 'application/json', given [application/json, text/plain, */*] and supported [application/json, application/*+json]
2026-07-31T00:27:17.549+01:00 DEBUG 27330 --- [TuniRate] [http-nio-8080-exec-1] o.s.w.s.m.m.a.HttpEntityMethodProcessor  : Writing [ProductDetailsResponse[id=39, name=Pochette beauté ciel, description=La trousse qui sublime votre ro (truncated)...]
2026-07-31T00:27:17.556+01:00 DEBUG 27330 --- [TuniRate] [http-nio-8080-exec-1] o.s.web.servlet.DispatcherServlet        : Completed 200 OK
2026-07-31T00:27:17.556+01:00 DEBUG 27330 --- [TuniRate] [http-nio-8080-exec-7] o.s.w.s.m.m.a.HttpEntityMethodProcessor  : Using 'application/json', given [application/json, text/plain, */*] and supported [application/json, application/*+json]
2026-07-31T00:27:17.559+01:00 DEBUG 27330 --- [TuniRate] [http-nio-8080-exec-7] o.s.w.s.m.m.a.HttpEntityMethodProcessor  : Writing [ProductReviewsResponse[myReview=ReviewResponse[id=4, rating=3, content=null, user=MinimizedUserRespo (truncated)...]
2026-07-31T00:27:17.589+01:00 DEBUG 27330 --- [TuniRate] [http-nio-8080-exec-7] o.s.web.servlet.DispatcherServlet        : Completed 200 OK
2026-07-31T00:27:17.597+01:00 DEBUG 27330 --- [TuniRate] [http-nio-8080-exec-10] o.s.w.s.m.m.a.HttpEntityMethodProcessor  : Using 'application/json', given [application/json, text/plain, */*] and supported [application/json, application/*+json]
2026-07-31T00:27:17.598+01:00 DEBUG 27330 --- [TuniRate] [http-nio-8080-exec-10] o.s.w.s.m.m.a.HttpEntityMethodProcessor  : Writing [[]]
2026-07-31T00:27:17.598+01:00 DEBUG 27330 --- [TuniRate] [http-nio-8080-exec-10] o.s.web.servlet.DispatcherServlet        : Completed 200 OK
2026-07-31T00:27:17.606+01:00 DEBUG 27330 --- [TuniRate] [http-nio-8080-exec-2] o.s.w.s.m.m.a.HttpEntityMethodProcessor  : Using 'application/json', given [application/json, text/plain, */*] and supported [application/json, application/*+json]
2026-07-31T00:27:17.610+01:00 DEBUG 27330 --- [TuniRate] [http-nio-8080-exec-2] o.s.w.s.m.m.a.HttpEntityMethodProcessor  : Writing [[SubcategoryResponse[id=3, name=Skincare, categoryId=2, categoryName=Beauty], SubcategoryResponse[id (truncated)...]
2026-07-31T00:27:17.612+01:00 DEBUG 27330 --- [TuniRate] [http-nio-8080-exec-2] o.s.web.servlet.DispatcherServlet        : Completed 200 OK
2026-07-31T00:27:17.632+01:00 DEBUG 27330 --- [TuniRate] [http-nio-8080-exec-2] o.s.web.servlet.DispatcherServlet        : GET "/subcategories", parameters={}
2026-07-31T00:27:17.632+01:00 DEBUG 27330 --- [TuniRate] [http-nio-8080-exec-2] s.w.s.m.m.a.RequestMappingHandlerMapping : Mapped to tn.anasazx.tunirate.subcategory.controller.SubcategoryController#getAll()
2026-07-31T00:27:17.641+01:00 DEBUG 27330 --- [TuniRate] [http-nio-8080-exec-2] o.s.w.s.m.m.a.HttpEntityMethodProcessor  : Using 'application/json', given [application/json, text/plain, */*] and supported [application/json, application/*+json]
2026-07-31T00:27:17.642+01:00 DEBUG 27330 --- [TuniRate] [http-nio-8080-exec-2] o.s.w.s.m.m.a.HttpEntityMethodProcessor  : Writing [[SubcategoryResponse[id=3, name=Skincare, categoryId=2, categoryName=Beauty], SubcategoryResponse[id (truncated)...]
2026-07-31T00:27:17.643+01:00 DEBUG 27330 --- [TuniRate] [http-nio-8080-exec-2] o.s.web.servlet.DispatcherServlet        : Completed 200 OK
2026-07-31T00:31:17.443+01:00  INFO 27519 --- [TuniRate] [main] t.anasazx.tunirate.TuniRateApplication   : Starting TuniRateApplication using Java 21.0.8 with PID 27519 (/Users/anasaz/Dev/revision/TuniRate/target/classes started by anasaz in /Users/anasaz/Dev/revision/TuniRate)
2026-07-31T00:31:17.444+01:00 DEBUG 27519 --- [TuniRate] [main] t.anasazx.tunirate.TuniRateApplication   : Running with Spring Boot v4.0.6, Spring v7.0.7
2026-07-31T00:31:17.444+01:00  INFO 27519 --- [TuniRate] [main] t.anasazx.tunirate.TuniRateApplication   : No active profile set, falling back to 1 default profile: "default"
2026-07-31T00:31:18.262+01:00 DEBUG 27519 --- [TuniRate] [main] t.a.tunirate.security.JwtAuthFilter      : Filter 'jwtAuthFilter' configured for use
2026-07-31T00:31:21.067+01:00  WARN 27519 --- [TuniRate] [main] JpaBaseConfiguration$JpaWebConfiguration : spring.jpa.open-in-view is enabled by default. Therefore, database queries may be performed during view rendering. Explicitly configure spring.jpa.open-in-view to disable this warning
2026-07-31T00:31:21.152+01:00  WARN 27519 --- [TuniRate] [main] .s.a.UserDetailsServiceAutoConfiguration : 

Using generated security password: 6763474c-b359-4343-be10-2b9f516e9dcb

This generated password is for development use only. Your security configuration must be updated before running your application in production.

2026-07-31T00:31:21.334+01:00 DEBUG 27519 --- [TuniRate] [main] s.w.s.m.m.a.RequestMappingHandlerMapping : 93 mappings in 'requestMappingHandlerMapping'
2026-07-31T00:31:21.371+01:00 DEBUG 27519 --- [TuniRate] [main] o.s.w.s.handler.SimpleUrlHandlerMapping  : Patterns [/webjars/**, /**, /uploads/**] in 'resourceHandlerMapping'
2026-07-31T00:31:21.393+01:00 DEBUG 27519 --- [TuniRate] [main] s.w.s.m.m.a.RequestMappingHandlerAdapter : ControllerAdvice beans: 0 @ModelAttribute, 0 @InitBinder, 2 RequestBodyAdvice, 1 ResponseBodyAdvice
2026-07-31T00:31:21.430+01:00 DEBUG 27519 --- [TuniRate] [main] .m.m.a.ExceptionHandlerExceptionResolver : ControllerAdvice beans: 0 @ExceptionHandler, 1 ResponseBodyAdvice
2026-07-31T00:31:21.575+01:00  INFO 27519 --- [TuniRate] [main] t.anasazx.tunirate.TuniRateApplication   : Started TuniRateApplication in 4.349 seconds (process running for 4.661)
2026-07-31T00:31:23.754+01:00  INFO 27519 --- [TuniRate] [http-nio-8080-exec-4] o.s.web.servlet.DispatcherServlet        : Initializing Servlet 'dispatcherServlet'
2026-07-31T00:31:23.755+01:00 DEBUG 27519 --- [TuniRate] [http-nio-8080-exec-4] o.s.web.servlet.DispatcherServlet        : Detected StandardServletMultipartResolver
2026-07-31T00:31:23.755+01:00 DEBUG 27519 --- [TuniRate] [http-nio-8080-exec-4] o.s.web.servlet.DispatcherServlet        : Detected AcceptHeaderLocaleResolver
2026-07-31T00:31:23.760+01:00 DEBUG 27519 --- [TuniRate] [http-nio-8080-exec-4] o.s.web.servlet.DispatcherServlet        : Detected org.springframework.web.servlet.view.DefaultRequestToViewNameTranslator@22d7063e
2026-07-31T00:31:23.760+01:00 DEBUG 27519 --- [TuniRate] [http-nio-8080-exec-4] o.s.web.servlet.DispatcherServlet        : Detected org.springframework.web.servlet.support.SessionFlashMapManager@37cc103c
2026-07-31T00:31:23.761+01:00 DEBUG 27519 --- [TuniRate] [http-nio-8080-exec-4] o.s.web.servlet.DispatcherServlet        : enableLoggingRequestDetails='false': request parameters and headers will be masked to prevent unsafe logging of potentially sensitive data
2026-07-31T00:31:23.761+01:00  INFO 27519 --- [TuniRate] [http-nio-8080-exec-4] o.s.web.servlet.DispatcherServlet        : Completed initialization in 6 ms
2026-07-31T00:31:23.888+01:00 DEBUG 27519 --- [TuniRate] [http-nio-8080-exec-6] o.s.web.servlet.DispatcherServlet        : GET "/categories", parameters={}
2026-07-31T00:31:23.891+01:00 DEBUG 27519 --- [TuniRate] [http-nio-8080-exec-8] o.s.web.servlet.DispatcherServlet        : GET "/product/39/details", parameters={}
2026-07-31T00:31:23.894+01:00 DEBUG 27519 --- [TuniRate] [http-nio-8080-exec-10] o.s.web.servlet.DispatcherServlet        : GET "/reviews/product/39?page=0&size=10", parameters={masked}
2026-07-31T00:31:23.894+01:00 DEBUG 27519 --- [TuniRate] [http-nio-8080-exec-7] o.s.web.servlet.DispatcherServlet        : GET "/auth/me", parameters={}
2026-07-31T00:31:23.925+01:00 DEBUG 27519 --- [TuniRate] [http-nio-8080-exec-6] s.w.s.m.m.a.RequestMappingHandlerMapping : Mapped to tn.anasazx.tunirate.category.controller.CategoryController#getAll()
2026-07-31T00:31:23.929+01:00 DEBUG 27519 --- [TuniRate] [http-nio-8080-exec-7] s.w.s.m.m.a.RequestMappingHandlerMapping : Mapped to tn.anasazx.tunirate.authentication.controller.AuthController#authenticateUser()
2026-07-31T00:31:23.935+01:00 DEBUG 27519 --- [TuniRate] [http-nio-8080-exec-10] s.w.s.m.m.a.RequestMappingHandlerMapping : Mapped to tn.anasazx.tunirate.review.controller.ReviewController#getReviewsByProductId(Long, Pageable)
2026-07-31T00:31:23.934+01:00 DEBUG 27519 --- [TuniRate] [http-nio-8080-exec-8] s.w.s.m.m.a.RequestMappingHandlerMapping : Mapped to tn.anasazx.tunirate.product.controller.ProductController#getProductDetails(Long)
2026-07-31T00:31:24.093+01:00 DEBUG 27519 --- [TuniRate] [http-nio-8080-exec-6] o.s.w.s.m.m.a.HttpEntityMethodProcessor  : Using 'application/json', given [application/json, text/plain, */*] and supported [application/json, application/*+json]
2026-07-31T00:31:24.093+01:00 DEBUG 27519 --- [TuniRate] [http-nio-8080-exec-7] o.s.w.s.m.m.a.HttpEntityMethodProcessor  : Using 'application/json', given [application/json, text/plain, */*] and supported [application/json, application/*+json]
2026-07-31T00:31:24.094+01:00 DEBUG 27519 --- [TuniRate] [http-nio-8080-exec-6] o.s.w.s.m.m.a.HttpEntityMethodProcessor  : Writing [[CategoryResponse[id=2, name=Beauty]]]
2026-07-31T00:31:24.095+01:00 DEBUG 27519 --- [TuniRate] [http-nio-8080-exec-7] o.s.w.s.m.m.a.HttpEntityMethodProcessor  : Writing [MinimizedUserResponse[id=8, name=Anas Riadh Azizi, email=anasriad.azizi@gmail.com, emailVerified=tru (truncated)...]
2026-07-31T00:31:24.105+01:00 DEBUG 27519 --- [TuniRate] [http-nio-8080-exec-8] o.s.w.s.m.m.a.HttpEntityMethodProcessor  : Using 'application/json', given [application/json, text/plain, */*] and supported [application/json, application/*+json]
2026-07-31T00:31:24.110+01:00 DEBUG 27519 --- [TuniRate] [http-nio-8080-exec-8] o.s.w.s.m.m.a.HttpEntityMethodProcessor  : Writing [ProductDetailsResponse[id=39, name=Pochette beauté ciel, description=La trousse qui sublime votre ro (truncated)...]
2026-07-31T00:31:24.118+01:00 DEBUG 27519 --- [TuniRate] [http-nio-8080-exec-10] o.s.w.s.m.m.a.HttpEntityMethodProcessor  : Using 'application/json', given [application/json, text/plain, */*] and supported [application/json, application/*+json]
2026-07-31T00:31:24.119+01:00 DEBUG 27519 --- [TuniRate] [http-nio-8080-exec-10] o.s.w.s.m.m.a.HttpEntityMethodProcessor  : Writing [ProductReviewsResponse[myReview=ReviewResponse[id=4, rating=3, content=null, user=MinimizedUserRespo (truncated)...]
2026-07-31T00:31:24.127+01:00 DEBUG 27519 --- [TuniRate] [http-nio-8080-exec-6] o.s.web.servlet.DispatcherServlet        : Completed 200 OK
2026-07-31T00:31:24.127+01:00 DEBUG 27519 --- [TuniRate] [http-nio-8080-exec-7] o.s.web.servlet.DispatcherServlet        : Completed 200 OK
2026-07-31T00:31:24.128+01:00  WARN 27519 --- [TuniRate] [http-nio-8080-exec-10] ration$PageModule$WarningLoggingModifier : Serializing PageImpl instances as-is is not supported, meaning that there is no guarantee about the stability of the resulting JSON structure!
	For a stable JSON structure, please use Spring Data's PagedModel (globally via @EnableSpringDataWebSupport(pageSerializationMode = VIA_DTO))
	or Spring HATEOAS and Spring Data's PagedResourcesAssembler as documented in https://docs.spring.io/spring-data/commons/reference/repositories/core-extensions.html#core.web.pageables.

2026-07-31T00:31:24.128+01:00 DEBUG 27519 --- [TuniRate] [http-nio-8080-exec-8] o.s.web.servlet.DispatcherServlet        : Completed 200 OK
2026-07-31T00:31:24.136+01:00 DEBUG 27519 --- [TuniRate] [http-nio-8080-exec-10] o.s.web.servlet.DispatcherServlet        : Completed 200 OK
2026-07-31T00:31:24.137+01:00 DEBUG 27519 --- [TuniRate] [http-nio-8080-exec-9] o.s.web.servlet.DispatcherServlet        : GET "/categories", parameters={}
2026-07-31T00:31:24.138+01:00 DEBUG 27519 --- [TuniRate] [http-nio-8080-exec-9] s.w.s.m.m.a.RequestMappingHandlerMapping : Mapped to tn.anasazx.tunirate.category.controller.CategoryController#getAll()
2026-07-31T00:31:24.148+01:00 DEBUG 27519 --- [TuniRate] [http-nio-8080-exec-9] o.s.w.s.m.m.a.HttpEntityMethodProcessor  : Using 'application/json', given [application/json, text/plain, */*] and supported [application/json, application/*+json]
2026-07-31T00:31:24.148+01:00 DEBUG 27519 --- [TuniRate] [http-nio-8080-exec-9] o.s.w.s.m.m.a.HttpEntityMethodProcessor  : Writing [[CategoryResponse[id=2, name=Beauty]]]
2026-07-31T00:31:24.156+01:00 DEBUG 27519 --- [TuniRate] [http-nio-8080-exec-9] o.s.web.servlet.DispatcherServlet        : Completed 200 OK
2026-07-31T00:31:24.163+01:00 DEBUG 27519 --- [TuniRate] [http-nio-8080-exec-4] o.s.web.servlet.DispatcherServlet        : GET "/invitations/me", parameters={}
2026-07-31T00:31:24.163+01:00 DEBUG 27519 --- [TuniRate] [http-nio-8080-exec-4] s.w.s.m.m.a.RequestMappingHandlerMapping : Mapped to tn.anasazx.tunirate.invitation.controller.CompanyInvitationController#getMyInvitations()
2026-07-31T00:31:24.163+01:00 DEBUG 27519 --- [TuniRate] [http-nio-8080-exec-2] o.s.web.servlet.DispatcherServlet        : GET "/subcategories", parameters={}
2026-07-31T00:31:24.163+01:00 DEBUG 27519 --- [TuniRate] [http-nio-8080-exec-2] s.w.s.m.m.a.RequestMappingHandlerMapping : Mapped to tn.anasazx.tunirate.subcategory.controller.SubcategoryController#getAll()
2026-07-31T00:31:24.180+01:00 DEBUG 27519 --- [TuniRate] [http-nio-8080-exec-4] o.s.w.s.m.m.a.HttpEntityMethodProcessor  : Using 'application/json', given [application/json, text/plain, */*] and supported [application/json, application/*+json]
2026-07-31T00:31:24.181+01:00 DEBUG 27519 --- [TuniRate] [http-nio-8080-exec-4] o.s.w.s.m.m.a.HttpEntityMethodProcessor  : Writing [[]]
2026-07-31T00:31:24.182+01:00 DEBUG 27519 --- [TuniRate] [http-nio-8080-exec-4] o.s.web.servlet.DispatcherServlet        : Completed 200 OK
2026-07-31T00:31:24.194+01:00 DEBUG 27519 --- [TuniRate] [http-nio-8080-exec-2] o.s.w.s.m.m.a.HttpEntityMethodProcessor  : Using 'application/json', given [application/json, text/plain, */*] and supported [application/json, application/*+json]
2026-07-31T00:31:24.196+01:00 DEBUG 27519 --- [TuniRate] [http-nio-8080-exec-2] o.s.w.s.m.m.a.HttpEntityMethodProcessor  : Writing [[SubcategoryResponse[id=3, name=Skincare, categoryId=2, categoryName=Beauty], SubcategoryResponse[id (truncated)...]
2026-07-31T00:31:24.198+01:00 DEBUG 27519 --- [TuniRate] [http-nio-8080-exec-2] o.s.web.servlet.DispatcherServlet        : Completed 200 OK
2026-07-31T00:31:24.204+01:00 DEBUG 27519 --- [TuniRate] [http-nio-8080-exec-5] o.s.web.servlet.DispatcherServlet        : GET "/subcategories", parameters={}
2026-07-31T00:31:24.204+01:00 DEBUG 27519 --- [TuniRate] [http-nio-8080-exec-5] s.w.s.m.m.a.RequestMappingHandlerMapping : Mapped to tn.anasazx.tunirate.subcategory.controller.SubcategoryController#getAll()
2026-07-31T00:31:24.211+01:00 DEBUG 27519 --- [TuniRate] [http-nio-8080-exec-5] o.s.w.s.m.m.a.HttpEntityMethodProcessor  : Using 'application/json', given [application/json, text/plain, */*] and supported [application/json, application/*+json]
2026-07-31T00:31:24.211+01:00 DEBUG 27519 --- [TuniRate] [http-nio-8080-exec-5] o.s.w.s.m.m.a.HttpEntityMethodProcessor  : Writing [[SubcategoryResponse[id=3, name=Skincare, categoryId=2, categoryName=Beauty], SubcategoryResponse[id (truncated)...]
2026-07-31T00:31:24.212+01:00 DEBUG 27519 --- [TuniRate] [http-nio-8080-exec-5] o.s.web.servlet.DispatcherServlet        : Completed 200 OK
2026-07-31T03:00:00.154+01:00  INFO 27519 --- [TuniRate] [scheduling-1] t.a.t.r.job.ReviewLikeReconciliationJob  : Reconciled like counts for 0 reviews
2026-07-31T03:15:00.062+01:00  INFO 27519 --- [TuniRate] [scheduling-1] t.a.t.c.j.CommentLikeReconciliationJob   : Reconciled like counts for 0 comments
2026-07-31T03:30:00.048+01:00  INFO 27519 --- [TuniRate] [scheduling-1] .p.j.ProductReviewStatsReconciliationJob : Reconciled review stats for 0 products
2026-07-31T11:01:56.281+01:00 DEBUG 27519 --- [TuniRate] [http-nio-8080-exec-9] o.s.web.servlet.DispatcherServlet        : GET "/product/39/details", parameters={}
2026-07-31T11:01:56.280+01:00 DEBUG 27519 --- [TuniRate] [http-nio-8080-exec-4] o.s.web.servlet.DispatcherServlet        : GET "/auth/me", parameters={}
2026-07-31T11:01:56.283+01:00 DEBUG 27519 --- [TuniRate] [http-nio-8080-exec-2] o.s.web.servlet.DispatcherServlet        : GET "/categories", parameters={}
2026-07-31T11:01:56.291+01:00 DEBUG 27519 --- [TuniRate] [http-nio-8080-exec-2] s.w.s.m.m.a.RequestMappingHandlerMapping : Mapped to tn.anasazx.tunirate.category.controller.CategoryController#getAll()
2026-07-31T11:01:56.291+01:00 DEBUG 27519 --- [TuniRate] [http-nio-8080-exec-4] s.w.s.m.m.a.RequestMappingHandlerMapping : Mapped to tn.anasazx.tunirate.authentication.controller.AuthController#authenticateUser()
2026-07-31T11:01:56.294+01:00 DEBUG 27519 --- [TuniRate] [http-nio-8080-exec-9] s.w.s.m.m.a.RequestMappingHandlerMapping : Mapped to tn.anasazx.tunirate.product.controller.ProductController#getProductDetails(Long)
2026-07-31T11:01:56.349+01:00 DEBUG 27519 --- [TuniRate] [http-nio-8080-exec-4] o.s.w.s.m.m.a.HttpEntityMethodProcessor  : Using 'application/json', given [application/json, text/plain, */*] and supported [application/json, application/*+json]
2026-07-31T11:01:56.351+01:00 DEBUG 27519 --- [TuniRate] [http-nio-8080-exec-4] o.s.w.s.m.m.a.HttpEntityMethodProcessor  : Writing [MinimizedUserResponse[id=8, name=Anas Riadh Azizi, email=anasriad.azizi@gmail.com, emailVerified=tru (truncated)...]
2026-07-31T11:01:56.352+01:00 DEBUG 27519 --- [TuniRate] [http-nio-8080-exec-2] o.s.w.s.m.m.a.HttpEntityMethodProcessor  : Using 'application/json', given [application/json, text/plain, */*] and supported [application/json, application/*+json]
2026-07-31T11:01:56.352+01:00 DEBUG 27519 --- [TuniRate] [http-nio-8080-exec-2] o.s.w.s.m.m.a.HttpEntityMethodProcessor  : Writing [[CategoryResponse[id=2, name=Beauty]]]
2026-07-31T11:01:56.355+01:00 DEBUG 27519 --- [TuniRate] [http-nio-8080-exec-4] o.s.web.servlet.DispatcherServlet        : Completed 200 OK
2026-07-31T11:01:56.356+01:00 DEBUG 27519 --- [TuniRate] [http-nio-8080-exec-2] o.s.web.servlet.DispatcherServlet        : Completed 200 OK
2026-07-31T11:01:56.388+01:00 DEBUG 27519 --- [TuniRate] [http-nio-8080-exec-6] o.s.web.servlet.DispatcherServlet        : GET "/categories", parameters={}
2026-07-31T11:01:56.388+01:00 DEBUG 27519 --- [TuniRate] [http-nio-8080-exec-6] s.w.s.m.m.a.RequestMappingHandlerMapping : Mapped to tn.anasazx.tunirate.category.controller.CategoryController#getAll()
2026-07-31T11:01:56.390+01:00 DEBUG 27519 --- [TuniRate] [http-nio-8080-exec-10] o.s.web.servlet.DispatcherServlet        : GET "/invitations/me", parameters={}
2026-07-31T11:01:56.390+01:00 DEBUG 27519 --- [TuniRate] [http-nio-8080-exec-10] s.w.s.m.m.a.RequestMappingHandlerMapping : Mapped to tn.anasazx.tunirate.invitation.controller.CompanyInvitationController#getMyInvitations()
2026-07-31T11:01:56.391+01:00 DEBUG 27519 --- [TuniRate] [http-nio-8080-exec-8] o.s.web.servlet.DispatcherServlet        : GET "/subcategories", parameters={}
2026-07-31T11:01:56.391+01:00 DEBUG 27519 --- [TuniRate] [http-nio-8080-exec-8] s.w.s.m.m.a.RequestMappingHandlerMapping : Mapped to tn.anasazx.tunirate.subcategory.controller.SubcategoryController#getAll()
2026-07-31T11:01:56.391+01:00 DEBUG 27519 --- [TuniRate] [http-nio-8080-exec-6] o.s.w.s.m.m.a.HttpEntityMethodProcessor  : Using 'application/json', given [application/json, text/plain, */*] and supported [application/json, application/*+json]
2026-07-31T11:01:56.391+01:00 DEBUG 27519 --- [TuniRate] [http-nio-8080-exec-6] o.s.w.s.m.m.a.HttpEntityMethodProcessor  : Writing [[CategoryResponse[id=2, name=Beauty]]]
2026-07-31T11:01:56.391+01:00 DEBUG 27519 --- [TuniRate] [http-nio-8080-exec-9] o.s.w.s.m.m.a.HttpEntityMethodProcessor  : Using 'application/json', given [application/json, text/plain, */*] and supported [application/json, application/*+json]
2026-07-31T11:01:56.392+01:00 DEBUG 27519 --- [TuniRate] [http-nio-8080-exec-9] o.s.w.s.m.m.a.HttpEntityMethodProcessor  : Writing [ProductDetailsResponse[id=39, name=Pochette beauté ciel, description=La trousse qui sublime votre ro (truncated)...]
2026-07-31T11:01:56.393+01:00 DEBUG 27519 --- [TuniRate] [http-nio-8080-exec-6] o.s.web.servlet.DispatcherServlet        : Completed 200 OK
2026-07-31T11:01:56.401+01:00 DEBUG 27519 --- [TuniRate] [http-nio-8080-exec-9] o.s.web.servlet.DispatcherServlet        : Completed 200 OK
2026-07-31T11:01:56.433+01:00 DEBUG 27519 --- [TuniRate] [http-nio-8080-exec-10] o.s.w.s.m.m.a.HttpEntityMethodProcessor  : Using 'application/json', given [application/json, text/plain, */*] and supported [application/json, application/*+json]
2026-07-31T11:01:56.437+01:00 DEBUG 27519 --- [TuniRate] [http-nio-8080-exec-3] o.s.web.servlet.DispatcherServlet        : GET "/reviews/product/39?page=0&size=10", parameters={masked}
2026-07-31T11:01:56.438+01:00 DEBUG 27519 --- [TuniRate] [http-nio-8080-exec-3] s.w.s.m.m.a.RequestMappingHandlerMapping : Mapped to tn.anasazx.tunirate.review.controller.ReviewController#getReviewsByProductId(Long, Pageable)
2026-07-31T11:01:56.437+01:00 DEBUG 27519 --- [TuniRate] [http-nio-8080-exec-10] o.s.w.s.m.m.a.HttpEntityMethodProcessor  : Writing [[]]
2026-07-31T11:01:56.439+01:00 DEBUG 27519 --- [TuniRate] [http-nio-8080-exec-10] o.s.web.servlet.DispatcherServlet        : Completed 200 OK
2026-07-31T11:01:56.472+01:00 DEBUG 27519 --- [TuniRate] [http-nio-8080-exec-8] o.s.w.s.m.m.a.HttpEntityMethodProcessor  : Using 'application/json', given [application/json, text/plain, */*] and supported [application/json, application/*+json]
2026-07-31T11:01:56.472+01:00 DEBUG 27519 --- [TuniRate] [http-nio-8080-exec-8] o.s.w.s.m.m.a.HttpEntityMethodProcessor  : Writing [[SubcategoryResponse[id=3, name=Skincare, categoryId=2, categoryName=Beauty], SubcategoryResponse[id (truncated)...]
2026-07-31T11:01:56.473+01:00 DEBUG 27519 --- [TuniRate] [http-nio-8080-exec-8] o.s.web.servlet.DispatcherServlet        : Completed 200 OK
2026-07-31T11:01:56.537+01:00 DEBUG 27519 --- [TuniRate] [http-nio-8080-exec-5] o.s.web.servlet.DispatcherServlet        : GET "/subcategories", parameters={}
2026-07-31T11:01:56.540+01:00 DEBUG 27519 --- [TuniRate] [http-nio-8080-exec-5] s.w.s.m.m.a.RequestMappingHandlerMapping : Mapped to tn.anasazx.tunirate.subcategory.controller.SubcategoryController#getAll()
2026-07-31T11:01:56.566+01:00 DEBUG 27519 --- [TuniRate] [http-nio-8080-exec-5] o.s.w.s.m.m.a.HttpEntityMethodProcessor  : Using 'application/json', given [application/json, text/plain, */*] and supported [application/json, application/*+json]
2026-07-31T11:01:56.567+01:00 DEBUG 27519 --- [TuniRate] [http-nio-8080-exec-5] o.s.w.s.m.m.a.HttpEntityMethodProcessor  : Writing [[SubcategoryResponse[id=3, name=Skincare, categoryId=2, categoryName=Beauty], SubcategoryResponse[id (truncated)...]
2026-07-31T11:01:56.569+01:00 DEBUG 27519 --- [TuniRate] [http-nio-8080-exec-5] o.s.web.servlet.DispatcherServlet        : Completed 200 OK
2026-07-31T11:01:56.586+01:00 DEBUG 27519 --- [TuniRate] [http-nio-8080-exec-3] o.s.w.s.m.m.a.HttpEntityMethodProcessor  : Using 'application/json', given [application/json, text/plain, */*] and supported [application/json, application/*+json]
2026-07-31T11:01:56.587+01:00 DEBUG 27519 --- [TuniRate] [http-nio-8080-exec-3] o.s.w.s.m.m.a.HttpEntityMethodProcessor  : Writing [ProductReviewsResponse[myReview=ReviewResponse[id=4, rating=3, content=null, user=MinimizedUserRespo (truncated)...]
2026-07-31T11:01:56.589+01:00 DEBUG 27519 --- [TuniRate] [http-nio-8080-exec-3] o.s.web.servlet.DispatcherServlet        : Completed 200 OK
2026-07-31T11:04:19.034+01:00 DEBUG 27519 --- [TuniRate] [http-nio-8080-exec-5] o.s.web.servlet.DispatcherServlet        : GET "/product/39/details", parameters={}
2026-07-31T11:04:19.034+01:00 DEBUG 27519 --- [TuniRate] [http-nio-8080-exec-3] o.s.web.servlet.DispatcherServlet        : GET "/categories", parameters={}
2026-07-31T11:04:19.035+01:00 DEBUG 27519 --- [TuniRate] [http-nio-8080-exec-4] o.s.web.servlet.DispatcherServlet        : GET "/auth/me", parameters={}
2026-07-31T11:04:19.038+01:00 DEBUG 27519 --- [TuniRate] [http-nio-8080-exec-3] s.w.s.m.m.a.RequestMappingHandlerMapping : Mapped to tn.anasazx.tunirate.category.controller.CategoryController#getAll()
2026-07-31T11:04:19.038+01:00 DEBUG 27519 --- [TuniRate] [http-nio-8080-exec-4] s.w.s.m.m.a.RequestMappingHandlerMapping : Mapped to tn.anasazx.tunirate.authentication.controller.AuthController#authenticateUser()
2026-07-31T11:04:19.038+01:00 DEBUG 27519 --- [TuniRate] [http-nio-8080-exec-5] s.w.s.m.m.a.RequestMappingHandlerMapping : Mapped to tn.anasazx.tunirate.product.controller.ProductController#getProductDetails(Long)
2026-07-31T11:04:19.061+01:00 DEBUG 27519 --- [TuniRate] [http-nio-8080-exec-4] o.s.w.s.m.m.a.HttpEntityMethodProcessor  : Using 'application/json', given [application/json, text/plain, */*] and supported [application/json, application/*+json]
2026-07-31T11:04:19.061+01:00 DEBUG 27519 --- [TuniRate] [http-nio-8080-exec-3] o.s.w.s.m.m.a.HttpEntityMethodProcessor  : Using 'application/json', given [application/json, text/plain, */*] and supported [application/json, application/*+json]
2026-07-31T11:04:19.061+01:00 DEBUG 27519 --- [TuniRate] [http-nio-8080-exec-3] o.s.w.s.m.m.a.HttpEntityMethodProcessor  : Writing [[CategoryResponse[id=2, name=Beauty]]]
2026-07-31T11:04:19.062+01:00 DEBUG 27519 --- [TuniRate] [http-nio-8080-exec-4] o.s.w.s.m.m.a.HttpEntityMethodProcessor  : Writing [MinimizedUserResponse[id=8, name=Anas Riadh Azizi, email=anasriad.azizi@gmail.com, emailVerified=tru (truncated)...]
2026-07-31T11:04:19.065+01:00 DEBUG 27519 --- [TuniRate] [http-nio-8080-exec-4] o.s.web.servlet.DispatcherServlet        : Completed 200 OK
2026-07-31T11:04:19.065+01:00 DEBUG 27519 --- [TuniRate] [http-nio-8080-exec-3] o.s.web.servlet.DispatcherServlet        : Completed 200 OK
2026-07-31T11:04:19.084+01:00 DEBUG 27519 --- [TuniRate] [http-nio-8080-exec-9] o.s.web.servlet.DispatcherServlet        : GET "/invitations/me", parameters={}
2026-07-31T11:04:19.084+01:00 DEBUG 27519 --- [TuniRate] [http-nio-8080-exec-9] s.w.s.m.m.a.RequestMappingHandlerMapping : Mapped to tn.anasazx.tunirate.invitation.controller.CompanyInvitationController#getMyInvitations()
2026-07-31T11:04:19.086+01:00 DEBUG 27519 --- [TuniRate] [http-nio-8080-exec-7] o.s.web.servlet.DispatcherServlet        : GET "/categories", parameters={}
2026-07-31T11:04:19.086+01:00 DEBUG 27519 --- [TuniRate] [http-nio-8080-exec-7] s.w.s.m.m.a.RequestMappingHandlerMapping : Mapped to tn.anasazx.tunirate.category.controller.CategoryController#getAll()
2026-07-31T11:04:19.097+01:00 DEBUG 27519 --- [TuniRate] [http-nio-8080-exec-7] o.s.w.s.m.m.a.HttpEntityMethodProcessor  : Using 'application/json', given [application/json, text/plain, */*] and supported [application/json, application/*+json]
2026-07-31T11:04:19.097+01:00 DEBUG 27519 --- [TuniRate] [http-nio-8080-exec-7] o.s.w.s.m.m.a.HttpEntityMethodProcessor  : Writing [[CategoryResponse[id=2, name=Beauty]]]
2026-07-31T11:04:19.098+01:00 DEBUG 27519 --- [TuniRate] [http-nio-8080-exec-7] o.s.web.servlet.DispatcherServlet        : Completed 200 OK
2026-07-31T11:04:19.098+01:00 DEBUG 27519 --- [TuniRate] [http-nio-8080-exec-6] o.s.web.servlet.DispatcherServlet        : GET "/subcategories", parameters={}
2026-07-31T11:04:19.098+01:00 DEBUG 27519 --- [TuniRate] [http-nio-8080-exec-6] s.w.s.m.m.a.RequestMappingHandlerMapping : Mapped to tn.anasazx.tunirate.subcategory.controller.SubcategoryController#getAll()
2026-07-31T11:04:19.103+01:00 DEBUG 27519 --- [TuniRate] [http-nio-8080-exec-5] o.s.w.s.m.m.a.HttpEntityMethodProcessor  : Using 'application/json', given [application/json, text/plain, */*] and supported [application/json, application/*+json]
2026-07-31T11:04:19.105+01:00 DEBUG 27519 --- [TuniRate] [http-nio-8080-exec-5] o.s.w.s.m.m.a.HttpEntityMethodProcessor  : Writing [ProductDetailsResponse[id=39, name=Pochette beauté ciel, description=La trousse qui sublime votre ro (truncated)...]
2026-07-31T11:04:19.109+01:00 DEBUG 27519 --- [TuniRate] [http-nio-8080-exec-5] o.s.web.servlet.DispatcherServlet        : Completed 200 OK
2026-07-31T11:04:19.123+01:00 DEBUG 27519 --- [TuniRate] [http-nio-8080-exec-9] o.s.w.s.m.m.a.HttpEntityMethodProcessor  : Using 'application/json', given [application/json, text/plain, */*] and supported [application/json, application/*+json]
2026-07-31T11:04:19.124+01:00 DEBUG 27519 --- [TuniRate] [http-nio-8080-exec-9] o.s.w.s.m.m.a.HttpEntityMethodProcessor  : Writing [[]]
2026-07-31T11:04:19.125+01:00 DEBUG 27519 --- [TuniRate] [http-nio-8080-exec-9] o.s.web.servlet.DispatcherServlet        : Completed 200 OK
2026-07-31T11:04:19.127+01:00 DEBUG 27519 --- [TuniRate] [http-nio-8080-exec-10] o.s.web.servlet.DispatcherServlet        : GET "/reviews/product/39?page=0&size=10", parameters={masked}
2026-07-31T11:04:19.128+01:00 DEBUG 27519 --- [TuniRate] [http-nio-8080-exec-10] s.w.s.m.m.a.RequestMappingHandlerMapping : Mapped to tn.anasazx.tunirate.review.controller.ReviewController#getReviewsByProductId(Long, Pageable)
2026-07-31T11:04:19.128+01:00 DEBUG 27519 --- [TuniRate] [http-nio-8080-exec-6] o.s.w.s.m.m.a.HttpEntityMethodProcessor  : Using 'application/json', given [application/json, text/plain, */*] and supported [application/json, application/*+json]
2026-07-31T11:04:19.129+01:00 DEBUG 27519 --- [TuniRate] [http-nio-8080-exec-6] o.s.w.s.m.m.a.HttpEntityMethodProcessor  : Writing [[SubcategoryResponse[id=3, name=Skincare, categoryId=2, categoryName=Beauty], SubcategoryResponse[id (truncated)...]
2026-07-31T11:04:19.130+01:00 DEBUG 27519 --- [TuniRate] [http-nio-8080-exec-6] o.s.web.servlet.DispatcherServlet        : Completed 200 OK
2026-07-31T11:04:19.144+01:00 DEBUG 27519 --- [TuniRate] [http-nio-8080-exec-3] o.s.web.servlet.DispatcherServlet        : GET "/subcategories", parameters={}
2026-07-31T11:04:19.144+01:00 DEBUG 27519 --- [TuniRate] [http-nio-8080-exec-3] s.w.s.m.m.a.RequestMappingHandlerMapping : Mapped to tn.anasazx.tunirate.subcategory.controller.SubcategoryController#getAll()
2026-07-31T11:04:19.147+01:00 DEBUG 27519 --- [TuniRate] [http-nio-8080-exec-3] o.s.w.s.m.m.a.HttpEntityMethodProcessor  : Using 'application/json', given [application/json, text/plain, */*] and supported [application/json, application/*+json]
2026-07-31T11:04:19.147+01:00 DEBUG 27519 --- [TuniRate] [http-nio-8080-exec-3] o.s.w.s.m.m.a.HttpEntityMethodProcessor  : Writing [[SubcategoryResponse[id=3, name=Skincare, categoryId=2, categoryName=Beauty], SubcategoryResponse[id (truncated)...]
2026-07-31T11:04:19.148+01:00 DEBUG 27519 --- [TuniRate] [http-nio-8080-exec-3] o.s.web.servlet.DispatcherServlet        : Completed 200 OK
2026-07-31T11:04:19.165+01:00 DEBUG 27519 --- [TuniRate] [http-nio-8080-exec-10] o.s.w.s.m.m.a.HttpEntityMethodProcessor  : Using 'application/json', given [application/json, text/plain, */*] and supported [application/json, application/*+json]
2026-07-31T11:04:19.165+01:00 DEBUG 27519 --- [TuniRate] [http-nio-8080-exec-10] o.s.w.s.m.m.a.HttpEntityMethodProcessor  : Writing [ProductReviewsResponse[myReview=ReviewResponse[id=4, rating=3, content=null, user=MinimizedUserRespo (truncated)...]
2026-07-31T11:04:19.172+01:00 DEBUG 27519 --- [TuniRate] [http-nio-8080-exec-10] o.s.web.servlet.DispatcherServlet        : Completed 200 OK
2026-07-31T11:10:39.933+01:00 DEBUG 27519 --- [TuniRate] [http-nio-8080-exec-6] o.s.web.servlet.DispatcherServlet        : GET "/product/39/details", parameters={}
2026-07-31T11:10:39.933+01:00 DEBUG 27519 --- [TuniRate] [http-nio-8080-exec-4] o.s.web.servlet.DispatcherServlet        : GET "/categories", parameters={}
2026-07-31T11:10:39.934+01:00 DEBUG 27519 --- [TuniRate] [http-nio-8080-exec-9] o.s.web.servlet.DispatcherServlet        : GET "/auth/me", parameters={}
2026-07-31T11:10:39.935+01:00 DEBUG 27519 --- [TuniRate] [http-nio-8080-exec-4] s.w.s.m.m.a.RequestMappingHandlerMapping : Mapped to tn.anasazx.tunirate.category.controller.CategoryController#getAll()
2026-07-31T11:10:39.935+01:00 DEBUG 27519 --- [TuniRate] [http-nio-8080-exec-9] s.w.s.m.m.a.RequestMappingHandlerMapping : Mapped to tn.anasazx.tunirate.authentication.controller.AuthController#authenticateUser()
2026-07-31T11:10:39.938+01:00 DEBUG 27519 --- [TuniRate] [http-nio-8080-exec-6] s.w.s.m.m.a.RequestMappingHandlerMapping : Mapped to tn.anasazx.tunirate.product.controller.ProductController#getProductDetails(Long)
2026-07-31T11:10:39.964+01:00 DEBUG 27519 --- [TuniRate] [http-nio-8080-exec-9] o.s.w.s.m.m.a.HttpEntityMethodProcessor  : Using 'application/json', given [application/json, text/plain, */*] and supported [application/json, application/*+json]
2026-07-31T11:10:39.965+01:00 DEBUG 27519 --- [TuniRate] [http-nio-8080-exec-4] o.s.w.s.m.m.a.HttpEntityMethodProcessor  : Using 'application/json', given [application/json, text/plain, */*] and supported [application/json, application/*+json]
2026-07-31T11:10:39.965+01:00 DEBUG 27519 --- [TuniRate] [http-nio-8080-exec-9] o.s.w.s.m.m.a.HttpEntityMethodProcessor  : Writing [MinimizedUserResponse[id=8, name=Anas Riadh Azizi, email=anasriad.azizi@gmail.com, emailVerified=tru (truncated)...]
2026-07-31T11:10:39.965+01:00 DEBUG 27519 --- [TuniRate] [http-nio-8080-exec-4] o.s.w.s.m.m.a.HttpEntityMethodProcessor  : Writing [[CategoryResponse[id=2, name=Beauty]]]
2026-07-31T11:10:39.969+01:00 DEBUG 27519 --- [TuniRate] [http-nio-8080-exec-9] o.s.web.servlet.DispatcherServlet        : Completed 200 OK
2026-07-31T11:10:39.970+01:00 DEBUG 27519 --- [TuniRate] [http-nio-8080-exec-4] o.s.web.servlet.DispatcherServlet        : Completed 200 OK
2026-07-31T11:10:39.973+01:00 DEBUG 27519 --- [TuniRate] [http-nio-8080-exec-2] o.s.web.servlet.DispatcherServlet        : GET "/categories", parameters={}
2026-07-31T11:10:39.974+01:00 DEBUG 27519 --- [TuniRate] [http-nio-8080-exec-2] s.w.s.m.m.a.RequestMappingHandlerMapping : Mapped to tn.anasazx.tunirate.category.controller.CategoryController#getAll()
2026-07-31T11:10:39.983+01:00 DEBUG 27519 --- [TuniRate] [http-nio-8080-exec-2] o.s.w.s.m.m.a.HttpEntityMethodProcessor  : Using 'application/json', given [application/json, text/plain, */*] and supported [application/json, application/*+json]
2026-07-31T11:10:39.984+01:00 DEBUG 27519 --- [TuniRate] [http-nio-8080-exec-2] o.s.w.s.m.m.a.HttpEntityMethodProcessor  : Writing [[CategoryResponse[id=2, name=Beauty]]]
2026-07-31T11:10:39.987+01:00 DEBUG 27519 --- [TuniRate] [http-nio-8080-exec-2] o.s.web.servlet.DispatcherServlet        : Completed 200 OK
2026-07-31T11:10:39.991+01:00 DEBUG 27519 --- [TuniRate] [http-nio-8080-exec-6] o.s.w.s.m.m.a.HttpEntityMethodProcessor  : Using 'application/json', given [application/json, text/plain, */*] and supported [application/json, application/*+json]
2026-07-31T11:10:39.992+01:00 DEBUG 27519 --- [TuniRate] [http-nio-8080-exec-8] o.s.web.servlet.DispatcherServlet        : GET "/invitations/me", parameters={}
2026-07-31T11:10:39.992+01:00 DEBUG 27519 --- [TuniRate] [http-nio-8080-exec-8] s.w.s.m.m.a.RequestMappingHandlerMapping : Mapped to tn.anasazx.tunirate.invitation.controller.CompanyInvitationController#getMyInvitations()
2026-07-31T11:10:39.995+01:00 DEBUG 27519 --- [TuniRate] [http-nio-8080-exec-6] o.s.w.s.m.m.a.HttpEntityMethodProcessor  : Writing [ProductDetailsResponse[id=39, name=Pochette beauté ciel, description=La trousse qui sublime votre ro (truncated)...]
2026-07-31T11:10:39.996+01:00 DEBUG 27519 --- [TuniRate] [http-nio-8080-exec-5] o.s.web.servlet.DispatcherServlet        : GET "/subcategories", parameters={}
2026-07-31T11:10:39.996+01:00 DEBUG 27519 --- [TuniRate] [http-nio-8080-exec-5] s.w.s.m.m.a.RequestMappingHandlerMapping : Mapped to tn.anasazx.tunirate.subcategory.controller.SubcategoryController#getAll()
2026-07-31T11:10:39.997+01:00 DEBUG 27519 --- [TuniRate] [http-nio-8080-exec-6] o.s.web.servlet.DispatcherServlet        : Completed 200 OK
2026-07-31T11:10:40.010+01:00 DEBUG 27519 --- [TuniRate] [http-nio-8080-exec-8] o.s.w.s.m.m.a.HttpEntityMethodProcessor  : Using 'application/json', given [application/json, text/plain, */*] and supported [application/json, application/*+json]
2026-07-31T11:10:40.011+01:00 DEBUG 27519 --- [TuniRate] [http-nio-8080-exec-8] o.s.w.s.m.m.a.HttpEntityMethodProcessor  : Writing [[]]
2026-07-31T11:10:40.011+01:00 DEBUG 27519 --- [TuniRate] [http-nio-8080-exec-8] o.s.web.servlet.DispatcherServlet        : Completed 200 OK
2026-07-31T11:10:40.013+01:00 DEBUG 27519 --- [TuniRate] [http-nio-8080-exec-10] o.s.web.servlet.DispatcherServlet        : GET "/reviews/product/39?page=0&size=10", parameters={masked}
2026-07-31T11:10:40.014+01:00 DEBUG 27519 --- [TuniRate] [http-nio-8080-exec-5] o.s.w.s.m.m.a.HttpEntityMethodProcessor  : Using 'application/json', given [application/json, text/plain, */*] and supported [application/json, application/*+json]
2026-07-31T11:10:40.014+01:00 DEBUG 27519 --- [TuniRate] [http-nio-8080-exec-5] o.s.w.s.m.m.a.HttpEntityMethodProcessor  : Writing [[SubcategoryResponse[id=3, name=Skincare, categoryId=2, categoryName=Beauty], SubcategoryResponse[id (truncated)...]
2026-07-31T11:10:40.014+01:00 DEBUG 27519 --- [TuniRate] [http-nio-8080-exec-10] s.w.s.m.m.a.RequestMappingHandlerMapping : Mapped to tn.anasazx.tunirate.review.controller.ReviewController#getReviewsByProductId(Long, Pageable)
2026-07-31T11:10:40.015+01:00 DEBUG 27519 --- [TuniRate] [http-nio-8080-exec-5] o.s.web.servlet.DispatcherServlet        : Completed 200 OK
2026-07-31T11:10:40.022+01:00 DEBUG 27519 --- [TuniRate] [http-nio-8080-exec-9] o.s.web.servlet.DispatcherServlet        : GET "/subcategories", parameters={}
2026-07-31T11:10:40.022+01:00 DEBUG 27519 --- [TuniRate] [http-nio-8080-exec-9] s.w.s.m.m.a.RequestMappingHandlerMapping : Mapped to tn.anasazx.tunirate.subcategory.controller.SubcategoryController#getAll()
2026-07-31T11:10:40.028+01:00 DEBUG 27519 --- [TuniRate] [http-nio-8080-exec-9] o.s.w.s.m.m.a.HttpEntityMethodProcessor  : Using 'application/json', given [application/json, text/plain, */*] and supported [application/json, application/*+json]
2026-07-31T11:10:40.028+01:00 DEBUG 27519 --- [TuniRate] [http-nio-8080-exec-9] o.s.w.s.m.m.a.HttpEntityMethodProcessor  : Writing [[SubcategoryResponse[id=3, name=Skincare, categoryId=2, categoryName=Beauty], SubcategoryResponse[id (truncated)...]
2026-07-31T11:10:40.028+01:00 DEBUG 27519 --- [TuniRate] [http-nio-8080-exec-9] o.s.web.servlet.DispatcherServlet        : Completed 200 OK
2026-07-31T11:10:40.055+01:00 DEBUG 27519 --- [TuniRate] [http-nio-8080-exec-10] o.s.w.s.m.m.a.HttpEntityMethodProcessor  : Using 'application/json', given [application/json, text/plain, */*] and supported [application/json, application/*+json]
2026-07-31T11:10:40.056+01:00 DEBUG 27519 --- [TuniRate] [http-nio-8080-exec-10] o.s.w.s.m.m.a.HttpEntityMethodProcessor  : Writing [ProductReviewsResponse[myReview=ReviewResponse[id=4, rating=3, content=null, user=MinimizedUserRespo (truncated)...]
2026-07-31T11:10:40.060+01:00 DEBUG 27519 --- [TuniRate] [http-nio-8080-exec-10] o.s.web.servlet.DispatcherServlet        : Completed 200 OK
2026-07-31T11:48:13.634+01:00 DEBUG 27519 --- [TuniRate] [http-nio-8080-exec-7] o.s.web.servlet.DispatcherServlet        : GET "/product/39/details", parameters={}
2026-07-31T11:48:13.634+01:00 DEBUG 27519 --- [TuniRate] [http-nio-8080-exec-4] o.s.web.servlet.DispatcherServlet        : GET "/reviews/product/39?page=0&size=10", parameters={masked}
2026-07-31T11:48:13.634+01:00 DEBUG 27519 --- [TuniRate] [http-nio-8080-exec-10] o.s.web.servlet.DispatcherServlet        : GET "/auth/me", parameters={}
2026-07-31T11:48:13.634+01:00 DEBUG 27519 --- [TuniRate] [http-nio-8080-exec-9] o.s.web.servlet.DispatcherServlet        : GET "/categories", parameters={}
2026-07-31T11:48:13.638+01:00 DEBUG 27519 --- [TuniRate] [http-nio-8080-exec-9] s.w.s.m.m.a.RequestMappingHandlerMapping : Mapped to tn.anasazx.tunirate.category.controller.CategoryController#getAll()
2026-07-31T11:48:13.638+01:00 DEBUG 27519 --- [TuniRate] [http-nio-8080-exec-10] s.w.s.m.m.a.RequestMappingHandlerMapping : Mapped to tn.anasazx.tunirate.authentication.controller.AuthController#authenticateUser()
2026-07-31T11:48:13.639+01:00 DEBUG 27519 --- [TuniRate] [http-nio-8080-exec-7] s.w.s.m.m.a.RequestMappingHandlerMapping : Mapped to tn.anasazx.tunirate.product.controller.ProductController#getProductDetails(Long)
2026-07-31T11:48:13.640+01:00 DEBUG 27519 --- [TuniRate] [http-nio-8080-exec-4] s.w.s.m.m.a.RequestMappingHandlerMapping : Mapped to tn.anasazx.tunirate.review.controller.ReviewController#getReviewsByProductId(Long, Pageable)
2026-07-31T11:48:13.749+01:00 DEBUG 27519 --- [TuniRate] [http-nio-8080-exec-10] o.s.w.s.m.m.a.HttpEntityMethodProcessor  : Using 'application/json', given [application/json, text/plain, */*] and supported [application/json, application/*+json]
2026-07-31T11:48:13.750+01:00 DEBUG 27519 --- [TuniRate] [http-nio-8080-exec-9] o.s.w.s.m.m.a.HttpEntityMethodProcessor  : Using 'application/json', given [application/json, text/plain, */*] and supported [application/json, application/*+json]
2026-07-31T11:48:13.750+01:00 DEBUG 27519 --- [TuniRate] [http-nio-8080-exec-10] o.s.w.s.m.m.a.HttpEntityMethodProcessor  : Writing [MinimizedUserResponse[id=8, name=Anas Riadh Azizi, email=anasriad.azizi@gmail.com, emailVerified=tru (truncated)...]
2026-07-31T11:48:13.750+01:00 DEBUG 27519 --- [TuniRate] [http-nio-8080-exec-9] o.s.w.s.m.m.a.HttpEntityMethodProcessor  : Writing [[CategoryResponse[id=2, name=Beauty]]]
2026-07-31T11:48:13.761+01:00 DEBUG 27519 --- [TuniRate] [http-nio-8080-exec-7] o.s.w.s.m.m.a.HttpEntityMethodProcessor  : Using 'application/json', given [application/json, text/plain, */*] and supported [application/json, application/*+json]
2026-07-31T11:48:13.762+01:00 DEBUG 27519 --- [TuniRate] [http-nio-8080-exec-10] o.s.web.servlet.DispatcherServlet        : Completed 200 OK
2026-07-31T11:48:13.763+01:00 DEBUG 27519 --- [TuniRate] [http-nio-8080-exec-7] o.s.w.s.m.m.a.HttpEntityMethodProcessor  : Writing [ProductDetailsResponse[id=39, name=Pochette beauté ciel, description=La trousse qui sublime votre ro (truncated)...]
2026-07-31T11:48:13.763+01:00 DEBUG 27519 --- [TuniRate] [http-nio-8080-exec-9] o.s.web.servlet.DispatcherServlet        : Completed 200 OK
2026-07-31T11:48:13.769+01:00 DEBUG 27519 --- [TuniRate] [http-nio-8080-exec-2] o.s.web.servlet.DispatcherServlet        : GET "/categories", parameters={}
2026-07-31T11:48:13.769+01:00 DEBUG 27519 --- [TuniRate] [http-nio-8080-exec-2] s.w.s.m.m.a.RequestMappingHandlerMapping : Mapped to tn.anasazx.tunirate.category.controller.CategoryController#getAll()
2026-07-31T11:48:13.776+01:00 DEBUG 27519 --- [TuniRate] [http-nio-8080-exec-7] o.s.web.servlet.DispatcherServlet        : Completed 200 OK
2026-07-31T11:48:13.776+01:00 DEBUG 27519 --- [TuniRate] [http-nio-8080-exec-2] o.s.w.s.m.m.a.HttpEntityMethodProcessor  : Using 'application/json', given [application/json, text/plain, */*] and supported [application/json, application/*+json]
2026-07-31T11:48:13.776+01:00 DEBUG 27519 --- [TuniRate] [http-nio-8080-exec-4] o.s.w.s.m.m.a.HttpEntityMethodProcessor  : Using 'application/json', given [application/json, text/plain, */*] and supported [application/json, application/*+json]
2026-07-31T11:48:13.776+01:00 DEBUG 27519 --- [TuniRate] [http-nio-8080-exec-2] o.s.w.s.m.m.a.HttpEntityMethodProcessor  : Writing [[CategoryResponse[id=2, name=Beauty]]]
2026-07-31T11:48:13.777+01:00 DEBUG 27519 --- [TuniRate] [http-nio-8080-exec-4] o.s.w.s.m.m.a.HttpEntityMethodProcessor  : Writing [ProductReviewsResponse[myReview=ReviewResponse[id=4, rating=3, content=null, user=MinimizedUserRespo (truncated)...]
2026-07-31T11:48:13.778+01:00 DEBUG 27519 --- [TuniRate] [http-nio-8080-exec-2] o.s.web.servlet.DispatcherServlet        : Completed 200 OK
2026-07-31T11:48:13.780+01:00 DEBUG 27519 --- [TuniRate] [http-nio-8080-exec-4] o.s.web.servlet.DispatcherServlet        : Completed 200 OK
2026-07-31T11:48:13.896+01:00 DEBUG 27519 --- [TuniRate] [http-nio-8080-exec-3] o.s.web.servlet.DispatcherServlet        : GET "/invitations/me", parameters={}
2026-07-31T11:48:13.896+01:00 DEBUG 27519 --- [TuniRate] [http-nio-8080-exec-3] s.w.s.m.m.a.RequestMappingHandlerMapping : Mapped to tn.anasazx.tunirate.invitation.controller.CompanyInvitationController#getMyInvitations()
2026-07-31T11:48:13.918+01:00 DEBUG 27519 --- [TuniRate] [http-nio-8080-exec-1] o.s.web.servlet.DispatcherServlet        : GET "/subcategories", parameters={}
2026-07-31T11:48:13.919+01:00 DEBUG 27519 --- [TuniRate] [http-nio-8080-exec-1] s.w.s.m.m.a.RequestMappingHandlerMapping : Mapped to tn.anasazx.tunirate.subcategory.controller.SubcategoryController#getAll()
2026-07-31T11:48:13.931+01:00 DEBUG 27519 --- [TuniRate] [http-nio-8080-exec-3] o.s.w.s.m.m.a.HttpEntityMethodProcessor  : Using 'application/json', given [application/json, text/plain, */*] and supported [application/json, application/*+json]
2026-07-31T11:48:13.931+01:00 DEBUG 27519 --- [TuniRate] [http-nio-8080-exec-3] o.s.w.s.m.m.a.HttpEntityMethodProcessor  : Writing [[]]
2026-07-31T11:48:13.932+01:00 DEBUG 27519 --- [TuniRate] [http-nio-8080-exec-3] o.s.web.servlet.DispatcherServlet        : Completed 200 OK
2026-07-31T11:48:13.939+01:00 DEBUG 27519 --- [TuniRate] [http-nio-8080-exec-1] o.s.w.s.m.m.a.HttpEntityMethodProcessor  : Using 'application/json', given [application/json, text/plain, */*] and supported [application/json, application/*+json]
2026-07-31T11:48:13.939+01:00 DEBUG 27519 --- [TuniRate] [http-nio-8080-exec-1] o.s.w.s.m.m.a.HttpEntityMethodProcessor  : Writing [[SubcategoryResponse[id=3, name=Skincare, categoryId=2, categoryName=Beauty], SubcategoryResponse[id (truncated)...]
2026-07-31T11:48:13.940+01:00 DEBUG 27519 --- [TuniRate] [http-nio-8080-exec-1] o.s.web.servlet.DispatcherServlet        : Completed 200 OK
2026-07-31T11:48:13.970+01:00 DEBUG 27519 --- [TuniRate] [http-nio-8080-exec-10] o.s.web.servlet.DispatcherServlet        : GET "/subcategories", parameters={}
2026-07-31T11:48:13.972+01:00 DEBUG 27519 --- [TuniRate] [http-nio-8080-exec-10] s.w.s.m.m.a.RequestMappingHandlerMapping : Mapped to tn.anasazx.tunirate.subcategory.controller.SubcategoryController#getAll()
2026-07-31T11:48:13.984+01:00 DEBUG 27519 --- [TuniRate] [http-nio-8080-exec-10] o.s.w.s.m.m.a.HttpEntityMethodProcessor  : Using 'application/json', given [application/json, text/plain, */*] and supported [application/json, application/*+json]
2026-07-31T11:48:13.985+01:00 DEBUG 27519 --- [TuniRate] [http-nio-8080-exec-10] o.s.w.s.m.m.a.HttpEntityMethodProcessor  : Writing [[SubcategoryResponse[id=3, name=Skincare, categoryId=2, categoryName=Beauty], SubcategoryResponse[id (truncated)...]
2026-07-31T11:48:13.987+01:00 DEBUG 27519 --- [TuniRate] [http-nio-8080-exec-10] o.s.web.servlet.DispatcherServlet        : Completed 200 OK
2026-07-31T11:48:16.643+01:00 DEBUG 27519 --- [TuniRate] [http-nio-8080-exec-2] o.s.web.servlet.DispatcherServlet        : POST "/reviews/4/likes", parameters={}
2026-07-31T11:48:16.644+01:00 DEBUG 27519 --- [TuniRate] [http-nio-8080-exec-2] s.w.s.m.m.a.RequestMappingHandlerMapping : Mapped to tn.anasazx.tunirate.like.reviewLike.controller.ReviewLikeController#addLike(Long)
2026-07-31T11:48:16.769+01:00 DEBUG 27519 --- [TuniRate] [http-nio-8080-exec-2] o.s.w.s.m.m.a.HttpEntityMethodProcessor  : Using 'application/json', given [application/json, text/plain, */*] and supported [application/json, application/*+json]
2026-07-31T11:48:16.771+01:00 DEBUG 27519 --- [TuniRate] [http-nio-8080-exec-2] o.s.w.s.m.m.a.HttpEntityMethodProcessor  : Writing [LikeStatusDto[liked=true]]
2026-07-31T11:48:16.772+01:00 DEBUG 27519 --- [TuniRate] [http-nio-8080-exec-2] o.s.web.servlet.DispatcherServlet        : Completed 200 OK
2026-07-31T11:48:18.587+01:00 DEBUG 27519 --- [TuniRate] [http-nio-8080-exec-7] o.s.web.servlet.DispatcherServlet        : DELETE "/reviews/4/likes", parameters={}
2026-07-31T11:48:18.588+01:00 DEBUG 27519 --- [TuniRate] [http-nio-8080-exec-7] s.w.s.m.m.a.RequestMappingHandlerMapping : Mapped to tn.anasazx.tunirate.like.reviewLike.controller.ReviewLikeController#removeLike(Long)
2026-07-31T11:48:18.610+01:00 DEBUG 27519 --- [TuniRate] [http-nio-8080-exec-7] o.s.w.s.m.m.a.HttpEntityMethodProcessor  : Using 'application/json', given [application/json, text/plain, */*] and supported [application/json, application/*+json]
2026-07-31T11:48:18.611+01:00 DEBUG 27519 --- [TuniRate] [http-nio-8080-exec-7] o.s.w.s.m.m.a.HttpEntityMethodProcessor  : Writing [LikeStatusDto[liked=false]]
2026-07-31T11:48:18.612+01:00 DEBUG 27519 --- [TuniRate] [http-nio-8080-exec-7] o.s.web.servlet.DispatcherServlet        : Completed 200 OK
2026-07-31T11:48:19.360+01:00 DEBUG 27519 --- [TuniRate] [http-nio-8080-exec-1] o.s.web.servlet.DispatcherServlet        : GET "/auth/me", parameters={}
2026-07-31T11:48:19.367+01:00 DEBUG 27519 --- [TuniRate] [http-nio-8080-exec-1] s.w.s.m.m.a.RequestMappingHandlerMapping : Mapped to tn.anasazx.tunirate.authentication.controller.AuthController#authenticateUser()
2026-07-31T11:48:19.369+01:00 DEBUG 27519 --- [TuniRate] [http-nio-8080-exec-10] o.s.web.servlet.DispatcherServlet        : GET "/categories", parameters={}
2026-07-31T11:48:19.369+01:00 DEBUG 27519 --- [TuniRate] [http-nio-8080-exec-10] s.w.s.m.m.a.RequestMappingHandlerMapping : Mapped to tn.anasazx.tunirate.category.controller.CategoryController#getAll()
2026-07-31T11:48:19.404+01:00 DEBUG 27519 --- [TuniRate] [http-nio-8080-exec-5] o.s.web.servlet.DispatcherServlet        : GET "/product/39/details", parameters={}
2026-07-31T11:48:19.404+01:00 DEBUG 27519 --- [TuniRate] [http-nio-8080-exec-9] o.s.web.servlet.DispatcherServlet        : GET "/reviews/product/39?page=0&size=10", parameters={masked}
2026-07-31T11:48:19.404+01:00 DEBUG 27519 --- [TuniRate] [http-nio-8080-exec-5] s.w.s.m.m.a.RequestMappingHandlerMapping : Mapped to tn.anasazx.tunirate.product.controller.ProductController#getProductDetails(Long)
2026-07-31T11:48:19.404+01:00 DEBUG 27519 --- [TuniRate] [http-nio-8080-exec-9] s.w.s.m.m.a.RequestMappingHandlerMapping : Mapped to tn.anasazx.tunirate.review.controller.ReviewController#getReviewsByProductId(Long, Pageable)
2026-07-31T11:48:19.421+01:00 DEBUG 27519 --- [TuniRate] [http-nio-8080-exec-10] o.s.w.s.m.m.a.HttpEntityMethodProcessor  : Using 'application/json', given [application/json, text/plain, */*] and supported [application/json, application/*+json]
2026-07-31T11:48:19.422+01:00 DEBUG 27519 --- [TuniRate] [http-nio-8080-exec-10] o.s.w.s.m.m.a.HttpEntityMethodProcessor  : Writing [[CategoryResponse[id=2, name=Beauty]]]
2026-07-31T11:48:19.422+01:00 DEBUG 27519 --- [TuniRate] [http-nio-8080-exec-1] o.s.w.s.m.m.a.HttpEntityMethodProcessor  : Using 'application/json', given [application/json, text/plain, */*] and supported [application/json, application/*+json]
2026-07-31T11:48:19.422+01:00 DEBUG 27519 --- [TuniRate] [http-nio-8080-exec-1] o.s.w.s.m.m.a.HttpEntityMethodProcessor  : Writing [MinimizedUserResponse[id=8, name=Anas Riadh Azizi, email=anasriad.azizi@gmail.com, emailVerified=tru (truncated)...]
2026-07-31T11:48:19.424+01:00 DEBUG 27519 --- [TuniRate] [http-nio-8080-exec-10] o.s.web.servlet.DispatcherServlet        : Completed 200 OK
2026-07-31T11:48:19.424+01:00 DEBUG 27519 --- [TuniRate] [http-nio-8080-exec-1] o.s.web.servlet.DispatcherServlet        : Completed 200 OK
2026-07-31T11:48:19.454+01:00 DEBUG 27519 --- [TuniRate] [http-nio-8080-exec-1] o.s.web.servlet.DispatcherServlet        : GET "/categories", parameters={}
2026-07-31T11:48:19.454+01:00 DEBUG 27519 --- [TuniRate] [http-nio-8080-exec-1] s.w.s.m.m.a.RequestMappingHandlerMapping : Mapped to tn.anasazx.tunirate.category.controller.CategoryController#getAll()
2026-07-31T11:48:19.461+01:00 DEBUG 27519 --- [TuniRate] [http-nio-8080-exec-1] o.s.w.s.m.m.a.HttpEntityMethodProcessor  : Using 'application/json', given [application/json, text/plain, */*] and supported [application/json, application/*+json]
2026-07-31T11:48:19.462+01:00 DEBUG 27519 --- [TuniRate] [http-nio-8080-exec-1] o.s.w.s.m.m.a.HttpEntityMethodProcessor  : Writing [[CategoryResponse[id=2, name=Beauty]]]
2026-07-31T11:48:19.462+01:00 DEBUG 27519 --- [TuniRate] [http-nio-8080-exec-1] o.s.web.servlet.DispatcherServlet        : Completed 200 OK
2026-07-31T11:48:19.515+01:00 DEBUG 27519 --- [TuniRate] [http-nio-8080-exec-8] o.s.web.servlet.DispatcherServlet        : GET "/subcategories", parameters={}
2026-07-31T11:48:19.515+01:00 DEBUG 27519 --- [TuniRate] [http-nio-8080-exec-8] s.w.s.m.m.a.RequestMappingHandlerMapping : Mapped to tn.anasazx.tunirate.subcategory.controller.SubcategoryController#getAll()
2026-07-31T11:48:19.522+01:00 DEBUG 27519 --- [TuniRate] [http-nio-8080-exec-5] o.s.w.s.m.m.a.HttpEntityMethodProcessor  : Using 'application/json', given [application/json, text/plain, */*] and supported [application/json, application/*+json]
2026-07-31T11:48:19.522+01:00 DEBUG 27519 --- [TuniRate] [http-nio-8080-exec-5] o.s.w.s.m.m.a.HttpEntityMethodProcessor  : Writing [ProductDetailsResponse[id=39, name=Pochette beauté ciel, description=La trousse qui sublime votre ro (truncated)...]
2026-07-31T11:48:19.523+01:00 DEBUG 27519 --- [TuniRate] [http-nio-8080-exec-5] o.s.web.servlet.DispatcherServlet        : Completed 200 OK
2026-07-31T11:48:19.526+01:00 DEBUG 27519 --- [TuniRate] [http-nio-8080-exec-3] o.s.web.servlet.DispatcherServlet        : GET "/invitations/me", parameters={}
2026-07-31T11:48:19.528+01:00 DEBUG 27519 --- [TuniRate] [http-nio-8080-exec-3] s.w.s.m.m.a.RequestMappingHandlerMapping : Mapped to tn.anasazx.tunirate.invitation.controller.CompanyInvitationController#getMyInvitations()
2026-07-31T11:48:19.534+01:00 DEBUG 27519 --- [TuniRate] [http-nio-8080-exec-8] o.s.w.s.m.m.a.HttpEntityMethodProcessor  : Using 'application/json', given [application/json, text/plain, */*] and supported [application/json, application/*+json]
2026-07-31T11:48:19.534+01:00 DEBUG 27519 --- [TuniRate] [http-nio-8080-exec-3] o.s.w.s.m.m.a.HttpEntityMethodProcessor  : Using 'application/json', given [application/json, text/plain, */*] and supported [application/json, application/*+json]
2026-07-31T11:48:19.534+01:00 DEBUG 27519 --- [TuniRate] [http-nio-8080-exec-8] o.s.w.s.m.m.a.HttpEntityMethodProcessor  : Writing [[SubcategoryResponse[id=3, name=Skincare, categoryId=2, categoryName=Beauty], SubcategoryResponse[id (truncated)...]
2026-07-31T11:48:19.535+01:00 DEBUG 27519 --- [TuniRate] [http-nio-8080-exec-3] o.s.w.s.m.m.a.HttpEntityMethodProcessor  : Writing [[]]
2026-07-31T11:48:19.535+01:00 DEBUG 27519 --- [TuniRate] [http-nio-8080-exec-8] o.s.web.servlet.DispatcherServlet        : Completed 200 OK
2026-07-31T11:48:19.548+01:00 DEBUG 27519 --- [TuniRate] [http-nio-8080-exec-3] o.s.web.servlet.DispatcherServlet        : Completed 200 OK
2026-07-31T11:48:19.548+01:00 DEBUG 27519 --- [TuniRate] [http-nio-8080-exec-9] o.s.w.s.m.m.a.HttpEntityMethodProcessor  : Using 'application/json', given [application/json, text/plain, */*] and supported [application/json, application/*+json]
2026-07-31T11:48:19.549+01:00 DEBUG 27519 --- [TuniRate] [http-nio-8080-exec-9] o.s.w.s.m.m.a.HttpEntityMethodProcessor  : Writing [ProductReviewsResponse[myReview=ReviewResponse[id=4, rating=3, content=null, user=MinimizedUserRespo (truncated)...]
2026-07-31T11:48:19.550+01:00 DEBUG 27519 --- [TuniRate] [http-nio-8080-exec-9] o.s.web.servlet.DispatcherServlet        : Completed 200 OK
2026-07-31T11:48:19.553+01:00 DEBUG 27519 --- [TuniRate] [http-nio-8080-exec-3] o.s.web.servlet.DispatcherServlet        : GET "/subcategories", parameters={}
2026-07-31T11:48:19.553+01:00 DEBUG 27519 --- [TuniRate] [http-nio-8080-exec-3] s.w.s.m.m.a.RequestMappingHandlerMapping : Mapped to tn.anasazx.tunirate.subcategory.controller.SubcategoryController#getAll()
2026-07-31T11:48:19.562+01:00 DEBUG 27519 --- [TuniRate] [http-nio-8080-exec-3] o.s.w.s.m.m.a.HttpEntityMethodProcessor  : Using 'application/json', given [application/json, text/plain, */*] and supported [application/json, application/*+json]
2026-07-31T11:48:19.562+01:00 DEBUG 27519 --- [TuniRate] [http-nio-8080-exec-3] o.s.w.s.m.m.a.HttpEntityMethodProcessor  : Writing [[SubcategoryResponse[id=3, name=Skincare, categoryId=2, categoryName=Beauty], SubcategoryResponse[id (truncated)...]
2026-07-31T11:48:19.567+01:00 DEBUG 27519 --- [TuniRate] [http-nio-8080-exec-3] o.s.web.servlet.DispatcherServlet        : Completed 200 OK
2026-07-31T11:48:20.502+01:00 DEBUG 27519 --- [TuniRate] [http-nio-8080-exec-7] o.s.web.servlet.DispatcherServlet        : POST "/reviews/4/likes", parameters={}
2026-07-31T11:48:20.502+01:00 DEBUG 27519 --- [TuniRate] [http-nio-8080-exec-7] s.w.s.m.m.a.RequestMappingHandlerMapping : Mapped to tn.anasazx.tunirate.like.reviewLike.controller.ReviewLikeController#addLike(Long)
2026-07-31T11:48:20.512+01:00 DEBUG 27519 --- [TuniRate] [http-nio-8080-exec-7] o.s.w.s.m.m.a.HttpEntityMethodProcessor  : Using 'application/json', given [application/json, text/plain, */*] and supported [application/json, application/*+json]
2026-07-31T11:48:20.512+01:00 DEBUG 27519 --- [TuniRate] [http-nio-8080-exec-7] o.s.w.s.m.m.a.HttpEntityMethodProcessor  : Writing [LikeStatusDto[liked=true]]
2026-07-31T11:48:20.512+01:00 DEBUG 27519 --- [TuniRate] [http-nio-8080-exec-7] o.s.web.servlet.DispatcherServlet        : Completed 200 OK
2026-07-31T11:48:37.706+01:00  INFO 44908 --- [TuniRate] [main] t.anasazx.tunirate.TuniRateApplication   : Starting TuniRateApplication using Java 21.0.8 with PID 44908 (/Users/anasaz/Dev/revision/TuniRate/target/classes started by anasaz in /Users/anasaz/Dev/revision/TuniRate)
2026-07-31T11:48:37.707+01:00 DEBUG 44908 --- [TuniRate] [main] t.anasazx.tunirate.TuniRateApplication   : Running with Spring Boot v4.0.6, Spring v7.0.7
2026-07-31T11:48:37.708+01:00  INFO 44908 --- [TuniRate] [main] t.anasazx.tunirate.TuniRateApplication   : No active profile set, falling back to 1 default profile: "default"
2026-07-31T11:48:38.650+01:00 DEBUG 44908 --- [TuniRate] [main] t.a.tunirate.security.JwtAuthFilter      : Filter 'jwtAuthFilter' configured for use
2026-07-31T11:48:41.250+01:00  WARN 44908 --- [TuniRate] [main] JpaBaseConfiguration$JpaWebConfiguration : spring.jpa.open-in-view is enabled by default. Therefore, database queries may be performed during view rendering. Explicitly configure spring.jpa.open-in-view to disable this warning
2026-07-31T11:48:41.319+01:00  WARN 44908 --- [TuniRate] [main] .s.a.UserDetailsServiceAutoConfiguration : 

Using generated security password: c65789fe-2d13-4127-94f7-364b711d0e2f

This generated password is for development use only. Your security configuration must be updated before running your application in production.

2026-07-31T11:48:41.508+01:00 DEBUG 44908 --- [TuniRate] [main] s.w.s.m.m.a.RequestMappingHandlerMapping : 93 mappings in 'requestMappingHandlerMapping'
2026-07-31T11:48:41.540+01:00 DEBUG 44908 --- [TuniRate] [main] o.s.w.s.handler.SimpleUrlHandlerMapping  : Patterns [/webjars/**, /**, /uploads/**] in 'resourceHandlerMapping'
2026-07-31T11:48:41.559+01:00 DEBUG 44908 --- [TuniRate] [main] s.w.s.m.m.a.RequestMappingHandlerAdapter : ControllerAdvice beans: 0 @ModelAttribute, 0 @InitBinder, 2 RequestBodyAdvice, 1 ResponseBodyAdvice
2026-07-31T11:48:41.596+01:00 DEBUG 44908 --- [TuniRate] [main] .m.m.a.ExceptionHandlerExceptionResolver : ControllerAdvice beans: 0 @ExceptionHandler, 1 ResponseBodyAdvice
2026-07-31T11:48:41.729+01:00  INFO 44908 --- [TuniRate] [main] t.anasazx.tunirate.TuniRateApplication   : Started TuniRateApplication in 4.256 seconds (process running for 4.668)
2026-07-31T11:48:48.995+01:00  INFO 44908 --- [TuniRate] [http-nio-8080-exec-2] o.s.web.servlet.DispatcherServlet        : Initializing Servlet 'dispatcherServlet'
2026-07-31T11:48:48.997+01:00 DEBUG 44908 --- [TuniRate] [http-nio-8080-exec-2] o.s.web.servlet.DispatcherServlet        : Detected StandardServletMultipartResolver
2026-07-31T11:48:48.997+01:00 DEBUG 44908 --- [TuniRate] [http-nio-8080-exec-2] o.s.web.servlet.DispatcherServlet        : Detected AcceptHeaderLocaleResolver
2026-07-31T11:48:49.006+01:00 DEBUG 44908 --- [TuniRate] [http-nio-8080-exec-2] o.s.web.servlet.DispatcherServlet        : Detected org.springframework.web.servlet.view.DefaultRequestToViewNameTranslator@7dc97564
2026-07-31T11:48:49.006+01:00 DEBUG 44908 --- [TuniRate] [http-nio-8080-exec-2] o.s.web.servlet.DispatcherServlet        : Detected org.springframework.web.servlet.support.SessionFlashMapManager@22d7063e
2026-07-31T11:48:49.007+01:00 DEBUG 44908 --- [TuniRate] [http-nio-8080-exec-2] o.s.web.servlet.DispatcherServlet        : enableLoggingRequestDetails='false': request parameters and headers will be masked to prevent unsafe logging of potentially sensitive data
2026-07-31T11:48:49.007+01:00  INFO 44908 --- [TuniRate] [http-nio-8080-exec-2] o.s.web.servlet.DispatcherServlet        : Completed initialization in 11 ms
2026-07-31T11:48:49.116+01:00 DEBUG 44908 --- [TuniRate] [http-nio-8080-exec-7] o.s.web.servlet.DispatcherServlet        : GET "/product/39/details", parameters={}
2026-07-31T11:48:49.116+01:00 DEBUG 44908 --- [TuniRate] [http-nio-8080-exec-3] o.s.web.servlet.DispatcherServlet        : GET "/categories", parameters={}
2026-07-31T11:48:49.116+01:00 DEBUG 44908 --- [TuniRate] [http-nio-8080-exec-6] o.s.web.servlet.DispatcherServlet        : GET "/auth/me", parameters={}
2026-07-31T11:48:49.116+01:00 DEBUG 44908 --- [TuniRate] [http-nio-8080-exec-4] o.s.web.servlet.DispatcherServlet        : GET "/reviews/product/39?page=0&size=10", parameters={masked}
2026-07-31T11:48:49.121+01:00 DEBUG 44908 --- [TuniRate] [http-nio-8080-exec-3] s.w.s.m.m.a.RequestMappingHandlerMapping : Mapped to tn.anasazx.tunirate.category.controller.CategoryController#getAll()
2026-07-31T11:48:49.121+01:00 DEBUG 44908 --- [TuniRate] [http-nio-8080-exec-4] s.w.s.m.m.a.RequestMappingHandlerMapping : Mapped to tn.anasazx.tunirate.review.controller.ReviewController#getReviewsByProductId(Long, Pageable)
2026-07-31T11:48:49.121+01:00 DEBUG 44908 --- [TuniRate] [http-nio-8080-exec-6] s.w.s.m.m.a.RequestMappingHandlerMapping : Mapped to tn.anasazx.tunirate.authentication.controller.AuthController#authenticateUser()
2026-07-31T11:48:49.121+01:00 DEBUG 44908 --- [TuniRate] [http-nio-8080-exec-7] s.w.s.m.m.a.RequestMappingHandlerMapping : Mapped to tn.anasazx.tunirate.product.controller.ProductController#getProductDetails(Long)
2026-07-31T11:48:49.341+01:00 DEBUG 44908 --- [TuniRate] [http-nio-8080-exec-3] o.s.w.s.m.m.a.HttpEntityMethodProcessor  : Using 'application/json', given [application/json, text/plain, */*] and supported [application/json, application/*+json]
2026-07-31T11:48:49.341+01:00 DEBUG 44908 --- [TuniRate] [http-nio-8080-exec-6] o.s.w.s.m.m.a.HttpEntityMethodProcessor  : Using 'application/json', given [application/json, text/plain, */*] and supported [application/json, application/*+json]
2026-07-31T11:48:49.343+01:00 DEBUG 44908 --- [TuniRate] [http-nio-8080-exec-3] o.s.w.s.m.m.a.HttpEntityMethodProcessor  : Writing [[CategoryResponse[id=2, name=Beauty]]]
2026-07-31T11:48:49.346+01:00 DEBUG 44908 --- [TuniRate] [http-nio-8080-exec-6] o.s.w.s.m.m.a.HttpEntityMethodProcessor  : Writing [MinimizedUserResponse[id=8, name=Anas Riadh Azizi, email=anasriad.azizi@gmail.com, emailVerified=tru (truncated)...]
2026-07-31T11:48:49.352+01:00 DEBUG 44908 --- [TuniRate] [http-nio-8080-exec-7] o.s.w.s.m.m.a.HttpEntityMethodProcessor  : Using 'application/json', given [application/json, text/plain, */*] and supported [application/json, application/*+json]
2026-07-31T11:48:49.357+01:00 DEBUG 44908 --- [TuniRate] [http-nio-8080-exec-7] o.s.w.s.m.m.a.HttpEntityMethodProcessor  : Writing [ProductDetailsResponse[id=39, name=Pochette beauté ciel, description=La trousse qui sublime votre ro (truncated)...]
2026-07-31T11:48:49.369+01:00 DEBUG 44908 --- [TuniRate] [http-nio-8080-exec-4] o.s.w.s.m.m.a.HttpEntityMethodProcessor  : Using 'application/json', given [application/json, text/plain, */*] and supported [application/json, application/*+json]
2026-07-31T11:48:49.373+01:00 DEBUG 44908 --- [TuniRate] [http-nio-8080-exec-4] o.s.w.s.m.m.a.HttpEntityMethodProcessor  : Writing [ProductReviewsResponse[myReview=ReviewResponse[id=4, rating=3, content=null, user=MinimizedUserRespo (truncated)...]
2026-07-31T11:48:49.380+01:00 DEBUG 44908 --- [TuniRate] [http-nio-8080-exec-6] o.s.web.servlet.DispatcherServlet        : Completed 200 OK
2026-07-31T11:48:49.380+01:00  WARN 44908 --- [TuniRate] [http-nio-8080-exec-4] ration$PageModule$WarningLoggingModifier : Serializing PageImpl instances as-is is not supported, meaning that there is no guarantee about the stability of the resulting JSON structure!
	For a stable JSON structure, please use Spring Data's PagedModel (globally via @EnableSpringDataWebSupport(pageSerializationMode = VIA_DTO))
	or Spring HATEOAS and Spring Data's PagedResourcesAssembler as documented in https://docs.spring.io/spring-data/commons/reference/repositories/core-extensions.html#core.web.pageables.

2026-07-31T11:48:49.381+01:00 DEBUG 44908 --- [TuniRate] [http-nio-8080-exec-3] o.s.web.servlet.DispatcherServlet        : Completed 200 OK
2026-07-31T11:48:49.383+01:00 DEBUG 44908 --- [TuniRate] [http-nio-8080-exec-7] o.s.web.servlet.DispatcherServlet        : Completed 200 OK
2026-07-31T11:48:49.389+01:00 DEBUG 44908 --- [TuniRate] [http-nio-8080-exec-4] o.s.web.servlet.DispatcherServlet        : Completed 200 OK
2026-07-31T11:48:49.392+01:00 DEBUG 44908 --- [TuniRate] [http-nio-8080-exec-8] o.s.web.servlet.DispatcherServlet        : GET "/categories", parameters={}
2026-07-31T11:48:49.392+01:00 DEBUG 44908 --- [TuniRate] [http-nio-8080-exec-8] s.w.s.m.m.a.RequestMappingHandlerMapping : Mapped to tn.anasazx.tunirate.category.controller.CategoryController#getAll()
2026-07-31T11:48:49.395+01:00 DEBUG 44908 --- [TuniRate] [http-nio-8080-exec-10] o.s.web.servlet.DispatcherServlet        : GET "/subcategories", parameters={}
2026-07-31T11:48:49.396+01:00 DEBUG 44908 --- [TuniRate] [http-nio-8080-exec-2] o.s.web.servlet.DispatcherServlet        : GET "/invitations/me", parameters={}
2026-07-31T11:48:49.396+01:00 DEBUG 44908 --- [TuniRate] [http-nio-8080-exec-10] s.w.s.m.m.a.RequestMappingHandlerMapping : Mapped to tn.anasazx.tunirate.subcategory.controller.SubcategoryController#getAll()
2026-07-31T11:48:49.396+01:00 DEBUG 44908 --- [TuniRate] [http-nio-8080-exec-2] s.w.s.m.m.a.RequestMappingHandlerMapping : Mapped to tn.anasazx.tunirate.invitation.controller.CompanyInvitationController#getMyInvitations()
2026-07-31T11:48:49.407+01:00 DEBUG 44908 --- [TuniRate] [http-nio-8080-exec-8] o.s.w.s.m.m.a.HttpEntityMethodProcessor  : Using 'application/json', given [application/json, text/plain, */*] and supported [application/json, application/*+json]
2026-07-31T11:48:49.408+01:00 DEBUG 44908 --- [TuniRate] [http-nio-8080-exec-8] o.s.w.s.m.m.a.HttpEntityMethodProcessor  : Writing [[CategoryResponse[id=2, name=Beauty]]]
2026-07-31T11:48:49.409+01:00 DEBUG 44908 --- [TuniRate] [http-nio-8080-exec-8] o.s.web.servlet.DispatcherServlet        : Completed 200 OK
2026-07-31T11:48:49.418+01:00 DEBUG 44908 --- [TuniRate] [http-nio-8080-exec-2] o.s.w.s.m.m.a.HttpEntityMethodProcessor  : Using 'application/json', given [application/json, text/plain, */*] and supported [application/json, application/*+json]
2026-07-31T11:48:49.418+01:00 DEBUG 44908 --- [TuniRate] [http-nio-8080-exec-2] o.s.w.s.m.m.a.HttpEntityMethodProcessor  : Writing [[]]
2026-07-31T11:48:49.419+01:00 DEBUG 44908 --- [TuniRate] [http-nio-8080-exec-2] o.s.web.servlet.DispatcherServlet        : Completed 200 OK
2026-07-31T11:48:49.435+01:00 DEBUG 44908 --- [TuniRate] [http-nio-8080-exec-10] o.s.w.s.m.m.a.HttpEntityMethodProcessor  : Using 'application/json', given [application/json, text/plain, */*] and supported [application/json, application/*+json]
2026-07-31T11:48:49.436+01:00 DEBUG 44908 --- [TuniRate] [http-nio-8080-exec-10] o.s.w.s.m.m.a.HttpEntityMethodProcessor  : Writing [[SubcategoryResponse[id=3, name=Skincare, categoryId=2, categoryName=Beauty], SubcategoryResponse[id (truncated)...]
2026-07-31T11:48:49.437+01:00 DEBUG 44908 --- [TuniRate] [http-nio-8080-exec-10] o.s.web.servlet.DispatcherServlet        : Completed 200 OK
2026-07-31T11:48:49.440+01:00 DEBUG 44908 --- [TuniRate] [http-nio-8080-exec-1] o.s.web.servlet.DispatcherServlet        : GET "/subcategories", parameters={}
2026-07-31T11:48:49.440+01:00 DEBUG 44908 --- [TuniRate] [http-nio-8080-exec-1] s.w.s.m.m.a.RequestMappingHandlerMapping : Mapped to tn.anasazx.tunirate.subcategory.controller.SubcategoryController#getAll()
2026-07-31T11:48:49.443+01:00 DEBUG 44908 --- [TuniRate] [http-nio-8080-exec-1] o.s.w.s.m.m.a.HttpEntityMethodProcessor  : Using 'application/json', given [application/json, text/plain, */*] and supported [application/json, application/*+json]
2026-07-31T11:48:49.443+01:00 DEBUG 44908 --- [TuniRate] [http-nio-8080-exec-1] o.s.w.s.m.m.a.HttpEntityMethodProcessor  : Writing [[SubcategoryResponse[id=3, name=Skincare, categoryId=2, categoryName=Beauty], SubcategoryResponse[id (truncated)...]
2026-07-31T11:48:49.444+01:00 DEBUG 44908 --- [TuniRate] [http-nio-8080-exec-1] o.s.web.servlet.DispatcherServlet        : Completed 200 OK
2026-07-31T11:48:51.398+01:00 DEBUG 44908 --- [TuniRate] [http-nio-8080-exec-6] o.s.web.servlet.DispatcherServlet        : DELETE "/reviews/4/likes", parameters={}
2026-07-31T11:48:51.401+01:00 DEBUG 44908 --- [TuniRate] [http-nio-8080-exec-6] s.w.s.m.m.a.RequestMappingHandlerMapping : Mapped to tn.anasazx.tunirate.like.reviewLike.controller.ReviewLikeController#removeLike(Long)
2026-07-31T11:48:51.464+01:00 DEBUG 44908 --- [TuniRate] [http-nio-8080-exec-6] o.s.w.s.m.m.a.HttpEntityMethodProcessor  : Using 'application/json', given [application/json, text/plain, */*] and supported [application/json, application/*+json]
2026-07-31T11:48:51.464+01:00 DEBUG 44908 --- [TuniRate] [http-nio-8080-exec-6] o.s.w.s.m.m.a.HttpEntityMethodProcessor  : Writing [LikeStatusDto[liked=false]]
2026-07-31T11:48:51.465+01:00 DEBUG 44908 --- [TuniRate] [http-nio-8080-exec-6] o.s.web.servlet.DispatcherServlet        : Completed 200 OK
2026-07-31T11:48:52.261+01:00 DEBUG 44908 --- [TuniRate] [http-nio-8080-exec-9] o.s.web.servlet.DispatcherServlet        : POST "/reviews/4/likes", parameters={}
2026-07-31T11:48:52.262+01:00 DEBUG 44908 --- [TuniRate] [http-nio-8080-exec-9] s.w.s.m.m.a.RequestMappingHandlerMapping : Mapped to tn.anasazx.tunirate.like.reviewLike.controller.ReviewLikeController#addLike(Long)
2026-07-31T11:48:52.308+01:00 DEBUG 44908 --- [TuniRate] [http-nio-8080-exec-9] o.s.w.s.m.m.a.HttpEntityMethodProcessor  : Using 'application/json', given [application/json, text/plain, */*] and supported [application/json, application/*+json]
2026-07-31T11:48:52.308+01:00 DEBUG 44908 --- [TuniRate] [http-nio-8080-exec-9] o.s.w.s.m.m.a.HttpEntityMethodProcessor  : Writing [LikeStatusDto[liked=true]]
2026-07-31T11:48:52.309+01:00 DEBUG 44908 --- [TuniRate] [http-nio-8080-exec-9] o.s.web.servlet.DispatcherServlet        : Completed 200 OK
2026-07-31T11:48:54.222+01:00 DEBUG 44908 --- [TuniRate] [http-nio-8080-exec-5] o.s.web.servlet.DispatcherServlet        : GET "/auth/me", parameters={}
2026-07-31T11:48:54.222+01:00 DEBUG 44908 --- [TuniRate] [http-nio-8080-exec-5] s.w.s.m.m.a.RequestMappingHandlerMapping : Mapped to tn.anasazx.tunirate.authentication.controller.AuthController#authenticateUser()
2026-07-31T11:48:54.225+01:00 DEBUG 44908 --- [TuniRate] [http-nio-8080-exec-2] o.s.web.servlet.DispatcherServlet        : GET "/product/39/details", parameters={}
2026-07-31T11:48:54.225+01:00 DEBUG 44908 --- [TuniRate] [http-nio-8080-exec-2] s.w.s.m.m.a.RequestMappingHandlerMapping : Mapped to tn.anasazx.tunirate.product.controller.ProductController#getProductDetails(Long)
2026-07-31T11:48:54.254+01:00 DEBUG 44908 --- [TuniRate] [http-nio-8080-exec-5] o.s.w.s.m.m.a.HttpEntityMethodProcessor  : Using 'application/json', given [application/json, text/plain, */*] and supported [application/json, application/*+json]
2026-07-31T11:48:54.258+01:00 DEBUG 44908 --- [TuniRate] [http-nio-8080-exec-5] o.s.w.s.m.m.a.HttpEntityMethodProcessor  : Writing [MinimizedUserResponse[id=8, name=Anas Riadh Azizi, email=anasriad.azizi@gmail.com, emailVerified=tru (truncated)...]
2026-07-31T11:48:54.261+01:00 DEBUG 44908 --- [TuniRate] [http-nio-8080-exec-5] o.s.web.servlet.DispatcherServlet        : Completed 200 OK
2026-07-31T11:48:54.277+01:00 DEBUG 44908 --- [TuniRate] [http-nio-8080-exec-3] o.s.web.servlet.DispatcherServlet        : GET "/categories", parameters={}
2026-07-31T11:48:54.277+01:00 DEBUG 44908 --- [TuniRate] [http-nio-8080-exec-3] s.w.s.m.m.a.RequestMappingHandlerMapping : Mapped to tn.anasazx.tunirate.category.controller.CategoryController#getAll()
2026-07-31T11:48:54.277+01:00 DEBUG 44908 --- [TuniRate] [http-nio-8080-exec-6] o.s.web.servlet.DispatcherServlet        : GET "/reviews/product/39?page=0&size=10", parameters={masked}
2026-07-31T11:48:54.278+01:00 DEBUG 44908 --- [TuniRate] [http-nio-8080-exec-6] s.w.s.m.m.a.RequestMappingHandlerMapping : Mapped to tn.anasazx.tunirate.review.controller.ReviewController#getReviewsByProductId(Long, Pageable)
2026-07-31T11:48:54.285+01:00 DEBUG 44908 --- [TuniRate] [http-nio-8080-exec-3] o.s.w.s.m.m.a.HttpEntityMethodProcessor  : Using 'application/json', given [application/json, text/plain, */*] and supported [application/json, application/*+json]
2026-07-31T11:48:54.285+01:00 DEBUG 44908 --- [TuniRate] [http-nio-8080-exec-3] o.s.w.s.m.m.a.HttpEntityMethodProcessor  : Writing [[CategoryResponse[id=2, name=Beauty]]]
2026-07-31T11:48:54.286+01:00 DEBUG 44908 --- [TuniRate] [http-nio-8080-exec-3] o.s.web.servlet.DispatcherServlet        : Completed 200 OK
2026-07-31T11:48:54.289+01:00 DEBUG 44908 --- [TuniRate] [http-nio-8080-exec-2] o.s.w.s.m.m.a.HttpEntityMethodProcessor  : Using 'application/json', given [application/json, text/plain, */*] and supported [application/json, application/*+json]
2026-07-31T11:48:54.290+01:00 DEBUG 44908 --- [TuniRate] [http-nio-8080-exec-2] o.s.w.s.m.m.a.HttpEntityMethodProcessor  : Writing [ProductDetailsResponse[id=39, name=Pochette beauté ciel, description=La trousse qui sublime votre ro (truncated)...]
2026-07-31T11:48:54.291+01:00 DEBUG 44908 --- [TuniRate] [http-nio-8080-exec-2] o.s.web.servlet.DispatcherServlet        : Completed 200 OK
2026-07-31T11:48:54.292+01:00 DEBUG 44908 --- [TuniRate] [http-nio-8080-exec-7] o.s.web.servlet.DispatcherServlet        : GET "/categories", parameters={}
2026-07-31T11:48:54.292+01:00 DEBUG 44908 --- [TuniRate] [http-nio-8080-exec-7] s.w.s.m.m.a.RequestMappingHandlerMapping : Mapped to tn.anasazx.tunirate.category.controller.CategoryController#getAll()
2026-07-31T11:48:54.295+01:00 DEBUG 44908 --- [TuniRate] [http-nio-8080-exec-7] o.s.w.s.m.m.a.HttpEntityMethodProcessor  : Using 'application/json', given [application/json, text/plain, */*] and supported [application/json, application/*+json]
2026-07-31T11:48:54.296+01:00 DEBUG 44908 --- [TuniRate] [http-nio-8080-exec-7] o.s.w.s.m.m.a.HttpEntityMethodProcessor  : Writing [[CategoryResponse[id=2, name=Beauty]]]
2026-07-31T11:48:54.297+01:00 DEBUG 44908 --- [TuniRate] [http-nio-8080-exec-7] o.s.web.servlet.DispatcherServlet        : Completed 200 OK
2026-07-31T11:48:54.315+01:00 DEBUG 44908 --- [TuniRate] [http-nio-8080-exec-6] o.s.w.s.m.m.a.HttpEntityMethodProcessor  : Using 'application/json', given [application/json, text/plain, */*] and supported [application/json, application/*+json]
2026-07-31T11:48:54.315+01:00 DEBUG 44908 --- [TuniRate] [http-nio-8080-exec-6] o.s.w.s.m.m.a.HttpEntityMethodProcessor  : Writing [ProductReviewsResponse[myReview=ReviewResponse[id=4, rating=3, content=null, user=MinimizedUserRespo (truncated)...]
2026-07-31T11:48:54.317+01:00 DEBUG 44908 --- [TuniRate] [http-nio-8080-exec-6] o.s.web.servlet.DispatcherServlet        : Completed 200 OK
2026-07-31T11:48:54.369+01:00 DEBUG 44908 --- [TuniRate] [http-nio-8080-exec-9] o.s.web.servlet.DispatcherServlet        : GET "/invitations/me", parameters={}
2026-07-31T11:48:54.370+01:00 DEBUG 44908 --- [TuniRate] [http-nio-8080-exec-9] s.w.s.m.m.a.RequestMappingHandlerMapping : Mapped to tn.anasazx.tunirate.invitation.controller.CompanyInvitationController#getMyInvitations()
2026-07-31T11:48:54.379+01:00 DEBUG 44908 --- [TuniRate] [http-nio-8080-exec-9] o.s.w.s.m.m.a.HttpEntityMethodProcessor  : Using 'application/json', given [application/json, text/plain, */*] and supported [application/json, application/*+json]
2026-07-31T11:48:54.379+01:00 DEBUG 44908 --- [TuniRate] [http-nio-8080-exec-9] o.s.w.s.m.m.a.HttpEntityMethodProcessor  : Writing [[]]
2026-07-31T11:48:54.379+01:00 DEBUG 44908 --- [TuniRate] [http-nio-8080-exec-9] o.s.web.servlet.DispatcherServlet        : Completed 200 OK
2026-07-31T11:48:54.385+01:00 DEBUG 44908 --- [TuniRate] [http-nio-8080-exec-4] o.s.web.servlet.DispatcherServlet        : GET "/subcategories", parameters={}
2026-07-31T11:48:54.385+01:00 DEBUG 44908 --- [TuniRate] [http-nio-8080-exec-4] s.w.s.m.m.a.RequestMappingHandlerMapping : Mapped to tn.anasazx.tunirate.subcategory.controller.SubcategoryController#getAll()
2026-07-31T11:48:54.417+01:00 DEBUG 44908 --- [TuniRate] [http-nio-8080-exec-4] o.s.w.s.m.m.a.HttpEntityMethodProcessor  : Using 'application/json', given [application/json, text/plain, */*] and supported [application/json, application/*+json]
2026-07-31T11:48:54.418+01:00 DEBUG 44908 --- [TuniRate] [http-nio-8080-exec-4] o.s.w.s.m.m.a.HttpEntityMethodProcessor  : Writing [[SubcategoryResponse[id=3, name=Skincare, categoryId=2, categoryName=Beauty], SubcategoryResponse[id (truncated)...]
2026-07-31T11:48:54.422+01:00 DEBUG 44908 --- [TuniRate] [http-nio-8080-exec-4] o.s.web.servlet.DispatcherServlet        : Completed 200 OK
2026-07-31T11:48:54.475+01:00 DEBUG 44908 --- [TuniRate] [http-nio-8080-exec-8] o.s.web.servlet.DispatcherServlet        : GET "/subcategories", parameters={}
2026-07-31T11:48:54.475+01:00 DEBUG 44908 --- [TuniRate] [http-nio-8080-exec-8] s.w.s.m.m.a.RequestMappingHandlerMapping : Mapped to tn.anasazx.tunirate.subcategory.controller.SubcategoryController#getAll()
2026-07-31T11:48:54.538+01:00 DEBUG 44908 --- [TuniRate] [http-nio-8080-exec-8] o.s.w.s.m.m.a.HttpEntityMethodProcessor  : Using 'application/json', given [application/json, text/plain, */*] and supported [application/json, application/*+json]
2026-07-31T11:48:54.539+01:00 DEBUG 44908 --- [TuniRate] [http-nio-8080-exec-8] o.s.w.s.m.m.a.HttpEntityMethodProcessor  : Writing [[SubcategoryResponse[id=3, name=Skincare, categoryId=2, categoryName=Beauty], SubcategoryResponse[id (truncated)...]
2026-07-31T11:48:54.540+01:00 DEBUG 44908 --- [TuniRate] [http-nio-8080-exec-8] o.s.web.servlet.DispatcherServlet        : Completed 200 OK
2026-07-31T11:48:54.986+01:00 DEBUG 44908 --- [TuniRate] [http-nio-8080-exec-10] o.s.web.servlet.DispatcherServlet        : GET "/auth/me", parameters={}
2026-07-31T11:48:54.987+01:00 DEBUG 44908 --- [TuniRate] [http-nio-8080-exec-10] s.w.s.m.m.a.RequestMappingHandlerMapping : Mapped to tn.anasazx.tunirate.authentication.controller.AuthController#authenticateUser()
2026-07-31T11:48:54.992+01:00 DEBUG 44908 --- [TuniRate] [http-nio-8080-exec-10] o.s.w.s.m.m.a.HttpEntityMethodProcessor  : Using 'application/json', given [application/json, text/plain, */*] and supported [application/json, application/*+json]
2026-07-31T11:48:54.993+01:00 DEBUG 44908 --- [TuniRate] [http-nio-8080-exec-10] o.s.w.s.m.m.a.HttpEntityMethodProcessor  : Writing [MinimizedUserResponse[id=8, name=Anas Riadh Azizi, email=anasriad.azizi@gmail.com, emailVerified=tru (truncated)...]
2026-07-31T11:48:54.995+01:00 DEBUG 44908 --- [TuniRate] [http-nio-8080-exec-10] o.s.web.servlet.DispatcherServlet        : Completed 200 OK
2026-07-31T11:48:55.004+01:00 DEBUG 44908 --- [TuniRate] [http-nio-8080-exec-1] o.s.web.servlet.DispatcherServlet        : GET "/product/39/details", parameters={}
2026-07-31T11:48:55.005+01:00 DEBUG 44908 --- [TuniRate] [http-nio-8080-exec-1] s.w.s.m.m.a.RequestMappingHandlerMapping : Mapped to tn.anasazx.tunirate.product.controller.ProductController#getProductDetails(Long)
2026-07-31T11:48:55.011+01:00 DEBUG 44908 --- [TuniRate] [http-nio-8080-exec-5] o.s.web.servlet.DispatcherServlet        : GET "/categories", parameters={}
2026-07-31T11:48:55.012+01:00 DEBUG 44908 --- [TuniRate] [http-nio-8080-exec-5] s.w.s.m.m.a.RequestMappingHandlerMapping : Mapped to tn.anasazx.tunirate.category.controller.CategoryController#getAll()
2026-07-31T11:48:55.018+01:00 DEBUG 44908 --- [TuniRate] [http-nio-8080-exec-5] o.s.w.s.m.m.a.HttpEntityMethodProcessor  : Using 'application/json', given [application/json, text/plain, */*] and supported [application/json, application/*+json]
2026-07-31T11:48:55.019+01:00 DEBUG 44908 --- [TuniRate] [http-nio-8080-exec-5] o.s.w.s.m.m.a.HttpEntityMethodProcessor  : Writing [[CategoryResponse[id=2, name=Beauty]]]
2026-07-31T11:48:55.021+01:00 DEBUG 44908 --- [TuniRate] [http-nio-8080-exec-5] o.s.web.servlet.DispatcherServlet        : Completed 200 OK
2026-07-31T11:48:55.023+01:00 DEBUG 44908 --- [TuniRate] [http-nio-8080-exec-3] o.s.web.servlet.DispatcherServlet        : GET "/reviews/product/39?page=0&size=10", parameters={masked}
2026-07-31T11:48:55.032+01:00 DEBUG 44908 --- [TuniRate] [http-nio-8080-exec-3] s.w.s.m.m.a.RequestMappingHandlerMapping : Mapped to tn.anasazx.tunirate.review.controller.ReviewController#getReviewsByProductId(Long, Pageable)
2026-07-31T11:48:55.047+01:00 DEBUG 44908 --- [TuniRate] [http-nio-8080-exec-2] o.s.web.servlet.DispatcherServlet        : GET "/categories", parameters={}
2026-07-31T11:48:55.047+01:00 DEBUG 44908 --- [TuniRate] [http-nio-8080-exec-2] s.w.s.m.m.a.RequestMappingHandlerMapping : Mapped to tn.anasazx.tunirate.category.controller.CategoryController#getAll()
2026-07-31T11:48:55.047+01:00 DEBUG 44908 --- [TuniRate] [http-nio-8080-exec-1] o.s.w.s.m.m.a.HttpEntityMethodProcessor  : Using 'application/json', given [application/json, text/plain, */*] and supported [application/json, application/*+json]
2026-07-31T11:48:55.047+01:00 DEBUG 44908 --- [TuniRate] [http-nio-8080-exec-1] o.s.w.s.m.m.a.HttpEntityMethodProcessor  : Writing [ProductDetailsResponse[id=39, name=Pochette beauté ciel, description=La trousse qui sublime votre ro (truncated)...]
2026-07-31T11:48:55.049+01:00 DEBUG 44908 --- [TuniRate] [http-nio-8080-exec-1] o.s.web.servlet.DispatcherServlet        : Completed 200 OK
2026-07-31T11:48:55.068+01:00 DEBUG 44908 --- [TuniRate] [http-nio-8080-exec-2] o.s.w.s.m.m.a.HttpEntityMethodProcessor  : Using 'application/json', given [application/json, text/plain, */*] and supported [application/json, application/*+json]
2026-07-31T11:48:55.068+01:00 DEBUG 44908 --- [TuniRate] [http-nio-8080-exec-9] o.s.web.servlet.DispatcherServlet        : GET "/invitations/me", parameters={}
2026-07-31T11:48:55.068+01:00 DEBUG 44908 --- [TuniRate] [http-nio-8080-exec-9] s.w.s.m.m.a.RequestMappingHandlerMapping : Mapped to tn.anasazx.tunirate.invitation.controller.CompanyInvitationController#getMyInvitations()
2026-07-31T11:48:55.068+01:00 DEBUG 44908 --- [TuniRate] [http-nio-8080-exec-2] o.s.w.s.m.m.a.HttpEntityMethodProcessor  : Writing [[CategoryResponse[id=2, name=Beauty]]]
2026-07-31T11:48:55.069+01:00 DEBUG 44908 --- [TuniRate] [http-nio-8080-exec-4] o.s.web.servlet.DispatcherServlet        : GET "/subcategories", parameters={}
2026-07-31T11:48:55.070+01:00 DEBUG 44908 --- [TuniRate] [http-nio-8080-exec-4] s.w.s.m.m.a.RequestMappingHandlerMapping : Mapped to tn.anasazx.tunirate.subcategory.controller.SubcategoryController#getAll()
2026-07-31T11:48:55.070+01:00 DEBUG 44908 --- [TuniRate] [http-nio-8080-exec-2] o.s.web.servlet.DispatcherServlet        : Completed 200 OK
2026-07-31T11:48:55.073+01:00 DEBUG 44908 --- [TuniRate] [http-nio-8080-exec-9] o.s.w.s.m.m.a.HttpEntityMethodProcessor  : Using 'application/json', given [application/json, text/plain, */*] and supported [application/json, application/*+json]
2026-07-31T11:48:55.073+01:00 DEBUG 44908 --- [TuniRate] [http-nio-8080-exec-9] o.s.w.s.m.m.a.HttpEntityMethodProcessor  : Writing [[]]
2026-07-31T11:48:55.073+01:00 DEBUG 44908 --- [TuniRate] [http-nio-8080-exec-9] o.s.web.servlet.DispatcherServlet        : Completed 200 OK
2026-07-31T11:48:55.074+01:00 DEBUG 44908 --- [TuniRate] [http-nio-8080-exec-4] o.s.w.s.m.m.a.HttpEntityMethodProcessor  : Using 'application/json', given [application/json, text/plain, */*] and supported [application/json, application/*+json]
2026-07-31T11:48:55.075+01:00 DEBUG 44908 --- [TuniRate] [http-nio-8080-exec-4] o.s.w.s.m.m.a.HttpEntityMethodProcessor  : Writing [[SubcategoryResponse[id=3, name=Skincare, categoryId=2, categoryName=Beauty], SubcategoryResponse[id (truncated)...]
2026-07-31T11:48:55.075+01:00 DEBUG 44908 --- [TuniRate] [http-nio-8080-exec-4] o.s.web.servlet.DispatcherServlet        : Completed 200 OK
2026-07-31T11:48:55.080+01:00 DEBUG 44908 --- [TuniRate] [http-nio-8080-exec-3] o.s.w.s.m.m.a.HttpEntityMethodProcessor  : Using 'application/json', given [application/json, text/plain, */*] and supported [application/json, application/*+json]
2026-07-31T11:48:55.080+01:00 DEBUG 44908 --- [TuniRate] [http-nio-8080-exec-3] o.s.w.s.m.m.a.HttpEntityMethodProcessor  : Writing [ProductReviewsResponse[myReview=ReviewResponse[id=4, rating=3, content=null, user=MinimizedUserRespo (truncated)...]
2026-07-31T11:48:55.081+01:00 DEBUG 44908 --- [TuniRate] [http-nio-8080-exec-3] o.s.web.servlet.DispatcherServlet        : Completed 200 OK
2026-07-31T11:48:55.168+01:00 DEBUG 44908 --- [TuniRate] [http-nio-8080-exec-8] o.s.web.servlet.DispatcherServlet        : GET "/subcategories", parameters={}
2026-07-31T11:48:55.169+01:00 DEBUG 44908 --- [TuniRate] [http-nio-8080-exec-8] s.w.s.m.m.a.RequestMappingHandlerMapping : Mapped to tn.anasazx.tunirate.subcategory.controller.SubcategoryController#getAll()
2026-07-31T11:48:55.172+01:00 DEBUG 44908 --- [TuniRate] [http-nio-8080-exec-8] o.s.w.s.m.m.a.HttpEntityMethodProcessor  : Using 'application/json', given [application/json, text/plain, */*] and supported [application/json, application/*+json]
2026-07-31T11:48:55.172+01:00 DEBUG 44908 --- [TuniRate] [http-nio-8080-exec-8] o.s.w.s.m.m.a.HttpEntityMethodProcessor  : Writing [[SubcategoryResponse[id=3, name=Skincare, categoryId=2, categoryName=Beauty], SubcategoryResponse[id (truncated)...]
2026-07-31T11:48:55.172+01:00 DEBUG 44908 --- [TuniRate] [http-nio-8080-exec-8] o.s.web.servlet.DispatcherServlet        : Completed 200 OK
2026-07-31T11:49:01.623+01:00 DEBUG 44908 --- [TuniRate] [http-nio-8080-exec-10] o.s.web.servlet.DispatcherServlet        : GET "/categories", parameters={}
2026-07-31T11:49:01.623+01:00 DEBUG 44908 --- [TuniRate] [http-nio-8080-exec-5] o.s.web.servlet.DispatcherServlet        : GET "/product?page=0&size=20", parameters={masked}
2026-07-31T11:49:01.624+01:00 DEBUG 44908 --- [TuniRate] [http-nio-8080-exec-10] s.w.s.m.m.a.RequestMappingHandlerMapping : Mapped to tn.anasazx.tunirate.category.controller.CategoryController#getAll()
2026-07-31T11:49:01.625+01:00 DEBUG 44908 --- [TuniRate] [http-nio-8080-exec-5] s.w.s.m.m.a.RequestMappingHandlerMapping : Mapped to tn.anasazx.tunirate.product.controller.ProductController#getAllProducts(Pageable, Long, Long)
2026-07-31T11:49:01.646+01:00 DEBUG 44908 --- [TuniRate] [http-nio-8080-exec-10] o.s.w.s.m.m.a.HttpEntityMethodProcessor  : Using 'application/json', given [application/json, text/plain, */*] and supported [application/json, application/*+json]
2026-07-31T11:49:01.647+01:00 DEBUG 44908 --- [TuniRate] [http-nio-8080-exec-10] o.s.w.s.m.m.a.HttpEntityMethodProcessor  : Writing [[CategoryResponse[id=2, name=Beauty]]]
2026-07-31T11:49:01.649+01:00 DEBUG 44908 --- [TuniRate] [http-nio-8080-exec-10] o.s.web.servlet.DispatcherServlet        : Completed 200 OK
2026-07-31T11:49:01.650+01:00 DEBUG 44908 --- [TuniRate] [http-nio-8080-exec-7] o.s.web.servlet.DispatcherServlet        : GET "/categories", parameters={}
2026-07-31T11:49:01.650+01:00 DEBUG 44908 --- [TuniRate] [http-nio-8080-exec-7] s.w.s.m.m.a.RequestMappingHandlerMapping : Mapped to tn.anasazx.tunirate.category.controller.CategoryController#getAll()
2026-07-31T11:49:01.651+01:00 DEBUG 44908 --- [TuniRate] [http-nio-8080-exec-7] o.s.w.s.m.m.a.HttpEntityMethodProcessor  : Using 'application/json', given [application/json, text/plain, */*] and supported [application/json, application/*+json]
2026-07-31T11:49:01.651+01:00 DEBUG 44908 --- [TuniRate] [http-nio-8080-exec-6] o.s.web.servlet.DispatcherServlet        : GET "/subcategories", parameters={}
2026-07-31T11:49:01.651+01:00 DEBUG 44908 --- [TuniRate] [http-nio-8080-exec-7] o.s.w.s.m.m.a.HttpEntityMethodProcessor  : Writing [[CategoryResponse[id=2, name=Beauty]]]
2026-07-31T11:49:01.651+01:00 DEBUG 44908 --- [TuniRate] [http-nio-8080-exec-6] s.w.s.m.m.a.RequestMappingHandlerMapping : Mapped to tn.anasazx.tunirate.subcategory.controller.SubcategoryController#getAll()
2026-07-31T11:49:01.652+01:00 DEBUG 44908 --- [TuniRate] [http-nio-8080-exec-7] o.s.web.servlet.DispatcherServlet        : Completed 200 OK
2026-07-31T11:49:01.656+01:00 DEBUG 44908 --- [TuniRate] [http-nio-8080-exec-6] o.s.w.s.m.m.a.HttpEntityMethodProcessor  : Using 'application/json', given [application/json, text/plain, */*] and supported [application/json, application/*+json]
2026-07-31T11:49:01.656+01:00 DEBUG 44908 --- [TuniRate] [http-nio-8080-exec-6] o.s.w.s.m.m.a.HttpEntityMethodProcessor  : Writing [[SubcategoryResponse[id=3, name=Skincare, categoryId=2, categoryName=Beauty], SubcategoryResponse[id (truncated)...]
2026-07-31T11:49:01.657+01:00 DEBUG 44908 --- [TuniRate] [http-nio-8080-exec-6] o.s.web.servlet.DispatcherServlet        : Completed 200 OK
2026-07-31T11:49:01.658+01:00 DEBUG 44908 --- [TuniRate] [http-nio-8080-exec-6] o.s.web.servlet.DispatcherServlet        : GET "/subcategories", parameters={}
2026-07-31T11:49:01.658+01:00 DEBUG 44908 --- [TuniRate] [http-nio-8080-exec-6] s.w.s.m.m.a.RequestMappingHandlerMapping : Mapped to tn.anasazx.tunirate.subcategory.controller.SubcategoryController#getAll()
2026-07-31T11:49:01.661+01:00 DEBUG 44908 --- [TuniRate] [http-nio-8080-exec-6] o.s.w.s.m.m.a.HttpEntityMethodProcessor  : Using 'application/json', given [application/json, text/plain, */*] and supported [application/json, application/*+json]
2026-07-31T11:49:01.661+01:00 DEBUG 44908 --- [TuniRate] [http-nio-8080-exec-6] o.s.w.s.m.m.a.HttpEntityMethodProcessor  : Writing [[SubcategoryResponse[id=3, name=Skincare, categoryId=2, categoryName=Beauty], SubcategoryResponse[id (truncated)...]
2026-07-31T11:49:01.662+01:00 DEBUG 44908 --- [TuniRate] [http-nio-8080-exec-6] o.s.web.servlet.DispatcherServlet        : Completed 200 OK
2026-07-31T11:49:01.685+01:00 DEBUG 44908 --- [TuniRate] [http-nio-8080-exec-5] o.s.w.s.m.m.a.HttpEntityMethodProcessor  : Using 'application/json', given [application/json, text/plain, */*] and supported [application/json, application/*+json]
2026-07-31T11:49:01.685+01:00 DEBUG 44908 --- [TuniRate] [http-nio-8080-exec-5] o.s.w.s.m.m.a.HttpEntityMethodProcessor  : Writing [Page 1 of 13 containing tn.anasazx.tunirate.product.dto.ProductResponse instances]
2026-07-31T11:49:01.695+01:00 DEBUG 44908 --- [TuniRate] [http-nio-8080-exec-5] o.s.web.servlet.DispatcherServlet        : Completed 200 OK
2026-07-31T11:49:05.306+01:00 DEBUG 44908 --- [TuniRate] [http-nio-8080-exec-9] o.s.web.servlet.DispatcherServlet        : POST "/auth/login", parameters={}
2026-07-31T11:49:05.307+01:00 DEBUG 44908 --- [TuniRate] [http-nio-8080-exec-9] s.w.s.m.m.a.RequestMappingHandlerMapping : Mapped to tn.anasazx.tunirate.authentication.controller.AuthController#login(LoginRequest)
2026-07-31T11:49:05.373+01:00 DEBUG 44908 --- [TuniRate] [http-nio-8080-exec-9] m.m.a.RequestResponseBodyMethodProcessor : Read "application/json;charset=UTF-8" to [LoginRequest[email=anas.azizi2000@gmail.com, password=14012011]]
2026-07-31T11:49:05.482+01:00 DEBUG 44908 --- [TuniRate] [http-nio-8080-exec-9] o.s.web.servlet.DispatcherServlet        : Failed to complete request: java.lang.RuntimeException: Invalid credentials
2026-07-31T11:49:05.482+01:00 ERROR 44908 --- [TuniRate] [http-nio-8080-exec-9] o.a.c.c.C.[.[.[/].[dispatcherServlet]    : Servlet.service() for servlet [dispatcherServlet] in context with path [] threw exception [Request processing failed: java.lang.RuntimeException: Invalid credentials] with root cause

java.lang.RuntimeException: Invalid credentials
	at tn.anasazx.tunirate.authentication.service.implementation.AuthServiceImpl.login(AuthServiceImpl.java:84) ~[classes/:na]
	at tn.anasazx.tunirate.authentication.controller.AuthController.login(AuthController.java:27) ~[classes/:na]
	at java.base/jdk.internal.reflect.DirectMethodHandleAccessor.invoke(DirectMethodHandleAccessor.java:103) ~[na:na]
	at java.base/java.lang.reflect.Method.invoke(Method.java:580) ~[na:na]
	at org.springframework.web.method.support.InvocableHandlerMethod.doInvoke(InvocableHandlerMethod.java:252) ~[spring-web-7.0.7.jar:7.0.7]
	at org.springframework.web.method.support.InvocableHandlerMethod.invokeForRequest(InvocableHandlerMethod.java:184) ~[spring-web-7.0.7.jar:7.0.7]
	at org.springframework.web.servlet.mvc.method.annotation.ServletInvocableHandlerMethod.invokeAndHandle(ServletInvocableHandlerMethod.java:117) ~[spring-webmvc-7.0.7.jar:7.0.7]
	at org.springframework.web.servlet.mvc.method.annotation.RequestMappingHandlerAdapter.invokeHandlerMethod(RequestMappingHandlerAdapter.java:934) ~[spring-webmvc-7.0.7.jar:7.0.7]
	at org.springframework.web.servlet.mvc.method.annotation.RequestMappingHandlerAdapter.handleInternal(RequestMappingHandlerAdapter.java:853) ~[spring-webmvc-7.0.7.jar:7.0.7]
	at org.springframework.web.servlet.mvc.method.AbstractHandlerMethodAdapter.handle(AbstractHandlerMethodAdapter.java:86) ~[spring-webmvc-7.0.7.jar:7.0.7]
	at org.springframework.web.servlet.DispatcherServlet.doDispatch(DispatcherServlet.java:963) ~[spring-webmvc-7.0.7.jar:7.0.7]
	at org.springframework.web.servlet.DispatcherServlet.doService(DispatcherServlet.java:866) ~[spring-webmvc-7.0.7.jar:7.0.7]
	at org.springframework.web.servlet.FrameworkServlet.processRequest(FrameworkServlet.java:1000) ~[spring-webmvc-7.0.7.jar:7.0.7]
	at org.springframework.web.servlet.FrameworkServlet.doPost(FrameworkServlet.java:903) ~[spring-webmvc-7.0.7.jar:7.0.7]
	at jakarta.servlet.http.HttpServlet.service(HttpServlet.java:649) ~[tomcat-embed-core-11.0.21.jar:6.1]
	at org.springframework.web.servlet.FrameworkServlet.service(FrameworkServlet.java:874) ~[spring-webmvc-7.0.7.jar:7.0.7]
	at jakarta.servlet.http.HttpServlet.service(HttpServlet.java:710) ~[tomcat-embed-core-11.0.21.jar:6.1]
	at org.apache.catalina.core.ApplicationFilterChain.doFilter(ApplicationFilterChain.java:128) ~[tomcat-embed-core-11.0.21.jar:11.0.21]
	at org.apache.tomcat.websocket.server.WsFilter.doFilter(WsFilter.java:53) ~[tomcat-embed-websocket-11.0.21.jar:11.0.21]
	at org.apache.catalina.core.ApplicationFilterChain.doFilter(ApplicationFilterChain.java:107) ~[tomcat-embed-core-11.0.21.jar:11.0.21]
	at org.springframework.web.filter.OncePerRequestFilter.doFilter(OncePerRequestFilter.java:110) ~[spring-web-7.0.7.jar:7.0.7]
	at org.apache.catalina.core.ApplicationFilterChain.doFilter(ApplicationFilterChain.java:107) ~[tomcat-embed-core-11.0.21.jar:11.0.21]
	at org.springframework.web.filter.CompositeFilter$VirtualFilterChain.doFilter(CompositeFilter.java:108) ~[spring-web-7.0.7.jar:7.0.7]
	at org.springframework.security.web.FilterChainProxy.lambda$doFilterInternal$3(FilterChainProxy.java:235) ~[spring-security-web-7.0.5.jar:7.0.5]
	at org.springframework.security.web.FilterChainProxy$VirtualFilterChain.doFilter(FilterChainProxy.java:376) ~[spring-security-web-7.0.5.jar:7.0.5]
	at org.springframework.security.web.access.intercept.AuthorizationFilter.doFilter(AuthorizationFilter.java:101) ~[spring-security-web-7.0.5.jar:7.0.5]
	at org.springframework.security.web.FilterChainProxy$VirtualFilterChain.doFilter(FilterChainProxy.java:385) ~[spring-security-web-7.0.5.jar:7.0.5]
	at org.springframework.security.web.access.ExceptionTranslationFilter.doFilter(ExceptionTranslationFilter.java:126) ~[spring-security-web-7.0.5.jar:7.0.5]
	at org.springframework.security.web.access.ExceptionTranslationFilter.doFilter(ExceptionTranslationFilter.java:120) ~[spring-security-web-7.0.5.jar:7.0.5]
	at org.springframework.security.web.FilterChainProxy$VirtualFilterChain.doFilter(FilterChainProxy.java:385) ~[spring-security-web-7.0.5.jar:7.0.5]
	at org.springframework.security.web.session.SessionManagementFilter.doFilter(SessionManagementFilter.java:132) ~[spring-security-web-7.0.5.jar:7.0.5]
	at org.springframework.security.web.session.SessionManagementFilter.doFilter(SessionManagementFilter.java:86) ~[spring-security-web-7.0.5.jar:7.0.5]
	at org.springframework.security.web.FilterChainProxy$VirtualFilterChain.doFilter(FilterChainProxy.java:385) ~[spring-security-web-7.0.5.jar:7.0.5]
	at org.springframework.security.web.authentication.AnonymousAuthenticationFilter.doFilter(AnonymousAuthenticationFilter.java:100) ~[spring-security-web-7.0.5.jar:7.0.5]
	at org.springframework.security.web.FilterChainProxy$VirtualFilterChain.doFilter(FilterChainProxy.java:385) ~[spring-security-web-7.0.5.jar:7.0.5]
	at org.springframework.security.web.servletapi.SecurityContextHolderAwareRequestFilter.doFilter(SecurityContextHolderAwareRequestFilter.java:181) ~[spring-security-web-7.0.5.jar:7.0.5]
	at org.springframework.security.web.FilterChainProxy$VirtualFilterChain.doFilter(FilterChainProxy.java:385) ~[spring-security-web-7.0.5.jar:7.0.5]
	at org.springframework.security.web.savedrequest.RequestCacheAwareFilter.doFilter(RequestCacheAwareFilter.java:63) ~[spring-security-web-7.0.5.jar:7.0.5]
	at org.springframework.security.web.FilterChainProxy$VirtualFilterChain.doFilter(FilterChainProxy.java:385) ~[spring-security-web-7.0.5.jar:7.0.5]
	at tn.anasazx.tunirate.security.JwtAuthFilter.doFilterInternal(JwtAuthFilter.java:38) ~[classes/:na]
	at org.springframework.web.filter.OncePerRequestFilter.doFilter(OncePerRequestFilter.java:116) ~[spring-web-7.0.7.jar:7.0.7]
	at org.springframework.security.web.FilterChainProxy$VirtualFilterChain.doFilter(FilterChainProxy.java:385) ~[spring-security-web-7.0.5.jar:7.0.5]
	at org.springframework.security.web.authentication.logout.LogoutFilter.doFilter(LogoutFilter.java:110) ~[spring-security-web-7.0.5.jar:7.0.5]
	at org.springframework.security.web.authentication.logout.LogoutFilter.doFilter(LogoutFilter.java:96) ~[spring-security-web-7.0.5.jar:7.0.5]
	at org.springframework.security.web.FilterChainProxy$VirtualFilterChain.doFilter(FilterChainProxy.java:385) ~[spring-security-web-7.0.5.jar:7.0.5]
	at org.springframework.web.filter.CorsFilter.doFilterInternal(CorsFilter.java:91) ~[spring-web-7.0.7.jar:7.0.7]
	at org.springframework.web.filter.OncePerRequestFilter.doFilter(OncePerRequestFilter.java:116) ~[spring-web-7.0.7.jar:7.0.7]
	at org.springframework.security.web.FilterChainProxy$VirtualFilterChain.doFilter(FilterChainProxy.java:385) ~[spring-security-web-7.0.5.jar:7.0.5]
	at org.springframework.security.web.header.HeaderWriterFilter.doHeadersAfter(HeaderWriterFilter.java:90) ~[spring-security-web-7.0.5.jar:7.0.5]
	at org.springframework.security.web.header.HeaderWriterFilter.doFilterInternal(HeaderWriterFilter.java:75) ~[spring-security-web-7.0.5.jar:7.0.5]
	at org.springframework.web.filter.OncePerRequestFilter.doFilter(OncePerRequestFilter.java:116) ~[spring-web-7.0.7.jar:7.0.7]
	at org.springframework.security.web.FilterChainProxy$VirtualFilterChain.doFilter(FilterChainProxy.java:385) ~[spring-security-web-7.0.5.jar:7.0.5]
	at org.springframework.security.web.context.SecurityContextHolderFilter.doFilter(SecurityContextHolderFilter.java:82) ~[spring-security-web-7.0.5.jar:7.0.5]
	at org.springframework.security.web.context.SecurityContextHolderFilter.doFilter(SecurityContextHolderFilter.java:69) ~[spring-security-web-7.0.5.jar:7.0.5]
	at org.springframework.security.web.FilterChainProxy$VirtualFilterChain.doFilter(FilterChainProxy.java:385) ~[spring-security-web-7.0.5.jar:7.0.5]
	at org.springframework.security.web.context.request.async.WebAsyncManagerIntegrationFilter.doFilterInternal(WebAsyncManagerIntegrationFilter.java:62) ~[spring-security-web-7.0.5.jar:7.0.5]
	at org.springframework.web.filter.OncePerRequestFilter.doFilter(OncePerRequestFilter.java:116) ~[spring-web-7.0.7.jar:7.0.7]
	at org.springframework.security.web.FilterChainProxy$VirtualFilterChain.doFilter(FilterChainProxy.java:385) ~[spring-security-web-7.0.5.jar:7.0.5]
	at org.springframework.security.web.session.DisableEncodeUrlFilter.doFilterInternal(DisableEncodeUrlFilter.java:42) ~[spring-security-web-7.0.5.jar:7.0.5]
	at org.springframework.web.filter.OncePerRequestFilter.doFilter(OncePerRequestFilter.java:116) ~[spring-web-7.0.7.jar:7.0.7]
	at org.springframework.security.web.FilterChainProxy$VirtualFilterChain.doFilter(FilterChainProxy.java:385) ~[spring-security-web-7.0.5.jar:7.0.5]
	at org.springframework.security.web.FilterChainProxy.doFilterInternal(FilterChainProxy.java:237) ~[spring-security-web-7.0.5.jar:7.0.5]
	at org.springframework.security.web.FilterChainProxy.doFilter(FilterChainProxy.java:195) ~[spring-security-web-7.0.5.jar:7.0.5]
	at org.springframework.web.filter.CompositeFilter$VirtualFilterChain.doFilter(CompositeFilter.java:113) ~[spring-web-7.0.7.jar:7.0.7]
	at org.springframework.web.filter.ServletRequestPathFilter.doFilter(ServletRequestPathFilter.java:52) ~[spring-web-7.0.7.jar:7.0.7]
	at org.springframework.web.filter.CompositeFilter$VirtualFilterChain.doFilter(CompositeFilter.java:113) ~[spring-web-7.0.7.jar:7.0.7]
	at org.springframework.web.filter.CompositeFilter.doFilter(CompositeFilter.java:74) ~[spring-web-7.0.7.jar:7.0.7]
	at org.springframework.security.config.annotation.web.configuration.WebSecurityConfiguration$CompositeFilterChainProxy.doFilter(WebSecurityConfiguration.java:317) ~[spring-security-config-7.0.5.jar:7.0.5]
	at org.springframework.web.filter.DelegatingFilterProxy.invokeDelegate(DelegatingFilterProxy.java:355) ~[spring-web-7.0.7.jar:7.0.7]
	at org.springframework.web.filter.DelegatingFilterProxy.doFilter(DelegatingFilterProxy.java:272) ~[spring-web-7.0.7.jar:7.0.7]
	at org.apache.catalina.core.ApplicationFilterChain.doFilter(ApplicationFilterChain.java:107) ~[tomcat-embed-core-11.0.21.jar:11.0.21]
	at org.springframework.web.filter.RequestContextFilter.doFilterInternal(RequestContextFilter.java:100) ~[spring-web-7.0.7.jar:7.0.7]
	at org.springframework.web.filter.OncePerRequestFilter.doFilter(OncePerRequestFilter.java:116) ~[spring-web-7.0.7.jar:7.0.7]
	at org.apache.catalina.core.ApplicationFilterChain.doFilter(ApplicationFilterChain.java:107) ~[tomcat-embed-core-11.0.21.jar:11.0.21]
	at org.springframework.web.filter.FormContentFilter.doFilterInternal(FormContentFilter.java:93) ~[spring-web-7.0.7.jar:7.0.7]
	at org.springframework.web.filter.OncePerRequestFilter.doFilter(OncePerRequestFilter.java:116) ~[spring-web-7.0.7.jar:7.0.7]
	at org.apache.catalina.core.ApplicationFilterChain.doFilter(ApplicationFilterChain.java:107) ~[tomcat-embed-core-11.0.21.jar:11.0.21]
	at org.springframework.web.filter.CharacterEncodingFilter.doFilterInternal(CharacterEncodingFilter.java:199) ~[spring-web-7.0.7.jar:7.0.7]
	at org.springframework.web.filter.OncePerRequestFilter.doFilter(OncePerRequestFilter.java:116) ~[spring-web-7.0.7.jar:7.0.7]
	at org.apache.catalina.core.ApplicationFilterChain.doFilter(ApplicationFilterChain.java:107) ~[tomcat-embed-core-11.0.21.jar:11.0.21]
	at org.apache.catalina.core.StandardWrapperValve.invoke(StandardWrapperValve.java:165) ~[tomcat-embed-core-11.0.21.jar:11.0.21]
	at org.apache.catalina.core.StandardContextValve.invoke(StandardContextValve.java:77) ~[tomcat-embed-core-11.0.21.jar:11.0.21]
	at org.apache.catalina.authenticator.AuthenticatorBase.invoke(AuthenticatorBase.java:492) ~[tomcat-embed-core-11.0.21.jar:11.0.21]
	at org.apache.catalina.core.StandardHostValve.invoke(StandardHostValve.java:113) ~[tomcat-embed-core-11.0.21.jar:11.0.21]
	at org.apache.catalina.valves.ErrorReportValve.invoke(ErrorReportValve.java:83) ~[tomcat-embed-core-11.0.21.jar:11.0.21]
	at org.apache.catalina.core.StandardEngineValve.invoke(StandardEngineValve.java:72) ~[tomcat-embed-core-11.0.21.jar:11.0.21]
	at org.apache.catalina.connector.CoyoteAdapter.service(CoyoteAdapter.java:341) ~[tomcat-embed-core-11.0.21.jar:11.0.21]
	at org.apache.coyote.http11.Http11Processor.service(Http11Processor.java:397) ~[tomcat-embed-core-11.0.21.jar:11.0.21]
	at org.apache.coyote.AbstractProcessorLight.process(AbstractProcessorLight.java:63) ~[tomcat-embed-core-11.0.21.jar:11.0.21]
	at org.apache.coyote.AbstractProtocol$ConnectionHandler.process(AbstractProtocol.java:903) ~[tomcat-embed-core-11.0.21.jar:11.0.21]
	at org.apache.tomcat.util.net.NioEndpoint$SocketProcessor.doRun(NioEndpoint.java:1801) ~[tomcat-embed-core-11.0.21.jar:11.0.21]
	at org.apache.tomcat.util.net.SocketProcessorBase.run(SocketProcessorBase.java:52) ~[tomcat-embed-core-11.0.21.jar:11.0.21]
	at org.apache.tomcat.util.threads.ThreadPoolExecutor.runWorker(ThreadPoolExecutor.java:946) ~[tomcat-embed-core-11.0.21.jar:11.0.21]
	at org.apache.tomcat.util.threads.ThreadPoolExecutor$Worker.run(ThreadPoolExecutor.java:480) ~[tomcat-embed-core-11.0.21.jar:11.0.21]
	at org.apache.tomcat.util.threads.TaskThread$WrappingRunnable.run(TaskThread.java:57) ~[tomcat-embed-core-11.0.21.jar:11.0.21]
	at java.base/java.lang.Thread.run(Thread.java:1583) ~[na:na]

2026-07-31T11:49:08.719+01:00 DEBUG 44908 --- [TuniRate] [http-nio-8080-exec-4] o.s.web.servlet.DispatcherServlet        : POST "/auth/login", parameters={}
2026-07-31T11:49:08.720+01:00 DEBUG 44908 --- [TuniRate] [http-nio-8080-exec-4] s.w.s.m.m.a.RequestMappingHandlerMapping : Mapped to tn.anasazx.tunirate.authentication.controller.AuthController#login(LoginRequest)
2026-07-31T11:49:08.721+01:00 DEBUG 44908 --- [TuniRate] [http-nio-8080-exec-4] m.m.a.RequestResponseBodyMethodProcessor : Read "application/json;charset=UTF-8" to [LoginRequest[email=anas.azizi2000@gmail.com, password=11221122]]
2026-07-31T11:49:08.849+01:00 DEBUG 44908 --- [TuniRate] [http-nio-8080-exec-4] o.s.w.s.m.m.a.HttpEntityMethodProcessor  : Using 'application/json', given [application/json, text/plain, */*] and supported [application/json, application/*+json]
2026-07-31T11:49:08.850+01:00 DEBUG 44908 --- [TuniRate] [http-nio-8080-exec-4] o.s.w.s.m.m.a.HttpEntityMethodProcessor  : Writing [AuthResponse[token=eyJhbGciOiJIUzI1NiJ9.eyJzdWIiOiIxIiwicm9sZSI6IkFETUlOIiwiaWF0IjoxNzg1NDk0OTQ4LCJl (truncated)...]
2026-07-31T11:49:08.851+01:00 DEBUG 44908 --- [TuniRate] [http-nio-8080-exec-4] o.s.web.servlet.DispatcherServlet        : Completed 200 OK
2026-07-31T11:49:08.868+01:00 DEBUG 44908 --- [TuniRate] [http-nio-8080-exec-8] o.s.web.servlet.DispatcherServlet        : GET "/invitations/me", parameters={}
2026-07-31T11:49:08.868+01:00 DEBUG 44908 --- [TuniRate] [http-nio-8080-exec-8] s.w.s.m.m.a.RequestMappingHandlerMapping : Mapped to tn.anasazx.tunirate.invitation.controller.CompanyInvitationController#getMyInvitations()
2026-07-31T11:49:08.871+01:00 DEBUG 44908 --- [TuniRate] [http-nio-8080-exec-8] o.s.w.s.m.m.a.HttpEntityMethodProcessor  : Using 'application/json', given [application/json, text/plain, */*] and supported [application/json, application/*+json]
2026-07-31T11:49:08.871+01:00 DEBUG 44908 --- [TuniRate] [http-nio-8080-exec-5] o.s.web.servlet.DispatcherServlet        : GET "/product?page=0&size=20", parameters={masked}
2026-07-31T11:49:08.871+01:00 DEBUG 44908 --- [TuniRate] [http-nio-8080-exec-8] o.s.w.s.m.m.a.HttpEntityMethodProcessor  : Writing [[]]
2026-07-31T11:49:08.871+01:00 DEBUG 44908 --- [TuniRate] [http-nio-8080-exec-5] s.w.s.m.m.a.RequestMappingHandlerMapping : Mapped to tn.anasazx.tunirate.product.controller.ProductController#getAllProducts(Pageable, Long, Long)
2026-07-31T11:49:08.871+01:00 DEBUG 44908 --- [TuniRate] [http-nio-8080-exec-6] o.s.web.servlet.DispatcherServlet        : GET "/categories", parameters={}
2026-07-31T11:49:08.871+01:00 DEBUG 44908 --- [TuniRate] [http-nio-8080-exec-6] s.w.s.m.m.a.RequestMappingHandlerMapping : Mapped to tn.anasazx.tunirate.category.controller.CategoryController#getAll()
2026-07-31T11:49:08.871+01:00 DEBUG 44908 --- [TuniRate] [http-nio-8080-exec-8] o.s.web.servlet.DispatcherServlet        : Completed 200 OK
2026-07-31T11:49:08.873+01:00 DEBUG 44908 --- [TuniRate] [http-nio-8080-exec-6] o.s.w.s.m.m.a.HttpEntityMethodProcessor  : Using 'application/json', given [application/json, text/plain, */*] and supported [application/json, application/*+json]
2026-07-31T11:49:08.873+01:00 DEBUG 44908 --- [TuniRate] [http-nio-8080-exec-6] o.s.w.s.m.m.a.HttpEntityMethodProcessor  : Writing [[CategoryResponse[id=2, name=Beauty]]]
2026-07-31T11:49:08.873+01:00 DEBUG 44908 --- [TuniRate] [http-nio-8080-exec-6] o.s.web.servlet.DispatcherServlet        : Completed 200 OK
2026-07-31T11:49:08.874+01:00 DEBUG 44908 --- [TuniRate] [http-nio-8080-exec-2] o.s.web.servlet.DispatcherServlet        : GET "/invitations/me", parameters={}
2026-07-31T11:49:08.874+01:00 DEBUG 44908 --- [TuniRate] [http-nio-8080-exec-2] s.w.s.m.m.a.RequestMappingHandlerMapping : Mapped to tn.anasazx.tunirate.invitation.controller.CompanyInvitationController#getMyInvitations()
2026-07-31T11:49:08.875+01:00 DEBUG 44908 --- [TuniRate] [http-nio-8080-exec-9] o.s.web.servlet.DispatcherServlet        : GET "/categories", parameters={}
2026-07-31T11:49:08.875+01:00 DEBUG 44908 --- [TuniRate] [http-nio-8080-exec-9] s.w.s.m.m.a.RequestMappingHandlerMapping : Mapped to tn.anasazx.tunirate.category.controller.CategoryController#getAll()
2026-07-31T11:49:08.877+01:00 DEBUG 44908 --- [TuniRate] [http-nio-8080-exec-9] o.s.w.s.m.m.a.HttpEntityMethodProcessor  : Using 'application/json', given [application/json, text/plain, */*] and supported [application/json, application/*+json]
2026-07-31T11:49:08.877+01:00 DEBUG 44908 --- [TuniRate] [http-nio-8080-exec-9] o.s.w.s.m.m.a.HttpEntityMethodProcessor  : Writing [[CategoryResponse[id=2, name=Beauty]]]
2026-07-31T11:49:08.877+01:00 DEBUG 44908 --- [TuniRate] [http-nio-8080-exec-2] o.s.w.s.m.m.a.HttpEntityMethodProcessor  : Using 'application/json', given [application/json, text/plain, */*] and supported [application/json, application/*+json]
2026-07-31T11:49:08.877+01:00 DEBUG 44908 --- [TuniRate] [http-nio-8080-exec-2] o.s.w.s.m.m.a.HttpEntityMethodProcessor  : Writing [[]]
2026-07-31T11:49:08.877+01:00 DEBUG 44908 --- [TuniRate] [http-nio-8080-exec-2] o.s.web.servlet.DispatcherServlet        : Completed 200 OK
2026-07-31T11:49:08.877+01:00 DEBUG 44908 --- [TuniRate] [http-nio-8080-exec-9] o.s.web.servlet.DispatcherServlet        : Completed 200 OK
2026-07-31T11:49:08.887+01:00 DEBUG 44908 --- [TuniRate] [http-nio-8080-exec-7] o.s.web.servlet.DispatcherServlet        : GET "/subcategories", parameters={}
2026-07-31T11:49:08.887+01:00 DEBUG 44908 --- [TuniRate] [http-nio-8080-exec-7] s.w.s.m.m.a.RequestMappingHandlerMapping : Mapped to tn.anasazx.tunirate.subcategory.controller.SubcategoryController#getAll()
2026-07-31T11:49:08.890+01:00 DEBUG 44908 --- [TuniRate] [http-nio-8080-exec-7] o.s.w.s.m.m.a.HttpEntityMethodProcessor  : Using 'application/json', given [application/json, text/plain, */*] and supported [application/json, application/*+json]
2026-07-31T11:49:08.890+01:00 DEBUG 44908 --- [TuniRate] [http-nio-8080-exec-7] o.s.w.s.m.m.a.HttpEntityMethodProcessor  : Writing [[SubcategoryResponse[id=3, name=Skincare, categoryId=2, categoryName=Beauty], SubcategoryResponse[id (truncated)...]
2026-07-31T11:49:08.891+01:00 DEBUG 44908 --- [TuniRate] [http-nio-8080-exec-7] o.s.web.servlet.DispatcherServlet        : Completed 200 OK
2026-07-31T11:49:08.894+01:00 DEBUG 44908 --- [TuniRate] [http-nio-8080-exec-5] o.s.w.s.m.m.a.HttpEntityMethodProcessor  : Using 'application/json', given [application/json, text/plain, */*] and supported [application/json, application/*+json]
2026-07-31T11:49:08.894+01:00 DEBUG 44908 --- [TuniRate] [http-nio-8080-exec-5] o.s.w.s.m.m.a.HttpEntityMethodProcessor  : Writing [Page 1 of 13 containing tn.anasazx.tunirate.product.dto.ProductResponse instances]
2026-07-31T11:49:08.895+01:00 DEBUG 44908 --- [TuniRate] [http-nio-8080-exec-7] o.s.web.servlet.DispatcherServlet        : GET "/subcategories", parameters={}
2026-07-31T11:49:08.895+01:00 DEBUG 44908 --- [TuniRate] [http-nio-8080-exec-7] s.w.s.m.m.a.RequestMappingHandlerMapping : Mapped to tn.anasazx.tunirate.subcategory.controller.SubcategoryController#getAll()
2026-07-31T11:49:08.895+01:00 DEBUG 44908 --- [TuniRate] [http-nio-8080-exec-5] o.s.web.servlet.DispatcherServlet        : Completed 200 OK
2026-07-31T11:49:08.897+01:00 DEBUG 44908 --- [TuniRate] [http-nio-8080-exec-7] o.s.w.s.m.m.a.HttpEntityMethodProcessor  : Using 'application/json', given [application/json, text/plain, */*] and supported [application/json, application/*+json]
2026-07-31T11:49:08.897+01:00 DEBUG 44908 --- [TuniRate] [http-nio-8080-exec-7] o.s.w.s.m.m.a.HttpEntityMethodProcessor  : Writing [[SubcategoryResponse[id=3, name=Skincare, categoryId=2, categoryName=Beauty], SubcategoryResponse[id (truncated)...]
2026-07-31T11:49:08.898+01:00 DEBUG 44908 --- [TuniRate] [http-nio-8080-exec-7] o.s.web.servlet.DispatcherServlet        : Completed 200 OK
2026-07-31T11:49:10.403+01:00 DEBUG 44908 --- [TuniRate] [http-nio-8080-exec-8] o.s.web.servlet.DispatcherServlet        : GET "/auth/me", parameters={}
2026-07-31T11:49:10.404+01:00 DEBUG 44908 --- [TuniRate] [http-nio-8080-exec-9] o.s.web.servlet.DispatcherServlet        : GET "/product/39/details", parameters={}
2026-07-31T11:49:10.404+01:00 DEBUG 44908 --- [TuniRate] [http-nio-8080-exec-8] s.w.s.m.m.a.RequestMappingHandlerMapping : Mapped to tn.anasazx.tunirate.authentication.controller.AuthController#authenticateUser()
2026-07-31T11:49:10.404+01:00 DEBUG 44908 --- [TuniRate] [http-nio-8080-exec-9] s.w.s.m.m.a.RequestMappingHandlerMapping : Mapped to tn.anasazx.tunirate.product.controller.ProductController#getProductDetails(Long)
2026-07-31T11:49:10.405+01:00 DEBUG 44908 --- [TuniRate] [http-nio-8080-exec-2] o.s.web.servlet.DispatcherServlet        : GET "/categories", parameters={}
2026-07-31T11:49:10.405+01:00 DEBUG 44908 --- [TuniRate] [http-nio-8080-exec-2] s.w.s.m.m.a.RequestMappingHandlerMapping : Mapped to tn.anasazx.tunirate.category.controller.CategoryController#getAll()
2026-07-31T11:49:10.406+01:00 DEBUG 44908 --- [TuniRate] [http-nio-8080-exec-8] o.s.w.s.m.m.a.HttpEntityMethodProcessor  : Using 'application/json', given [application/json, text/plain, */*] and supported [application/json, application/*+json]
2026-07-31T11:49:10.406+01:00 DEBUG 44908 --- [TuniRate] [http-nio-8080-exec-8] o.s.w.s.m.m.a.HttpEntityMethodProcessor  : Writing [MinimizedUserResponse[id=1, name=Anasazx, email=anas.azizi2000@gmail.com, emailVerified=false, avata (truncated)...]
2026-07-31T11:49:10.407+01:00 DEBUG 44908 --- [TuniRate] [http-nio-8080-exec-8] o.s.web.servlet.DispatcherServlet        : Completed 200 OK
2026-07-31T11:49:10.407+01:00 DEBUG 44908 --- [TuniRate] [http-nio-8080-exec-2] o.s.w.s.m.m.a.HttpEntityMethodProcessor  : Using 'application/json', given [application/json, text/plain, */*] and supported [application/json, application/*+json]
2026-07-31T11:49:10.407+01:00 DEBUG 44908 --- [TuniRate] [http-nio-8080-exec-2] o.s.w.s.m.m.a.HttpEntityMethodProcessor  : Writing [[CategoryResponse[id=2, name=Beauty]]]
2026-07-31T11:49:10.407+01:00 DEBUG 44908 --- [TuniRate] [http-nio-8080-exec-2] o.s.web.servlet.DispatcherServlet        : Completed 200 OK
2026-07-31T11:49:10.410+01:00 DEBUG 44908 --- [TuniRate] [http-nio-8080-exec-9] o.s.w.s.m.m.a.HttpEntityMethodProcessor  : Using 'application/json', given [application/json, text/plain, */*] and supported [application/json, application/*+json]
2026-07-31T11:49:10.410+01:00 DEBUG 44908 --- [TuniRate] [http-nio-8080-exec-9] o.s.w.s.m.m.a.HttpEntityMethodProcessor  : Writing [ProductDetailsResponse[id=39, name=Pochette beauté ciel, description=La trousse qui sublime votre ro (truncated)...]
2026-07-31T11:49:10.410+01:00 DEBUG 44908 --- [TuniRate] [http-nio-8080-exec-3] o.s.web.servlet.DispatcherServlet        : GET "/categories", parameters={}
2026-07-31T11:49:10.410+01:00 DEBUG 44908 --- [TuniRate] [http-nio-8080-exec-3] s.w.s.m.m.a.RequestMappingHandlerMapping : Mapped to tn.anasazx.tunirate.category.controller.CategoryController#getAll()
2026-07-31T11:49:10.410+01:00 DEBUG 44908 --- [TuniRate] [http-nio-8080-exec-9] o.s.web.servlet.DispatcherServlet        : Completed 200 OK
2026-07-31T11:49:10.412+01:00 DEBUG 44908 --- [TuniRate] [http-nio-8080-exec-3] o.s.w.s.m.m.a.HttpEntityMethodProcessor  : Using 'application/json', given [application/json, text/plain, */*] and supported [application/json, application/*+json]
2026-07-31T11:49:10.412+01:00 DEBUG 44908 --- [TuniRate] [http-nio-8080-exec-3] o.s.w.s.m.m.a.HttpEntityMethodProcessor  : Writing [[CategoryResponse[id=2, name=Beauty]]]
2026-07-31T11:49:10.412+01:00 DEBUG 44908 --- [TuniRate] [http-nio-8080-exec-3] o.s.web.servlet.DispatcherServlet        : Completed 200 OK
2026-07-31T11:49:10.426+01:00 DEBUG 44908 --- [TuniRate] [http-nio-8080-exec-7] o.s.web.servlet.DispatcherServlet        : GET "/subcategories", parameters={}
2026-07-31T11:49:10.426+01:00 DEBUG 44908 --- [TuniRate] [http-nio-8080-exec-10] o.s.web.servlet.DispatcherServlet        : GET "/invitations/me", parameters={}
2026-07-31T11:49:10.426+01:00 DEBUG 44908 --- [TuniRate] [http-nio-8080-exec-5] o.s.web.servlet.DispatcherServlet        : GET "/reviews/product/39?page=0&size=10", parameters={masked}
2026-07-31T11:49:10.427+01:00 DEBUG 44908 --- [TuniRate] [http-nio-8080-exec-10] s.w.s.m.m.a.RequestMappingHandlerMapping : Mapped to tn.anasazx.tunirate.invitation.controller.CompanyInvitationController#getMyInvitations()
2026-07-31T11:49:10.427+01:00 DEBUG 44908 --- [TuniRate] [http-nio-8080-exec-7] s.w.s.m.m.a.RequestMappingHandlerMapping : Mapped to tn.anasazx.tunirate.subcategory.controller.SubcategoryController#getAll()
2026-07-31T11:49:10.427+01:00 DEBUG 44908 --- [TuniRate] [http-nio-8080-exec-5] s.w.s.m.m.a.RequestMappingHandlerMapping : Mapped to tn.anasazx.tunirate.review.controller.ReviewController#getReviewsByProductId(Long, Pageable)
2026-07-31T11:49:10.429+01:00 DEBUG 44908 --- [TuniRate] [http-nio-8080-exec-10] o.s.w.s.m.m.a.HttpEntityMethodProcessor  : Using 'application/json', given [application/json, text/plain, */*] and supported [application/json, application/*+json]
2026-07-31T11:49:10.429+01:00 DEBUG 44908 --- [TuniRate] [http-nio-8080-exec-10] o.s.w.s.m.m.a.HttpEntityMethodProcessor  : Writing [[]]
2026-07-31T11:49:10.430+01:00 DEBUG 44908 --- [TuniRate] [http-nio-8080-exec-10] o.s.web.servlet.DispatcherServlet        : Completed 200 OK
2026-07-31T11:49:10.430+01:00 DEBUG 44908 --- [TuniRate] [http-nio-8080-exec-7] o.s.w.s.m.m.a.HttpEntityMethodProcessor  : Using 'application/json', given [application/json, text/plain, */*] and supported [application/json, application/*+json]
2026-07-31T11:49:10.430+01:00 DEBUG 44908 --- [TuniRate] [http-nio-8080-exec-7] o.s.w.s.m.m.a.HttpEntityMethodProcessor  : Writing [[SubcategoryResponse[id=3, name=Skincare, categoryId=2, categoryName=Beauty], SubcategoryResponse[id (truncated)...]
2026-07-31T11:49:10.431+01:00 DEBUG 44908 --- [TuniRate] [http-nio-8080-exec-7] o.s.web.servlet.DispatcherServlet        : Completed 200 OK
2026-07-31T11:49:10.435+01:00 DEBUG 44908 --- [TuniRate] [http-nio-8080-exec-1] o.s.web.servlet.DispatcherServlet        : GET "/subcategories", parameters={}
2026-07-31T11:49:10.435+01:00 DEBUG 44908 --- [TuniRate] [http-nio-8080-exec-1] s.w.s.m.m.a.RequestMappingHandlerMapping : Mapped to tn.anasazx.tunirate.subcategory.controller.SubcategoryController#getAll()
2026-07-31T11:49:10.441+01:00 DEBUG 44908 --- [TuniRate] [http-nio-8080-exec-1] o.s.w.s.m.m.a.HttpEntityMethodProcessor  : Using 'application/json', given [application/json, text/plain, */*] and supported [application/json, application/*+json]
2026-07-31T11:49:10.441+01:00 DEBUG 44908 --- [TuniRate] [http-nio-8080-exec-1] o.s.w.s.m.m.a.HttpEntityMethodProcessor  : Writing [[SubcategoryResponse[id=3, name=Skincare, categoryId=2, categoryName=Beauty], SubcategoryResponse[id (truncated)...]
2026-07-31T11:49:10.442+01:00 DEBUG 44908 --- [TuniRate] [http-nio-8080-exec-1] o.s.web.servlet.DispatcherServlet        : Completed 200 OK
2026-07-31T11:49:10.443+01:00 DEBUG 44908 --- [TuniRate] [http-nio-8080-exec-5] o.s.w.s.m.m.a.HttpEntityMethodProcessor  : Using 'application/json', given [application/json, text/plain, */*] and supported [application/json, application/*+json]
2026-07-31T11:49:10.443+01:00 DEBUG 44908 --- [TuniRate] [http-nio-8080-exec-5] o.s.w.s.m.m.a.HttpEntityMethodProcessor  : Writing [ProductReviewsResponse[myReview=null, reviews=Page 1 of 1 containing tn.anasazx.tunirate.review.dto. (truncated)...]
2026-07-31T11:49:10.444+01:00 DEBUG 44908 --- [TuniRate] [http-nio-8080-exec-5] o.s.web.servlet.DispatcherServlet        : Completed 200 OK
2026-07-31T11:49:11.846+01:00 DEBUG 44908 --- [TuniRate] [http-nio-8080-exec-8] o.s.web.servlet.DispatcherServlet        : POST "/reviews/4/likes", parameters={}
2026-07-31T11:49:11.847+01:00 DEBUG 44908 --- [TuniRate] [http-nio-8080-exec-8] s.w.s.m.m.a.RequestMappingHandlerMapping : Mapped to tn.anasazx.tunirate.like.reviewLike.controller.ReviewLikeController#addLike(Long)
2026-07-31T11:49:11.873+01:00 DEBUG 44908 --- [TuniRate] [http-nio-8080-exec-8] o.s.w.s.m.m.a.HttpEntityMethodProcessor  : Using 'application/json', given [application/json, text/plain, */*] and supported [application/json, application/*+json]
2026-07-31T11:49:11.873+01:00 DEBUG 44908 --- [TuniRate] [http-nio-8080-exec-8] o.s.w.s.m.m.a.HttpEntityMethodProcessor  : Writing [LikeStatusDto[liked=true]]
2026-07-31T11:49:11.874+01:00 DEBUG 44908 --- [TuniRate] [http-nio-8080-exec-8] o.s.web.servlet.DispatcherServlet        : Completed 200 OK
2026-07-31T11:49:17.068+01:00 DEBUG 44908 --- [TuniRate] [http-nio-8080-exec-4] o.s.web.servlet.DispatcherServlet        : GET "/categories", parameters={}
2026-07-31T11:49:17.067+01:00 DEBUG 44908 --- [TuniRate] [http-nio-8080-exec-3] o.s.web.servlet.DispatcherServlet        : GET "/product/39/details", parameters={}
2026-07-31T11:49:17.067+01:00 DEBUG 44908 --- [TuniRate] [http-nio-8080-exec-10] o.s.web.servlet.DispatcherServlet        : GET "/auth/me", parameters={}
2026-07-31T11:49:17.069+01:00 DEBUG 44908 --- [TuniRate] [http-nio-8080-exec-10] s.w.s.m.m.a.RequestMappingHandlerMapping : Mapped to tn.anasazx.tunirate.authentication.controller.AuthController#authenticateUser()
2026-07-31T11:49:17.070+01:00 DEBUG 44908 --- [TuniRate] [http-nio-8080-exec-3] s.w.s.m.m.a.RequestMappingHandlerMapping : Mapped to tn.anasazx.tunirate.product.controller.ProductController#getProductDetails(Long)
2026-07-31T11:49:17.070+01:00 DEBUG 44908 --- [TuniRate] [http-nio-8080-exec-4] s.w.s.m.m.a.RequestMappingHandlerMapping : Mapped to tn.anasazx.tunirate.category.controller.CategoryController#getAll()
2026-07-31T11:49:17.076+01:00 DEBUG 44908 --- [TuniRate] [http-nio-8080-exec-6] o.s.web.servlet.DispatcherServlet        : GET "/reviews/product/39?page=0&size=10", parameters={masked}
2026-07-31T11:49:17.077+01:00 DEBUG 44908 --- [TuniRate] [http-nio-8080-exec-6] s.w.s.m.m.a.RequestMappingHandlerMapping : Mapped to tn.anasazx.tunirate.review.controller.ReviewController#getReviewsByProductId(Long, Pageable)
2026-07-31T11:49:17.119+01:00 DEBUG 44908 --- [TuniRate] [http-nio-8080-exec-10] o.s.w.s.m.m.a.HttpEntityMethodProcessor  : Using 'application/json', given [application/json, text/plain, */*] and supported [application/json, application/*+json]
2026-07-31T11:49:17.119+01:00 DEBUG 44908 --- [TuniRate] [http-nio-8080-exec-4] o.s.w.s.m.m.a.HttpEntityMethodProcessor  : Using 'application/json', given [application/json, text/plain, */*] and supported [application/json, application/*+json]
2026-07-31T11:49:17.119+01:00 DEBUG 44908 --- [TuniRate] [http-nio-8080-exec-4] o.s.w.s.m.m.a.HttpEntityMethodProcessor  : Writing [[CategoryResponse[id=2, name=Beauty]]]
2026-07-31T11:49:17.120+01:00 DEBUG 44908 --- [TuniRate] [http-nio-8080-exec-10] o.s.w.s.m.m.a.HttpEntityMethodProcessor  : Writing [MinimizedUserResponse[id=8, name=Anas Riadh Azizi, email=anasriad.azizi@gmail.com, emailVerified=tru (truncated)...]
2026-07-31T11:49:17.127+01:00 DEBUG 44908 --- [TuniRate] [http-nio-8080-exec-10] o.s.web.servlet.DispatcherServlet        : Completed 200 OK
2026-07-31T11:49:17.128+01:00 DEBUG 44908 --- [TuniRate] [http-nio-8080-exec-4] o.s.web.servlet.DispatcherServlet        : Completed 200 OK
2026-07-31T11:49:17.133+01:00 DEBUG 44908 --- [TuniRate] [http-nio-8080-exec-4] o.s.web.servlet.DispatcherServlet        : GET "/categories", parameters={}
2026-07-31T11:49:17.134+01:00 DEBUG 44908 --- [TuniRate] [http-nio-8080-exec-4] s.w.s.m.m.a.RequestMappingHandlerMapping : Mapped to tn.anasazx.tunirate.category.controller.CategoryController#getAll()
2026-07-31T11:49:17.135+01:00 DEBUG 44908 --- [TuniRate] [http-nio-8080-exec-4] o.s.w.s.m.m.a.HttpEntityMethodProcessor  : Using 'application/json', given [application/json, text/plain, */*] and supported [application/json, application/*+json]
2026-07-31T11:49:17.135+01:00 DEBUG 44908 --- [TuniRate] [http-nio-8080-exec-4] o.s.w.s.m.m.a.HttpEntityMethodProcessor  : Writing [[CategoryResponse[id=2, name=Beauty]]]
2026-07-31T11:49:17.137+01:00 DEBUG 44908 --- [TuniRate] [http-nio-8080-exec-4] o.s.web.servlet.DispatcherServlet        : Completed 200 OK
2026-07-31T11:49:17.140+01:00 DEBUG 44908 --- [TuniRate] [http-nio-8080-exec-3] o.s.w.s.m.m.a.HttpEntityMethodProcessor  : Using 'application/json', given [application/json, text/plain, */*] and supported [application/json, application/*+json]
2026-07-31T11:49:17.140+01:00 DEBUG 44908 --- [TuniRate] [http-nio-8080-exec-3] o.s.w.s.m.m.a.HttpEntityMethodProcessor  : Writing [ProductDetailsResponse[id=39, name=Pochette beauté ciel, description=La trousse qui sublime votre ro (truncated)...]
2026-07-31T11:49:17.141+01:00 DEBUG 44908 --- [TuniRate] [http-nio-8080-exec-3] o.s.web.servlet.DispatcherServlet        : Completed 200 OK
2026-07-31T11:49:17.148+01:00 DEBUG 44908 --- [TuniRate] [http-nio-8080-exec-6] o.s.w.s.m.m.a.HttpEntityMethodProcessor  : Using 'application/json', given [application/json, text/plain, */*] and supported [application/json, application/*+json]
2026-07-31T11:49:17.148+01:00 DEBUG 44908 --- [TuniRate] [http-nio-8080-exec-6] o.s.w.s.m.m.a.HttpEntityMethodProcessor  : Writing [ProductReviewsResponse[myReview=ReviewResponse[id=4, rating=3, content=null, user=MinimizedUserRespo (truncated)...]
2026-07-31T11:49:17.149+01:00 DEBUG 44908 --- [TuniRate] [http-nio-8080-exec-6] o.s.web.servlet.DispatcherServlet        : Completed 200 OK
2026-07-31T11:49:17.250+01:00 DEBUG 44908 --- [TuniRate] [http-nio-8080-exec-9] o.s.web.servlet.DispatcherServlet        : GET "/subcategories", parameters={}
2026-07-31T11:49:17.251+01:00 DEBUG 44908 --- [TuniRate] [http-nio-8080-exec-9] s.w.s.m.m.a.RequestMappingHandlerMapping : Mapped to tn.anasazx.tunirate.subcategory.controller.SubcategoryController#getAll()
2026-07-31T11:49:17.255+01:00 DEBUG 44908 --- [TuniRate] [http-nio-8080-exec-5] o.s.web.servlet.DispatcherServlet        : GET "/invitations/me", parameters={}
2026-07-31T11:49:17.255+01:00 DEBUG 44908 --- [TuniRate] [http-nio-8080-exec-5] s.w.s.m.m.a.RequestMappingHandlerMapping : Mapped to tn.anasazx.tunirate.invitation.controller.CompanyInvitationController#getMyInvitations()
2026-07-31T11:49:17.283+01:00 DEBUG 44908 --- [TuniRate] [http-nio-8080-exec-5] o.s.w.s.m.m.a.HttpEntityMethodProcessor  : Using 'application/json', given [application/json, text/plain, */*] and supported [application/json, application/*+json]
2026-07-31T11:49:17.283+01:00 DEBUG 44908 --- [TuniRate] [http-nio-8080-exec-5] o.s.w.s.m.m.a.HttpEntityMethodProcessor  : Writing [[]]
2026-07-31T11:49:17.284+01:00 DEBUG 44908 --- [TuniRate] [http-nio-8080-exec-9] o.s.w.s.m.m.a.HttpEntityMethodProcessor  : Using 'application/json', given [application/json, text/plain, */*] and supported [application/json, application/*+json]
2026-07-31T11:49:17.284+01:00 DEBUG 44908 --- [TuniRate] [http-nio-8080-exec-9] o.s.w.s.m.m.a.HttpEntityMethodProcessor  : Writing [[SubcategoryResponse[id=3, name=Skincare, categoryId=2, categoryName=Beauty], SubcategoryResponse[id (truncated)...]
2026-07-31T11:49:17.284+01:00 DEBUG 44908 --- [TuniRate] [http-nio-8080-exec-5] o.s.web.servlet.DispatcherServlet        : Completed 200 OK
2026-07-31T11:49:17.284+01:00 DEBUG 44908 --- [TuniRate] [http-nio-8080-exec-9] o.s.web.servlet.DispatcherServlet        : Completed 200 OK
2026-07-31T11:49:17.293+01:00 DEBUG 44908 --- [TuniRate] [http-nio-8080-exec-8] o.s.web.servlet.DispatcherServlet        : GET "/subcategories", parameters={}
2026-07-31T11:49:17.294+01:00 DEBUG 44908 --- [TuniRate] [http-nio-8080-exec-8] s.w.s.m.m.a.RequestMappingHandlerMapping : Mapped to tn.anasazx.tunirate.subcategory.controller.SubcategoryController#getAll()
2026-07-31T11:49:17.302+01:00 DEBUG 44908 --- [TuniRate] [http-nio-8080-exec-8] o.s.w.s.m.m.a.HttpEntityMethodProcessor  : Using 'application/json', given [application/json, text/plain, */*] and supported [application/json, application/*+json]
2026-07-31T11:49:17.302+01:00 DEBUG 44908 --- [TuniRate] [http-nio-8080-exec-8] o.s.w.s.m.m.a.HttpEntityMethodProcessor  : Writing [[SubcategoryResponse[id=3, name=Skincare, categoryId=2, categoryName=Beauty], SubcategoryResponse[id (truncated)...]
2026-07-31T11:49:17.303+01:00 DEBUG 44908 --- [TuniRate] [http-nio-8080-exec-8] o.s.web.servlet.DispatcherServlet        : Completed 200 OK
2026-07-31T11:49:18.033+01:00 DEBUG 44908 --- [TuniRate] [http-nio-8080-exec-4] o.s.web.servlet.DispatcherServlet        : DELETE "/reviews/4/likes", parameters={}
2026-07-31T11:49:18.033+01:00 DEBUG 44908 --- [TuniRate] [http-nio-8080-exec-4] s.w.s.m.m.a.RequestMappingHandlerMapping : Mapped to tn.anasazx.tunirate.like.reviewLike.controller.ReviewLikeController#removeLike(Long)
2026-07-31T11:49:18.040+01:00 DEBUG 44908 --- [TuniRate] [http-nio-8080-exec-4] o.s.w.s.m.m.a.HttpEntityMethodProcessor  : Using 'application/json', given [application/json, text/plain, */*] and supported [application/json, application/*+json]
2026-07-31T11:49:18.040+01:00 DEBUG 44908 --- [TuniRate] [http-nio-8080-exec-4] o.s.w.s.m.m.a.HttpEntityMethodProcessor  : Writing [LikeStatusDto[liked=false]]
2026-07-31T11:49:18.041+01:00 DEBUG 44908 --- [TuniRate] [http-nio-8080-exec-4] o.s.web.servlet.DispatcherServlet        : Completed 200 OK
2026-07-31T11:49:18.690+01:00 DEBUG 44908 --- [TuniRate] [http-nio-8080-exec-3] o.s.web.servlet.DispatcherServlet        : GET "/auth/me", parameters={}
2026-07-31T11:49:18.691+01:00 DEBUG 44908 --- [TuniRate] [http-nio-8080-exec-3] s.w.s.m.m.a.RequestMappingHandlerMapping : Mapped to tn.anasazx.tunirate.authentication.controller.AuthController#authenticateUser()
2026-07-31T11:49:18.691+01:00 DEBUG 44908 --- [TuniRate] [http-nio-8080-exec-6] o.s.web.servlet.DispatcherServlet        : GET "/product/39/details", parameters={}
2026-07-31T11:49:18.692+01:00 DEBUG 44908 --- [TuniRate] [http-nio-8080-exec-6] s.w.s.m.m.a.RequestMappingHandlerMapping : Mapped to tn.anasazx.tunirate.product.controller.ProductController#getProductDetails(Long)
2026-07-31T11:49:18.696+01:00 DEBUG 44908 --- [TuniRate] [http-nio-8080-exec-3] o.s.w.s.m.m.a.HttpEntityMethodProcessor  : Using 'application/json', given [application/json, text/plain, */*] and supported [application/json, application/*+json]
2026-07-31T11:49:18.696+01:00 DEBUG 44908 --- [TuniRate] [http-nio-8080-exec-3] o.s.w.s.m.m.a.HttpEntityMethodProcessor  : Writing [MinimizedUserResponse[id=8, name=Anas Riadh Azizi, email=anasriad.azizi@gmail.com, emailVerified=tru (truncated)...]
2026-07-31T11:49:18.697+01:00 DEBUG 44908 --- [TuniRate] [http-nio-8080-exec-7] o.s.web.servlet.DispatcherServlet        : GET "/categories", parameters={}
2026-07-31T11:49:18.697+01:00 DEBUG 44908 --- [TuniRate] [http-nio-8080-exec-7] s.w.s.m.m.a.RequestMappingHandlerMapping : Mapped to tn.anasazx.tunirate.category.controller.CategoryController#getAll()
2026-07-31T11:49:18.698+01:00 DEBUG 44908 --- [TuniRate] [http-nio-8080-exec-3] o.s.web.servlet.DispatcherServlet        : Completed 200 OK
2026-07-31T11:49:18.700+01:00 DEBUG 44908 --- [TuniRate] [http-nio-8080-exec-7] o.s.w.s.m.m.a.HttpEntityMethodProcessor  : Using 'application/json', given [application/json, text/plain, */*] and supported [application/json, application/*+json]
2026-07-31T11:49:18.701+01:00 DEBUG 44908 --- [TuniRate] [http-nio-8080-exec-7] o.s.w.s.m.m.a.HttpEntityMethodProcessor  : Writing [[CategoryResponse[id=2, name=Beauty]]]
2026-07-31T11:49:18.702+01:00 DEBUG 44908 --- [TuniRate] [http-nio-8080-exec-7] o.s.web.servlet.DispatcherServlet        : Completed 200 OK
2026-07-31T11:49:18.707+01:00 DEBUG 44908 --- [TuniRate] [http-nio-8080-exec-2] o.s.web.servlet.DispatcherServlet        : GET "/reviews/product/39?page=0&size=10", parameters={masked}
2026-07-31T11:49:18.707+01:00 DEBUG 44908 --- [TuniRate] [http-nio-8080-exec-2] s.w.s.m.m.a.RequestMappingHandlerMapping : Mapped to tn.anasazx.tunirate.review.controller.ReviewController#getReviewsByProductId(Long, Pageable)
2026-07-31T11:49:18.709+01:00 DEBUG 44908 --- [TuniRate] [http-nio-8080-exec-6] o.s.w.s.m.m.a.HttpEntityMethodProcessor  : Using 'application/json', given [application/json, text/plain, */*] and supported [application/json, application/*+json]
2026-07-31T11:49:18.710+01:00 DEBUG 44908 --- [TuniRate] [http-nio-8080-exec-6] o.s.w.s.m.m.a.HttpEntityMethodProcessor  : Writing [ProductDetailsResponse[id=39, name=Pochette beauté ciel, description=La trousse qui sublime votre ro (truncated)...]
2026-07-31T11:49:18.710+01:00 DEBUG 44908 --- [TuniRate] [http-nio-8080-exec-6] o.s.web.servlet.DispatcherServlet        : Completed 200 OK
2026-07-31T11:49:18.711+01:00 DEBUG 44908 --- [TuniRate] [http-nio-8080-exec-7] o.s.web.servlet.DispatcherServlet        : GET "/invitations/me", parameters={}
2026-07-31T11:49:18.711+01:00 DEBUG 44908 --- [TuniRate] [http-nio-8080-exec-1] o.s.web.servlet.DispatcherServlet        : GET "/categories", parameters={}
2026-07-31T11:49:18.712+01:00 DEBUG 44908 --- [TuniRate] [http-nio-8080-exec-1] s.w.s.m.m.a.RequestMappingHandlerMapping : Mapped to tn.anasazx.tunirate.category.controller.CategoryController#getAll()
2026-07-31T11:49:18.713+01:00 DEBUG 44908 --- [TuniRate] [http-nio-8080-exec-7] s.w.s.m.m.a.RequestMappingHandlerMapping : Mapped to tn.anasazx.tunirate.invitation.controller.CompanyInvitationController#getMyInvitations()
2026-07-31T11:49:18.715+01:00 DEBUG 44908 --- [TuniRate] [http-nio-8080-exec-1] o.s.w.s.m.m.a.HttpEntityMethodProcessor  : Using 'application/json', given [application/json, text/plain, */*] and supported [application/json, application/*+json]
2026-07-31T11:49:18.715+01:00 DEBUG 44908 --- [TuniRate] [http-nio-8080-exec-1] o.s.w.s.m.m.a.HttpEntityMethodProcessor  : Writing [[CategoryResponse[id=2, name=Beauty]]]
2026-07-31T11:49:18.716+01:00 DEBUG 44908 --- [TuniRate] [http-nio-8080-exec-1] o.s.web.servlet.DispatcherServlet        : Completed 200 OK
2026-07-31T11:49:18.716+01:00 DEBUG 44908 --- [TuniRate] [http-nio-8080-exec-7] o.s.w.s.m.m.a.HttpEntityMethodProcessor  : Using 'application/json', given [application/json, text/plain, */*] and supported [application/json, application/*+json]
2026-07-31T11:49:18.717+01:00 DEBUG 44908 --- [TuniRate] [http-nio-8080-exec-7] o.s.w.s.m.m.a.HttpEntityMethodProcessor  : Writing [[]]
2026-07-31T11:49:18.718+01:00 DEBUG 44908 --- [TuniRate] [http-nio-8080-exec-7] o.s.web.servlet.DispatcherServlet        : Completed 200 OK
2026-07-31T11:49:18.728+01:00 DEBUG 44908 --- [TuniRate] [http-nio-8080-exec-5] o.s.web.servlet.DispatcherServlet        : GET "/subcategories", parameters={}
2026-07-31T11:49:18.728+01:00 DEBUG 44908 --- [TuniRate] [http-nio-8080-exec-5] s.w.s.m.m.a.RequestMappingHandlerMapping : Mapped to tn.anasazx.tunirate.subcategory.controller.SubcategoryController#getAll()
2026-07-31T11:49:18.737+01:00 DEBUG 44908 --- [TuniRate] [http-nio-8080-exec-2] o.s.w.s.m.m.a.HttpEntityMethodProcessor  : Using 'application/json', given [application/json, text/plain, */*] and supported [application/json, application/*+json]
2026-07-31T11:49:18.737+01:00 DEBUG 44908 --- [TuniRate] [http-nio-8080-exec-2] o.s.w.s.m.m.a.HttpEntityMethodProcessor  : Writing [ProductReviewsResponse[myReview=ReviewResponse[id=4, rating=3, content=null, user=MinimizedUserRespo (truncated)...]
2026-07-31T11:49:18.738+01:00 DEBUG 44908 --- [TuniRate] [http-nio-8080-exec-5] o.s.w.s.m.m.a.HttpEntityMethodProcessor  : Using 'application/json', given [application/json, text/plain, */*] and supported [application/json, application/*+json]
2026-07-31T11:49:18.738+01:00 DEBUG 44908 --- [TuniRate] [http-nio-8080-exec-5] o.s.w.s.m.m.a.HttpEntityMethodProcessor  : Writing [[SubcategoryResponse[id=3, name=Skincare, categoryId=2, categoryName=Beauty], SubcategoryResponse[id (truncated)...]
2026-07-31T11:49:18.738+01:00 DEBUG 44908 --- [TuniRate] [http-nio-8080-exec-5] o.s.web.servlet.DispatcherServlet        : Completed 200 OK
2026-07-31T11:49:18.738+01:00 DEBUG 44908 --- [TuniRate] [http-nio-8080-exec-2] o.s.web.servlet.DispatcherServlet        : Completed 200 OK
2026-07-31T11:49:18.743+01:00 DEBUG 44908 --- [TuniRate] [http-nio-8080-exec-8] o.s.web.servlet.DispatcherServlet        : GET "/subcategories", parameters={}
2026-07-31T11:49:18.743+01:00 DEBUG 44908 --- [TuniRate] [http-nio-8080-exec-8] s.w.s.m.m.a.RequestMappingHandlerMapping : Mapped to tn.anasazx.tunirate.subcategory.controller.SubcategoryController#getAll()
2026-07-31T11:49:18.748+01:00 DEBUG 44908 --- [TuniRate] [http-nio-8080-exec-8] o.s.w.s.m.m.a.HttpEntityMethodProcessor  : Using 'application/json', given [application/json, text/plain, */*] and supported [application/json, application/*+json]
2026-07-31T11:49:18.748+01:00 DEBUG 44908 --- [TuniRate] [http-nio-8080-exec-8] o.s.w.s.m.m.a.HttpEntityMethodProcessor  : Writing [[SubcategoryResponse[id=3, name=Skincare, categoryId=2, categoryName=Beauty], SubcategoryResponse[id (truncated)...]
2026-07-31T11:49:18.749+01:00 DEBUG 44908 --- [TuniRate] [http-nio-8080-exec-8] o.s.web.servlet.DispatcherServlet        : Completed 200 OK
2026-07-31T11:49:20.032+01:00 DEBUG 44908 --- [TuniRate] [http-nio-8080-exec-4] o.s.web.servlet.DispatcherServlet        : POST "/reviews/4/likes", parameters={}
2026-07-31T11:49:20.032+01:00 DEBUG 44908 --- [TuniRate] [http-nio-8080-exec-4] s.w.s.m.m.a.RequestMappingHandlerMapping : Mapped to tn.anasazx.tunirate.like.reviewLike.controller.ReviewLikeController#addLike(Long)
2026-07-31T11:49:20.042+01:00 DEBUG 44908 --- [TuniRate] [http-nio-8080-exec-4] o.s.w.s.m.m.a.HttpEntityMethodProcessor  : Using 'application/json', given [application/json, text/plain, */*] and supported [application/json, application/*+json]
2026-07-31T11:49:20.042+01:00 DEBUG 44908 --- [TuniRate] [http-nio-8080-exec-4] o.s.w.s.m.m.a.HttpEntityMethodProcessor  : Writing [LikeStatusDto[liked=true]]
2026-07-31T11:49:20.043+01:00 DEBUG 44908 --- [TuniRate] [http-nio-8080-exec-4] o.s.web.servlet.DispatcherServlet        : Completed 200 OK
2026-07-31T11:49:20.919+01:00 DEBUG 44908 --- [TuniRate] [http-nio-8080-exec-3] o.s.web.servlet.DispatcherServlet        : GET "/auth/me", parameters={}
2026-07-31T11:49:20.919+01:00 DEBUG 44908 --- [TuniRate] [http-nio-8080-exec-3] s.w.s.m.m.a.RequestMappingHandlerMapping : Mapped to tn.anasazx.tunirate.authentication.controller.AuthController#authenticateUser()
2026-07-31T11:49:20.921+01:00 DEBUG 44908 --- [TuniRate] [http-nio-8080-exec-9] o.s.web.servlet.DispatcherServlet        : GET "/product/39/details", parameters={}
2026-07-31T11:49:20.921+01:00 DEBUG 44908 --- [TuniRate] [http-nio-8080-exec-9] s.w.s.m.m.a.RequestMappingHandlerMapping : Mapped to tn.anasazx.tunirate.product.controller.ProductController#getProductDetails(Long)
2026-07-31T11:49:20.927+01:00 DEBUG 44908 --- [TuniRate] [http-nio-8080-exec-3] o.s.w.s.m.m.a.HttpEntityMethodProcessor  : Using 'application/json', given [application/json, text/plain, */*] and supported [application/json, application/*+json]
2026-07-31T11:49:20.928+01:00 DEBUG 44908 --- [TuniRate] [http-nio-8080-exec-3] o.s.w.s.m.m.a.HttpEntityMethodProcessor  : Writing [MinimizedUserResponse[id=8, name=Anas Riadh Azizi, email=anasriad.azizi@gmail.com, emailVerified=tru (truncated)...]
2026-07-31T11:49:20.930+01:00 DEBUG 44908 --- [TuniRate] [http-nio-8080-exec-3] o.s.web.servlet.DispatcherServlet        : Completed 200 OK
2026-07-31T11:49:20.931+01:00 DEBUG 44908 --- [TuniRate] [http-nio-8080-exec-6] o.s.web.servlet.DispatcherServlet        : GET "/categories", parameters={}
2026-07-31T11:49:20.931+01:00 DEBUG 44908 --- [TuniRate] [http-nio-8080-exec-6] s.w.s.m.m.a.RequestMappingHandlerMapping : Mapped to tn.anasazx.tunirate.category.controller.CategoryController#getAll()
2026-07-31T11:49:20.938+01:00 DEBUG 44908 --- [TuniRate] [http-nio-8080-exec-6] o.s.w.s.m.m.a.HttpEntityMethodProcessor  : Using 'application/json', given [application/json, text/plain, */*] and supported [application/json, application/*+json]
2026-07-31T11:49:20.939+01:00 DEBUG 44908 --- [TuniRate] [http-nio-8080-exec-6] o.s.w.s.m.m.a.HttpEntityMethodProcessor  : Writing [[CategoryResponse[id=2, name=Beauty]]]
2026-07-31T11:49:20.942+01:00 DEBUG 44908 --- [TuniRate] [http-nio-8080-exec-6] o.s.web.servlet.DispatcherServlet        : Completed 200 OK
2026-07-31T11:49:20.952+01:00 DEBUG 44908 --- [TuniRate] [http-nio-8080-exec-1] o.s.web.servlet.DispatcherServlet        : GET "/reviews/product/39?page=0&size=10", parameters={masked}
2026-07-31T11:49:20.952+01:00 DEBUG 44908 --- [TuniRate] [http-nio-8080-exec-9] o.s.w.s.m.m.a.HttpEntityMethodProcessor  : Using 'application/json', given [application/json, text/plain, */*] and supported [application/json, application/*+json]
2026-07-31T11:49:20.953+01:00 DEBUG 44908 --- [TuniRate] [http-nio-8080-exec-9] o.s.w.s.m.m.a.HttpEntityMethodProcessor  : Writing [ProductDetailsResponse[id=39, name=Pochette beauté ciel, description=La trousse qui sublime votre ro (truncated)...]
2026-07-31T11:49:20.953+01:00 DEBUG 44908 --- [TuniRate] [http-nio-8080-exec-1] s.w.s.m.m.a.RequestMappingHandlerMapping : Mapped to tn.anasazx.tunirate.review.controller.ReviewController#getReviewsByProductId(Long, Pageable)
2026-07-31T11:49:20.954+01:00 DEBUG 44908 --- [TuniRate] [http-nio-8080-exec-9] o.s.web.servlet.DispatcherServlet        : Completed 200 OK
2026-07-31T11:49:20.960+01:00 DEBUG 44908 --- [TuniRate] [http-nio-8080-exec-7] o.s.web.servlet.DispatcherServlet        : GET "/categories", parameters={}
2026-07-31T11:49:20.960+01:00 DEBUG 44908 --- [TuniRate] [http-nio-8080-exec-7] s.w.s.m.m.a.RequestMappingHandlerMapping : Mapped to tn.anasazx.tunirate.category.controller.CategoryController#getAll()
2026-07-31T11:49:20.962+01:00 DEBUG 44908 --- [TuniRate] [http-nio-8080-exec-7] o.s.w.s.m.m.a.HttpEntityMethodProcessor  : Using 'application/json', given [application/json, text/plain, */*] and supported [application/json, application/*+json]
2026-07-31T11:49:20.962+01:00 DEBUG 44908 --- [TuniRate] [http-nio-8080-exec-7] o.s.w.s.m.m.a.HttpEntityMethodProcessor  : Writing [[CategoryResponse[id=2, name=Beauty]]]
2026-07-31T11:49:20.963+01:00 DEBUG 44908 --- [TuniRate] [http-nio-8080-exec-7] o.s.web.servlet.DispatcherServlet        : Completed 200 OK
2026-07-31T11:49:20.975+01:00 DEBUG 44908 --- [TuniRate] [http-nio-8080-exec-1] o.s.w.s.m.m.a.HttpEntityMethodProcessor  : Using 'application/json', given [application/json, text/plain, */*] and supported [application/json, application/*+json]
2026-07-31T11:49:20.976+01:00 DEBUG 44908 --- [TuniRate] [http-nio-8080-exec-1] o.s.w.s.m.m.a.HttpEntityMethodProcessor  : Writing [ProductReviewsResponse[myReview=ReviewResponse[id=4, rating=3, content=null, user=MinimizedUserRespo (truncated)...]
2026-07-31T11:49:20.980+01:00 DEBUG 44908 --- [TuniRate] [http-nio-8080-exec-1] o.s.web.servlet.DispatcherServlet        : Completed 200 OK
2026-07-31T11:49:21.029+01:00 DEBUG 44908 --- [TuniRate] [http-nio-8080-exec-5] o.s.web.servlet.DispatcherServlet        : GET "/invitations/me", parameters={}
2026-07-31T11:49:21.030+01:00 DEBUG 44908 --- [TuniRate] [http-nio-8080-exec-5] s.w.s.m.m.a.RequestMappingHandlerMapping : Mapped to tn.anasazx.tunirate.invitation.controller.CompanyInvitationController#getMyInvitations()
2026-07-31T11:49:21.035+01:00 DEBUG 44908 --- [TuniRate] [http-nio-8080-exec-5] o.s.w.s.m.m.a.HttpEntityMethodProcessor  : Using 'application/json', given [application/json, text/plain, */*] and supported [application/json, application/*+json]
2026-07-31T11:49:21.035+01:00 DEBUG 44908 --- [TuniRate] [http-nio-8080-exec-5] o.s.w.s.m.m.a.HttpEntityMethodProcessor  : Writing [[]]
2026-07-31T11:49:21.036+01:00 DEBUG 44908 --- [TuniRate] [http-nio-8080-exec-5] o.s.web.servlet.DispatcherServlet        : Completed 200 OK
2026-07-31T11:49:21.045+01:00 DEBUG 44908 --- [TuniRate] [http-nio-8080-exec-2] o.s.web.servlet.DispatcherServlet        : GET "/subcategories", parameters={}
2026-07-31T11:49:21.046+01:00 DEBUG 44908 --- [TuniRate] [http-nio-8080-exec-2] s.w.s.m.m.a.RequestMappingHandlerMapping : Mapped to tn.anasazx.tunirate.subcategory.controller.SubcategoryController#getAll()
2026-07-31T11:49:21.057+01:00 DEBUG 44908 --- [TuniRate] [http-nio-8080-exec-2] o.s.w.s.m.m.a.HttpEntityMethodProcessor  : Using 'application/json', given [application/json, text/plain, */*] and supported [application/json, application/*+json]
2026-07-31T11:49:21.057+01:00 DEBUG 44908 --- [TuniRate] [http-nio-8080-exec-2] o.s.w.s.m.m.a.HttpEntityMethodProcessor  : Writing [[SubcategoryResponse[id=3, name=Skincare, categoryId=2, categoryName=Beauty], SubcategoryResponse[id (truncated)...]
2026-07-31T11:49:21.060+01:00 DEBUG 44908 --- [TuniRate] [http-nio-8080-exec-2] o.s.web.servlet.DispatcherServlet        : Completed 200 OK
2026-07-31T11:49:21.063+01:00 DEBUG 44908 --- [TuniRate] [http-nio-8080-exec-8] o.s.web.servlet.DispatcherServlet        : GET "/subcategories", parameters={}
2026-07-31T11:49:21.063+01:00 DEBUG 44908 --- [TuniRate] [http-nio-8080-exec-8] s.w.s.m.m.a.RequestMappingHandlerMapping : Mapped to tn.anasazx.tunirate.subcategory.controller.SubcategoryController#getAll()
2026-07-31T11:49:21.066+01:00 DEBUG 44908 --- [TuniRate] [http-nio-8080-exec-8] o.s.w.s.m.m.a.HttpEntityMethodProcessor  : Using 'application/json', given [application/json, text/plain, */*] and supported [application/json, application/*+json]
2026-07-31T11:49:21.066+01:00 DEBUG 44908 --- [TuniRate] [http-nio-8080-exec-8] o.s.w.s.m.m.a.HttpEntityMethodProcessor  : Writing [[SubcategoryResponse[id=3, name=Skincare, categoryId=2, categoryName=Beauty], SubcategoryResponse[id (truncated)...]
2026-07-31T11:49:21.066+01:00 DEBUG 44908 --- [TuniRate] [http-nio-8080-exec-8] o.s.web.servlet.DispatcherServlet        : Completed 200 OK
2026-07-31T11:49:31.400+01:00 DEBUG 44908 --- [TuniRate] [http-nio-8080-exec-4] o.s.web.servlet.DispatcherServlet        : GET "/comments/review/4?page=0&size=4", parameters={masked}
2026-07-31T11:49:31.400+01:00 DEBUG 44908 --- [TuniRate] [http-nio-8080-exec-4] s.w.s.m.m.a.RequestMappingHandlerMapping : Mapped to tn.anasazx.tunirate.comment.controller.CommentController#getCommentByReviewId(Long, Pageable)
2026-07-31T11:49:31.433+01:00 DEBUG 44908 --- [TuniRate] [http-nio-8080-exec-4] m.m.a.RequestResponseBodyMethodProcessor : Using 'application/json', given [application/json, text/plain, */*] and supported [application/json, application/*+json]
2026-07-31T11:49:31.433+01:00 DEBUG 44908 --- [TuniRate] [http-nio-8080-exec-4] m.m.a.RequestResponseBodyMethodProcessor : Writing [Page 1 of 1 containing tn.anasazx.tunirate.comment.dto.CommentResponse instances]
2026-07-31T11:49:31.435+01:00 DEBUG 44908 --- [TuniRate] [http-nio-8080-exec-4] o.s.web.servlet.DispatcherServlet        : Completed 200 OK
2026-07-31T11:49:40.438+01:00 DEBUG 44908 --- [TuniRate] [http-nio-8080-exec-6] o.s.web.servlet.DispatcherServlet        : DELETE "/reviews/4/likes", parameters={}
2026-07-31T11:49:40.439+01:00 DEBUG 44908 --- [TuniRate] [http-nio-8080-exec-6] s.w.s.m.m.a.RequestMappingHandlerMapping : Mapped to tn.anasazx.tunirate.like.reviewLike.controller.ReviewLikeController#removeLike(Long)
2026-07-31T11:49:40.446+01:00 DEBUG 44908 --- [TuniRate] [http-nio-8080-exec-6] o.s.w.s.m.m.a.HttpEntityMethodProcessor  : Using 'application/json', given [application/json, text/plain, */*] and supported [application/json, application/*+json]
2026-07-31T11:49:40.446+01:00 DEBUG 44908 --- [TuniRate] [http-nio-8080-exec-6] o.s.w.s.m.m.a.HttpEntityMethodProcessor  : Writing [LikeStatusDto[liked=false]]
2026-07-31T11:49:40.446+01:00 DEBUG 44908 --- [TuniRate] [http-nio-8080-exec-6] o.s.web.servlet.DispatcherServlet        : Completed 200 OK
2026-07-31T11:49:40.588+01:00 DEBUG 44908 --- [TuniRate] [http-nio-8080-exec-7] o.s.web.servlet.DispatcherServlet        : POST "/reviews/4/likes", parameters={}
2026-07-31T11:49:40.588+01:00 DEBUG 44908 --- [TuniRate] [http-nio-8080-exec-7] s.w.s.m.m.a.RequestMappingHandlerMapping : Mapped to tn.anasazx.tunirate.like.reviewLike.controller.ReviewLikeController#addLike(Long)
2026-07-31T11:49:40.593+01:00 DEBUG 44908 --- [TuniRate] [http-nio-8080-exec-7] o.s.w.s.m.m.a.HttpEntityMethodProcessor  : Using 'application/json', given [application/json, text/plain, */*] and supported [application/json, application/*+json]
2026-07-31T11:49:40.594+01:00 DEBUG 44908 --- [TuniRate] [http-nio-8080-exec-7] o.s.w.s.m.m.a.HttpEntityMethodProcessor  : Writing [LikeStatusDto[liked=true]]
2026-07-31T11:49:40.594+01:00 DEBUG 44908 --- [TuniRate] [http-nio-8080-exec-7] o.s.web.servlet.DispatcherServlet        : Completed 200 OK
2026-07-31T11:49:40.743+01:00 DEBUG 44908 --- [TuniRate] [http-nio-8080-exec-1] o.s.web.servlet.DispatcherServlet        : DELETE "/reviews/4/likes", parameters={}
2026-07-31T11:49:40.743+01:00 DEBUG 44908 --- [TuniRate] [http-nio-8080-exec-1] s.w.s.m.m.a.RequestMappingHandlerMapping : Mapped to tn.anasazx.tunirate.like.reviewLike.controller.ReviewLikeController#removeLike(Long)
2026-07-31T11:49:40.748+01:00 DEBUG 44908 --- [TuniRate] [http-nio-8080-exec-1] o.s.w.s.m.m.a.HttpEntityMethodProcessor  : Using 'application/json', given [application/json, text/plain, */*] and supported [application/json, application/*+json]
2026-07-31T11:49:40.748+01:00 DEBUG 44908 --- [TuniRate] [http-nio-8080-exec-1] o.s.w.s.m.m.a.HttpEntityMethodProcessor  : Writing [LikeStatusDto[liked=false]]
2026-07-31T11:49:40.749+01:00 DEBUG 44908 --- [TuniRate] [http-nio-8080-exec-1] o.s.web.servlet.DispatcherServlet        : Completed 200 OK
2026-07-31T11:49:40.906+01:00 DEBUG 44908 --- [TuniRate] [http-nio-8080-exec-5] o.s.web.servlet.DispatcherServlet        : POST "/reviews/4/likes", parameters={}
2026-07-31T11:49:40.906+01:00 DEBUG 44908 --- [TuniRate] [http-nio-8080-exec-5] s.w.s.m.m.a.RequestMappingHandlerMapping : Mapped to tn.anasazx.tunirate.like.reviewLike.controller.ReviewLikeController#addLike(Long)
2026-07-31T11:49:40.913+01:00 DEBUG 44908 --- [TuniRate] [http-nio-8080-exec-5] o.s.w.s.m.m.a.HttpEntityMethodProcessor  : Using 'application/json', given [application/json, text/plain, */*] and supported [application/json, application/*+json]
2026-07-31T11:49:40.913+01:00 DEBUG 44908 --- [TuniRate] [http-nio-8080-exec-5] o.s.w.s.m.m.a.HttpEntityMethodProcessor  : Writing [LikeStatusDto[liked=true]]
2026-07-31T11:49:40.913+01:00 DEBUG 44908 --- [TuniRate] [http-nio-8080-exec-5] o.s.web.servlet.DispatcherServlet        : Completed 200 OK
2026-07-31T11:49:41.062+01:00 DEBUG 44908 --- [TuniRate] [http-nio-8080-exec-2] o.s.web.servlet.DispatcherServlet        : DELETE "/reviews/4/likes", parameters={}
2026-07-31T11:49:41.063+01:00 DEBUG 44908 --- [TuniRate] [http-nio-8080-exec-2] s.w.s.m.m.a.RequestMappingHandlerMapping : Mapped to tn.anasazx.tunirate.like.reviewLike.controller.ReviewLikeController#removeLike(Long)
2026-07-31T11:49:41.068+01:00 DEBUG 44908 --- [TuniRate] [http-nio-8080-exec-2] o.s.w.s.m.m.a.HttpEntityMethodProcessor  : Using 'application/json', given [application/json, text/plain, */*] and supported [application/json, application/*+json]
2026-07-31T11:49:41.068+01:00 DEBUG 44908 --- [TuniRate] [http-nio-8080-exec-2] o.s.w.s.m.m.a.HttpEntityMethodProcessor  : Writing [LikeStatusDto[liked=false]]
2026-07-31T11:49:41.068+01:00 DEBUG 44908 --- [TuniRate] [http-nio-8080-exec-2] o.s.web.servlet.DispatcherServlet        : Completed 200 OK
2026-07-31T11:49:41.217+01:00 DEBUG 44908 --- [TuniRate] [http-nio-8080-exec-8] o.s.web.servlet.DispatcherServlet        : POST "/reviews/4/likes", parameters={}
2026-07-31T11:49:41.217+01:00 DEBUG 44908 --- [TuniRate] [http-nio-8080-exec-8] s.w.s.m.m.a.RequestMappingHandlerMapping : Mapped to tn.anasazx.tunirate.like.reviewLike.controller.ReviewLikeController#addLike(Long)
2026-07-31T11:49:41.226+01:00 DEBUG 44908 --- [TuniRate] [http-nio-8080-exec-8] o.s.w.s.m.m.a.HttpEntityMethodProcessor  : Using 'application/json', given [application/json, text/plain, */*] and supported [application/json, application/*+json]
2026-07-31T11:49:41.226+01:00 DEBUG 44908 --- [TuniRate] [http-nio-8080-exec-8] o.s.w.s.m.m.a.HttpEntityMethodProcessor  : Writing [LikeStatusDto[liked=true]]
2026-07-31T11:49:41.226+01:00 DEBUG 44908 --- [TuniRate] [http-nio-8080-exec-8] o.s.web.servlet.DispatcherServlet        : Completed 200 OK
2026-07-31T11:49:41.391+01:00 DEBUG 44908 --- [TuniRate] [http-nio-8080-exec-10] o.s.web.servlet.DispatcherServlet        : DELETE "/reviews/4/likes", parameters={}
2026-07-31T11:49:41.392+01:00 DEBUG 44908 --- [TuniRate] [http-nio-8080-exec-10] s.w.s.m.m.a.RequestMappingHandlerMapping : Mapped to tn.anasazx.tunirate.like.reviewLike.controller.ReviewLikeController#removeLike(Long)
2026-07-31T11:49:41.396+01:00 DEBUG 44908 --- [TuniRate] [http-nio-8080-exec-10] o.s.w.s.m.m.a.HttpEntityMethodProcessor  : Using 'application/json', given [application/json, text/plain, */*] and supported [application/json, application/*+json]
2026-07-31T11:49:41.396+01:00 DEBUG 44908 --- [TuniRate] [http-nio-8080-exec-10] o.s.w.s.m.m.a.HttpEntityMethodProcessor  : Writing [LikeStatusDto[liked=false]]
2026-07-31T11:49:41.396+01:00 DEBUG 44908 --- [TuniRate] [http-nio-8080-exec-10] o.s.web.servlet.DispatcherServlet        : Completed 200 OK
2026-07-31T11:49:41.555+01:00 DEBUG 44908 --- [TuniRate] [http-nio-8080-exec-4] o.s.web.servlet.DispatcherServlet        : POST "/reviews/4/likes", parameters={}
2026-07-31T11:49:41.556+01:00 DEBUG 44908 --- [TuniRate] [http-nio-8080-exec-4] s.w.s.m.m.a.RequestMappingHandlerMapping : Mapped to tn.anasazx.tunirate.like.reviewLike.controller.ReviewLikeController#addLike(Long)
2026-07-31T11:49:41.561+01:00 DEBUG 44908 --- [TuniRate] [http-nio-8080-exec-4] o.s.w.s.m.m.a.HttpEntityMethodProcessor  : Using 'application/json', given [application/json, text/plain, */*] and supported [application/json, application/*+json]
2026-07-31T11:49:41.561+01:00 DEBUG 44908 --- [TuniRate] [http-nio-8080-exec-4] o.s.w.s.m.m.a.HttpEntityMethodProcessor  : Writing [LikeStatusDto[liked=true]]
2026-07-31T11:49:41.562+01:00 DEBUG 44908 --- [TuniRate] [http-nio-8080-exec-4] o.s.web.servlet.DispatcherServlet        : Completed 200 OK
2026-07-31T11:49:41.705+01:00 DEBUG 44908 --- [TuniRate] [http-nio-8080-exec-3] o.s.web.servlet.DispatcherServlet        : DELETE "/reviews/4/likes", parameters={}
2026-07-31T11:49:41.705+01:00 DEBUG 44908 --- [TuniRate] [http-nio-8080-exec-3] s.w.s.m.m.a.RequestMappingHandlerMapping : Mapped to tn.anasazx.tunirate.like.reviewLike.controller.ReviewLikeController#removeLike(Long)
2026-07-31T11:49:41.709+01:00 DEBUG 44908 --- [TuniRate] [http-nio-8080-exec-3] o.s.w.s.m.m.a.HttpEntityMethodProcessor  : Using 'application/json', given [application/json, text/plain, */*] and supported [application/json, application/*+json]
2026-07-31T11:49:41.709+01:00 DEBUG 44908 --- [TuniRate] [http-nio-8080-exec-3] o.s.w.s.m.m.a.HttpEntityMethodProcessor  : Writing [LikeStatusDto[liked=false]]
2026-07-31T11:49:41.710+01:00 DEBUG 44908 --- [TuniRate] [http-nio-8080-exec-3] o.s.web.servlet.DispatcherServlet        : Completed 200 OK
2026-07-31T11:49:41.877+01:00 DEBUG 44908 --- [TuniRate] [http-nio-8080-exec-6] o.s.web.servlet.DispatcherServlet        : POST "/reviews/4/likes", parameters={}
2026-07-31T11:49:41.878+01:00 DEBUG 44908 --- [TuniRate] [http-nio-8080-exec-6] s.w.s.m.m.a.RequestMappingHandlerMapping : Mapped to tn.anasazx.tunirate.like.reviewLike.controller.ReviewLikeController#addLike(Long)
2026-07-31T11:49:41.887+01:00 DEBUG 44908 --- [TuniRate] [http-nio-8080-exec-6] o.s.w.s.m.m.a.HttpEntityMethodProcessor  : Using 'application/json', given [application/json, text/plain, */*] and supported [application/json, application/*+json]
2026-07-31T11:49:41.888+01:00 DEBUG 44908 --- [TuniRate] [http-nio-8080-exec-6] o.s.w.s.m.m.a.HttpEntityMethodProcessor  : Writing [LikeStatusDto[liked=true]]
2026-07-31T11:49:41.888+01:00 DEBUG 44908 --- [TuniRate] [http-nio-8080-exec-6] o.s.web.servlet.DispatcherServlet        : Completed 200 OK
2026-07-31T11:49:42.027+01:00 DEBUG 44908 --- [TuniRate] [http-nio-8080-exec-9] o.s.web.servlet.DispatcherServlet        : DELETE "/reviews/4/likes", parameters={}
2026-07-31T11:49:42.027+01:00 DEBUG 44908 --- [TuniRate] [http-nio-8080-exec-9] s.w.s.m.m.a.RequestMappingHandlerMapping : Mapped to tn.anasazx.tunirate.like.reviewLike.controller.ReviewLikeController#removeLike(Long)
2026-07-31T11:49:42.032+01:00 DEBUG 44908 --- [TuniRate] [http-nio-8080-exec-9] o.s.w.s.m.m.a.HttpEntityMethodProcessor  : Using 'application/json', given [application/json, text/plain, */*] and supported [application/json, application/*+json]
2026-07-31T11:49:42.032+01:00 DEBUG 44908 --- [TuniRate] [http-nio-8080-exec-9] o.s.w.s.m.m.a.HttpEntityMethodProcessor  : Writing [LikeStatusDto[liked=false]]
2026-07-31T11:49:42.033+01:00 DEBUG 44908 --- [TuniRate] [http-nio-8080-exec-9] o.s.web.servlet.DispatcherServlet        : Completed 200 OK
2026-07-31T11:49:42.177+01:00 DEBUG 44908 --- [TuniRate] [http-nio-8080-exec-7] o.s.web.servlet.DispatcherServlet        : POST "/reviews/4/likes", parameters={}
2026-07-31T11:49:42.178+01:00 DEBUG 44908 --- [TuniRate] [http-nio-8080-exec-7] s.w.s.m.m.a.RequestMappingHandlerMapping : Mapped to tn.anasazx.tunirate.like.reviewLike.controller.ReviewLikeController#addLike(Long)
2026-07-31T11:49:42.183+01:00 DEBUG 44908 --- [TuniRate] [http-nio-8080-exec-7] o.s.w.s.m.m.a.HttpEntityMethodProcessor  : Using 'application/json', given [application/json, text/plain, */*] and supported [application/json, application/*+json]
2026-07-31T11:49:42.183+01:00 DEBUG 44908 --- [TuniRate] [http-nio-8080-exec-7] o.s.w.s.m.m.a.HttpEntityMethodProcessor  : Writing [LikeStatusDto[liked=true]]
2026-07-31T11:49:42.184+01:00 DEBUG 44908 --- [TuniRate] [http-nio-8080-exec-7] o.s.web.servlet.DispatcherServlet        : Completed 200 OK
2026-07-31T11:49:42.327+01:00 DEBUG 44908 --- [TuniRate] [http-nio-8080-exec-1] o.s.web.servlet.DispatcherServlet        : DELETE "/reviews/4/likes", parameters={}
2026-07-31T11:49:42.327+01:00 DEBUG 44908 --- [TuniRate] [http-nio-8080-exec-1] s.w.s.m.m.a.RequestMappingHandlerMapping : Mapped to tn.anasazx.tunirate.like.reviewLike.controller.ReviewLikeController#removeLike(Long)
2026-07-31T11:49:42.332+01:00 DEBUG 44908 --- [TuniRate] [http-nio-8080-exec-1] o.s.w.s.m.m.a.HttpEntityMethodProcessor  : Using 'application/json', given [application/json, text/plain, */*] and supported [application/json, application/*+json]
2026-07-31T11:49:42.333+01:00 DEBUG 44908 --- [TuniRate] [http-nio-8080-exec-1] o.s.w.s.m.m.a.HttpEntityMethodProcessor  : Writing [LikeStatusDto[liked=false]]
2026-07-31T11:49:42.333+01:00 DEBUG 44908 --- [TuniRate] [http-nio-8080-exec-1] o.s.web.servlet.DispatcherServlet        : Completed 200 OK
2026-07-31T11:49:42.494+01:00 DEBUG 44908 --- [TuniRate] [http-nio-8080-exec-5] o.s.web.servlet.DispatcherServlet        : POST "/reviews/4/likes", parameters={}
2026-07-31T11:49:42.494+01:00 DEBUG 44908 --- [TuniRate] [http-nio-8080-exec-5] s.w.s.m.m.a.RequestMappingHandlerMapping : Mapped to tn.anasazx.tunirate.like.reviewLike.controller.ReviewLikeController#addLike(Long)
2026-07-31T11:49:42.499+01:00 DEBUG 44908 --- [TuniRate] [http-nio-8080-exec-5] o.s.w.s.m.m.a.HttpEntityMethodProcessor  : Using 'application/json', given [application/json, text/plain, */*] and supported [application/json, application/*+json]
2026-07-31T11:49:42.499+01:00 DEBUG 44908 --- [TuniRate] [http-nio-8080-exec-5] o.s.w.s.m.m.a.HttpEntityMethodProcessor  : Writing [LikeStatusDto[liked=true]]
2026-07-31T11:49:42.499+01:00 DEBUG 44908 --- [TuniRate] [http-nio-8080-exec-5] o.s.web.servlet.DispatcherServlet        : Completed 200 OK
2026-07-31T11:49:42.854+01:00 DEBUG 44908 --- [TuniRate] [http-nio-8080-exec-2] o.s.web.servlet.DispatcherServlet        : DELETE "/reviews/4/likes", parameters={}
2026-07-31T11:49:42.855+01:00 DEBUG 44908 --- [TuniRate] [http-nio-8080-exec-2] s.w.s.m.m.a.RequestMappingHandlerMapping : Mapped to tn.anasazx.tunirate.like.reviewLike.controller.ReviewLikeController#removeLike(Long)
2026-07-31T11:49:42.866+01:00 DEBUG 44908 --- [TuniRate] [http-nio-8080-exec-2] o.s.w.s.m.m.a.HttpEntityMethodProcessor  : Using 'application/json', given [application/json, text/plain, */*] and supported [application/json, application/*+json]
2026-07-31T11:49:42.866+01:00 DEBUG 44908 --- [TuniRate] [http-nio-8080-exec-2] o.s.w.s.m.m.a.HttpEntityMethodProcessor  : Writing [LikeStatusDto[liked=false]]
2026-07-31T11:49:42.866+01:00 DEBUG 44908 --- [TuniRate] [http-nio-8080-exec-2] o.s.web.servlet.DispatcherServlet        : Completed 200 OK
2026-07-31T11:49:42.996+01:00 DEBUG 44908 --- [TuniRate] [http-nio-8080-exec-8] o.s.web.servlet.DispatcherServlet        : POST "/reviews/4/likes", parameters={}
2026-07-31T11:49:42.996+01:00 DEBUG 44908 --- [TuniRate] [http-nio-8080-exec-8] s.w.s.m.m.a.RequestMappingHandlerMapping : Mapped to tn.anasazx.tunirate.like.reviewLike.controller.ReviewLikeController#addLike(Long)
2026-07-31T11:49:43.001+01:00 DEBUG 44908 --- [TuniRate] [http-nio-8080-exec-8] o.s.w.s.m.m.a.HttpEntityMethodProcessor  : Using 'application/json', given [application/json, text/plain, */*] and supported [application/json, application/*+json]
2026-07-31T11:49:43.001+01:00 DEBUG 44908 --- [TuniRate] [http-nio-8080-exec-8] o.s.w.s.m.m.a.HttpEntityMethodProcessor  : Writing [LikeStatusDto[liked=true]]
2026-07-31T11:49:43.002+01:00 DEBUG 44908 --- [TuniRate] [http-nio-8080-exec-8] o.s.web.servlet.DispatcherServlet        : Completed 200 OK
2026-07-31T11:49:43.191+01:00 DEBUG 44908 --- [TuniRate] [http-nio-8080-exec-10] o.s.web.servlet.DispatcherServlet        : DELETE "/reviews/4/likes", parameters={}
2026-07-31T11:49:43.191+01:00 DEBUG 44908 --- [TuniRate] [http-nio-8080-exec-10] s.w.s.m.m.a.RequestMappingHandlerMapping : Mapped to tn.anasazx.tunirate.like.reviewLike.controller.ReviewLikeController#removeLike(Long)
2026-07-31T11:49:43.197+01:00 DEBUG 44908 --- [TuniRate] [http-nio-8080-exec-10] o.s.w.s.m.m.a.HttpEntityMethodProcessor  : Using 'application/json', given [application/json, text/plain, */*] and supported [application/json, application/*+json]
2026-07-31T11:49:43.197+01:00 DEBUG 44908 --- [TuniRate] [http-nio-8080-exec-10] o.s.w.s.m.m.a.HttpEntityMethodProcessor  : Writing [LikeStatusDto[liked=false]]
2026-07-31T11:49:43.197+01:00 DEBUG 44908 --- [TuniRate] [http-nio-8080-exec-10] o.s.web.servlet.DispatcherServlet        : Completed 200 OK
2026-07-31T11:49:43.334+01:00 DEBUG 44908 --- [TuniRate] [http-nio-8080-exec-4] o.s.web.servlet.DispatcherServlet        : POST "/reviews/4/likes", parameters={}
2026-07-31T11:49:43.334+01:00 DEBUG 44908 --- [TuniRate] [http-nio-8080-exec-4] s.w.s.m.m.a.RequestMappingHandlerMapping : Mapped to tn.anasazx.tunirate.like.reviewLike.controller.ReviewLikeController#addLike(Long)
2026-07-31T11:49:43.340+01:00 DEBUG 44908 --- [TuniRate] [http-nio-8080-exec-4] o.s.w.s.m.m.a.HttpEntityMethodProcessor  : Using 'application/json', given [application/json, text/plain, */*] and supported [application/json, application/*+json]
2026-07-31T11:49:43.341+01:00 DEBUG 44908 --- [TuniRate] [http-nio-8080-exec-4] o.s.w.s.m.m.a.HttpEntityMethodProcessor  : Writing [LikeStatusDto[liked=true]]
2026-07-31T11:49:43.341+01:00 DEBUG 44908 --- [TuniRate] [http-nio-8080-exec-4] o.s.web.servlet.DispatcherServlet        : Completed 200 OK
2026-07-31T11:49:43.497+01:00 DEBUG 44908 --- [TuniRate] [http-nio-8080-exec-3] o.s.web.servlet.DispatcherServlet        : DELETE "/reviews/4/likes", parameters={}
2026-07-31T11:49:43.497+01:00 DEBUG 44908 --- [TuniRate] [http-nio-8080-exec-3] s.w.s.m.m.a.RequestMappingHandlerMapping : Mapped to tn.anasazx.tunirate.like.reviewLike.controller.ReviewLikeController#removeLike(Long)
2026-07-31T11:49:43.502+01:00 DEBUG 44908 --- [TuniRate] [http-nio-8080-exec-3] o.s.w.s.m.m.a.HttpEntityMethodProcessor  : Using 'application/json', given [application/json, text/plain, */*] and supported [application/json, application/*+json]
2026-07-31T11:49:43.502+01:00 DEBUG 44908 --- [TuniRate] [http-nio-8080-exec-3] o.s.w.s.m.m.a.HttpEntityMethodProcessor  : Writing [LikeStatusDto[liked=false]]
2026-07-31T11:49:43.503+01:00 DEBUG 44908 --- [TuniRate] [http-nio-8080-exec-3] o.s.web.servlet.DispatcherServlet        : Completed 200 OK
2026-07-31T11:49:43.678+01:00 DEBUG 44908 --- [TuniRate] [http-nio-8080-exec-6] o.s.web.servlet.DispatcherServlet        : POST "/reviews/4/likes", parameters={}
2026-07-31T11:49:43.679+01:00 DEBUG 44908 --- [TuniRate] [http-nio-8080-exec-6] s.w.s.m.m.a.RequestMappingHandlerMapping : Mapped to tn.anasazx.tunirate.like.reviewLike.controller.ReviewLikeController#addLike(Long)
2026-07-31T11:49:43.683+01:00 DEBUG 44908 --- [TuniRate] [http-nio-8080-exec-6] o.s.w.s.m.m.a.HttpEntityMethodProcessor  : Using 'application/json', given [application/json, text/plain, */*] and supported [application/json, application/*+json]
2026-07-31T11:49:43.683+01:00 DEBUG 44908 --- [TuniRate] [http-nio-8080-exec-6] o.s.w.s.m.m.a.HttpEntityMethodProcessor  : Writing [LikeStatusDto[liked=true]]
2026-07-31T11:49:43.684+01:00 DEBUG 44908 --- [TuniRate] [http-nio-8080-exec-6] o.s.web.servlet.DispatcherServlet        : Completed 200 OK
2026-07-31T11:49:43.843+01:00 DEBUG 44908 --- [TuniRate] [http-nio-8080-exec-9] o.s.web.servlet.DispatcherServlet        : DELETE "/reviews/4/likes", parameters={}
2026-07-31T11:49:43.843+01:00 DEBUG 44908 --- [TuniRate] [http-nio-8080-exec-9] s.w.s.m.m.a.RequestMappingHandlerMapping : Mapped to tn.anasazx.tunirate.like.reviewLike.controller.ReviewLikeController#removeLike(Long)
2026-07-31T11:49:43.848+01:00 DEBUG 44908 --- [TuniRate] [http-nio-8080-exec-9] o.s.w.s.m.m.a.HttpEntityMethodProcessor  : Using 'application/json', given [application/json, text/plain, */*] and supported [application/json, application/*+json]
2026-07-31T11:49:43.848+01:00 DEBUG 44908 --- [TuniRate] [http-nio-8080-exec-9] o.s.w.s.m.m.a.HttpEntityMethodProcessor  : Writing [LikeStatusDto[liked=false]]
2026-07-31T11:49:43.849+01:00 DEBUG 44908 --- [TuniRate] [http-nio-8080-exec-9] o.s.web.servlet.DispatcherServlet        : Completed 200 OK
2026-07-31T11:49:44.004+01:00 DEBUG 44908 --- [TuniRate] [http-nio-8080-exec-7] o.s.web.servlet.DispatcherServlet        : POST "/reviews/4/likes", parameters={}
2026-07-31T11:49:44.004+01:00 DEBUG 44908 --- [TuniRate] [http-nio-8080-exec-7] s.w.s.m.m.a.RequestMappingHandlerMapping : Mapped to tn.anasazx.tunirate.like.reviewLike.controller.ReviewLikeController#addLike(Long)
2026-07-31T11:49:44.008+01:00 DEBUG 44908 --- [TuniRate] [http-nio-8080-exec-7] o.s.w.s.m.m.a.HttpEntityMethodProcessor  : Using 'application/json', given [application/json, text/plain, */*] and supported [application/json, application/*+json]
2026-07-31T11:49:44.009+01:00 DEBUG 44908 --- [TuniRate] [http-nio-8080-exec-7] o.s.w.s.m.m.a.HttpEntityMethodProcessor  : Writing [LikeStatusDto[liked=true]]
2026-07-31T11:49:44.009+01:00 DEBUG 44908 --- [TuniRate] [http-nio-8080-exec-7] o.s.web.servlet.DispatcherServlet        : Completed 200 OK
2026-07-31T11:49:44.173+01:00 DEBUG 44908 --- [TuniRate] [http-nio-8080-exec-1] o.s.web.servlet.DispatcherServlet        : DELETE "/reviews/4/likes", parameters={}
2026-07-31T11:49:44.174+01:00 DEBUG 44908 --- [TuniRate] [http-nio-8080-exec-1] s.w.s.m.m.a.RequestMappingHandlerMapping : Mapped to tn.anasazx.tunirate.like.reviewLike.controller.ReviewLikeController#removeLike(Long)
2026-07-31T11:49:44.179+01:00 DEBUG 44908 --- [TuniRate] [http-nio-8080-exec-1] o.s.w.s.m.m.a.HttpEntityMethodProcessor  : Using 'application/json', given [application/json, text/plain, */*] and supported [application/json, application/*+json]
2026-07-31T11:49:44.179+01:00 DEBUG 44908 --- [TuniRate] [http-nio-8080-exec-1] o.s.w.s.m.m.a.HttpEntityMethodProcessor  : Writing [LikeStatusDto[liked=false]]
2026-07-31T11:49:44.180+01:00 DEBUG 44908 --- [TuniRate] [http-nio-8080-exec-1] o.s.web.servlet.DispatcherServlet        : Completed 200 OK
2026-07-31T11:49:44.338+01:00 DEBUG 44908 --- [TuniRate] [http-nio-8080-exec-5] o.s.web.servlet.DispatcherServlet        : POST "/reviews/4/likes", parameters={}
2026-07-31T11:49:44.338+01:00 DEBUG 44908 --- [TuniRate] [http-nio-8080-exec-5] s.w.s.m.m.a.RequestMappingHandlerMapping : Mapped to tn.anasazx.tunirate.like.reviewLike.controller.ReviewLikeController#addLike(Long)
2026-07-31T11:49:44.343+01:00 DEBUG 44908 --- [TuniRate] [http-nio-8080-exec-5] o.s.w.s.m.m.a.HttpEntityMethodProcessor  : Using 'application/json', given [application/json, text/plain, */*] and supported [application/json, application/*+json]
2026-07-31T11:49:44.343+01:00 DEBUG 44908 --- [TuniRate] [http-nio-8080-exec-5] o.s.w.s.m.m.a.HttpEntityMethodProcessor  : Writing [LikeStatusDto[liked=true]]
2026-07-31T11:49:44.344+01:00 DEBUG 44908 --- [TuniRate] [http-nio-8080-exec-5] o.s.web.servlet.DispatcherServlet        : Completed 200 OK
2026-07-31T11:49:44.510+01:00 DEBUG 44908 --- [TuniRate] [http-nio-8080-exec-2] o.s.web.servlet.DispatcherServlet        : DELETE "/reviews/4/likes", parameters={}
2026-07-31T11:49:44.511+01:00 DEBUG 44908 --- [TuniRate] [http-nio-8080-exec-2] s.w.s.m.m.a.RequestMappingHandlerMapping : Mapped to tn.anasazx.tunirate.like.reviewLike.controller.ReviewLikeController#removeLike(Long)
2026-07-31T11:49:44.516+01:00 DEBUG 44908 --- [TuniRate] [http-nio-8080-exec-2] o.s.w.s.m.m.a.HttpEntityMethodProcessor  : Using 'application/json', given [application/json, text/plain, */*] and supported [application/json, application/*+json]
2026-07-31T11:49:44.516+01:00 DEBUG 44908 --- [TuniRate] [http-nio-8080-exec-2] o.s.w.s.m.m.a.HttpEntityMethodProcessor  : Writing [LikeStatusDto[liked=false]]
2026-07-31T11:49:44.516+01:00 DEBUG 44908 --- [TuniRate] [http-nio-8080-exec-2] o.s.web.servlet.DispatcherServlet        : Completed 200 OK
2026-07-31T11:49:44.668+01:00 DEBUG 44908 --- [TuniRate] [http-nio-8080-exec-8] o.s.web.servlet.DispatcherServlet        : POST "/reviews/4/likes", parameters={}
2026-07-31T11:49:44.668+01:00 DEBUG 44908 --- [TuniRate] [http-nio-8080-exec-8] s.w.s.m.m.a.RequestMappingHandlerMapping : Mapped to tn.anasazx.tunirate.like.reviewLike.controller.ReviewLikeController#addLike(Long)
2026-07-31T11:49:44.672+01:00 DEBUG 44908 --- [TuniRate] [http-nio-8080-exec-8] o.s.w.s.m.m.a.HttpEntityMethodProcessor  : Using 'application/json', given [application/json, text/plain, */*] and supported [application/json, application/*+json]
2026-07-31T11:49:44.672+01:00 DEBUG 44908 --- [TuniRate] [http-nio-8080-exec-8] o.s.w.s.m.m.a.HttpEntityMethodProcessor  : Writing [LikeStatusDto[liked=true]]
2026-07-31T11:49:44.673+01:00 DEBUG 44908 --- [TuniRate] [http-nio-8080-exec-8] o.s.web.servlet.DispatcherServlet        : Completed 200 OK
2026-07-31T11:49:44.826+01:00 DEBUG 44908 --- [TuniRate] [http-nio-8080-exec-10] o.s.web.servlet.DispatcherServlet        : DELETE "/reviews/4/likes", parameters={}
2026-07-31T11:49:44.826+01:00 DEBUG 44908 --- [TuniRate] [http-nio-8080-exec-10] s.w.s.m.m.a.RequestMappingHandlerMapping : Mapped to tn.anasazx.tunirate.like.reviewLike.controller.ReviewLikeController#removeLike(Long)
2026-07-31T11:49:44.831+01:00 DEBUG 44908 --- [TuniRate] [http-nio-8080-exec-10] o.s.w.s.m.m.a.HttpEntityMethodProcessor  : Using 'application/json', given [application/json, text/plain, */*] and supported [application/json, application/*+json]
2026-07-31T11:49:44.831+01:00 DEBUG 44908 --- [TuniRate] [http-nio-8080-exec-10] o.s.w.s.m.m.a.HttpEntityMethodProcessor  : Writing [LikeStatusDto[liked=false]]
2026-07-31T11:49:44.831+01:00 DEBUG 44908 --- [TuniRate] [http-nio-8080-exec-10] o.s.web.servlet.DispatcherServlet        : Completed 200 OK
2026-07-31T11:49:45.000+01:00 DEBUG 44908 --- [TuniRate] [http-nio-8080-exec-4] o.s.web.servlet.DispatcherServlet        : POST "/reviews/4/likes", parameters={}
2026-07-31T11:49:45.000+01:00 DEBUG 44908 --- [TuniRate] [http-nio-8080-exec-4] s.w.s.m.m.a.RequestMappingHandlerMapping : Mapped to tn.anasazx.tunirate.like.reviewLike.controller.ReviewLikeController#addLike(Long)
2026-07-31T11:49:45.006+01:00 DEBUG 44908 --- [TuniRate] [http-nio-8080-exec-4] o.s.w.s.m.m.a.HttpEntityMethodProcessor  : Using 'application/json', given [application/json, text/plain, */*] and supported [application/json, application/*+json]
2026-07-31T11:49:45.006+01:00 DEBUG 44908 --- [TuniRate] [http-nio-8080-exec-4] o.s.w.s.m.m.a.HttpEntityMethodProcessor  : Writing [LikeStatusDto[liked=true]]
2026-07-31T11:49:45.006+01:00 DEBUG 44908 --- [TuniRate] [http-nio-8080-exec-4] o.s.web.servlet.DispatcherServlet        : Completed 200 OK
2026-07-31T11:49:45.297+01:00 DEBUG 44908 --- [TuniRate] [http-nio-8080-exec-3] o.s.web.servlet.DispatcherServlet        : DELETE "/reviews/4/likes", parameters={}
2026-07-31T11:49:45.298+01:00 DEBUG 44908 --- [TuniRate] [http-nio-8080-exec-3] s.w.s.m.m.a.RequestMappingHandlerMapping : Mapped to tn.anasazx.tunirate.like.reviewLike.controller.ReviewLikeController#removeLike(Long)
2026-07-31T11:49:45.306+01:00 DEBUG 44908 --- [TuniRate] [http-nio-8080-exec-3] o.s.w.s.m.m.a.HttpEntityMethodProcessor  : Using 'application/json', given [application/json, text/plain, */*] and supported [application/json, application/*+json]
2026-07-31T11:49:45.306+01:00 DEBUG 44908 --- [TuniRate] [http-nio-8080-exec-3] o.s.w.s.m.m.a.HttpEntityMethodProcessor  : Writing [LikeStatusDto[liked=false]]
2026-07-31T11:49:45.308+01:00 DEBUG 44908 --- [TuniRate] [http-nio-8080-exec-3] o.s.web.servlet.DispatcherServlet        : Completed 200 OK
2026-07-31T11:49:45.473+01:00 DEBUG 44908 --- [TuniRate] [http-nio-8080-exec-6] o.s.web.servlet.DispatcherServlet        : POST "/reviews/4/likes", parameters={}
2026-07-31T11:49:45.474+01:00 DEBUG 44908 --- [TuniRate] [http-nio-8080-exec-6] s.w.s.m.m.a.RequestMappingHandlerMapping : Mapped to tn.anasazx.tunirate.like.reviewLike.controller.ReviewLikeController#addLike(Long)
2026-07-31T11:49:45.478+01:00 DEBUG 44908 --- [TuniRate] [http-nio-8080-exec-6] o.s.w.s.m.m.a.HttpEntityMethodProcessor  : Using 'application/json', given [application/json, text/plain, */*] and supported [application/json, application/*+json]
2026-07-31T11:49:45.478+01:00 DEBUG 44908 --- [TuniRate] [http-nio-8080-exec-6] o.s.w.s.m.m.a.HttpEntityMethodProcessor  : Writing [LikeStatusDto[liked=true]]
2026-07-31T11:49:45.479+01:00 DEBUG 44908 --- [TuniRate] [http-nio-8080-exec-6] o.s.web.servlet.DispatcherServlet        : Completed 200 OK
2026-07-31T12:22:00.338+01:00 DEBUG 44908 --- [TuniRate] [http-nio-8080-exec-8] o.s.web.servlet.DispatcherServlet        : GET "/auth/me", parameters={}
2026-07-31T12:22:00.338+01:00 DEBUG 44908 --- [TuniRate] [http-nio-8080-exec-4] o.s.web.servlet.DispatcherServlet        : GET "/reviews/product/39?page=0&size=10", parameters={masked}
2026-07-31T12:22:00.338+01:00 DEBUG 44908 --- [TuniRate] [http-nio-8080-exec-2] o.s.web.servlet.DispatcherServlet        : GET "/categories", parameters={}
2026-07-31T12:22:00.339+01:00 DEBUG 44908 --- [TuniRate] [http-nio-8080-exec-10] o.s.web.servlet.DispatcherServlet        : GET "/product/39/details", parameters={}
2026-07-31T12:22:00.347+01:00 DEBUG 44908 --- [TuniRate] [http-nio-8080-exec-2] s.w.s.m.m.a.RequestMappingHandlerMapping : Mapped to tn.anasazx.tunirate.category.controller.CategoryController#getAll()
2026-07-31T12:22:00.345+01:00 DEBUG 44908 --- [TuniRate] [http-nio-8080-exec-8] s.w.s.m.m.a.RequestMappingHandlerMapping : Mapped to tn.anasazx.tunirate.authentication.controller.AuthController#authenticateUser()
2026-07-31T12:22:00.350+01:00 DEBUG 44908 --- [TuniRate] [http-nio-8080-exec-10] s.w.s.m.m.a.RequestMappingHandlerMapping : Mapped to tn.anasazx.tunirate.product.controller.ProductController#getProductDetails(Long)
2026-07-31T12:22:00.351+01:00 DEBUG 44908 --- [TuniRate] [http-nio-8080-exec-4] s.w.s.m.m.a.RequestMappingHandlerMapping : Mapped to tn.anasazx.tunirate.review.controller.ReviewController#getReviewsByProductId(Long, Pageable)
2026-07-31T12:22:00.400+01:00 DEBUG 44908 --- [TuniRate] [http-nio-8080-exec-2] o.s.w.s.m.m.a.HttpEntityMethodProcessor  : Using 'application/json', given [application/json, text/plain, */*] and supported [application/json, application/*+json]
2026-07-31T12:22:00.460+01:00 DEBUG 44908 --- [TuniRate] [http-nio-8080-exec-8] o.s.w.s.m.m.a.HttpEntityMethodProcessor  : Using 'application/json', given [application/json, text/plain, */*] and supported [application/json, application/*+json]
2026-07-31T12:22:00.460+01:00 DEBUG 44908 --- [TuniRate] [http-nio-8080-exec-2] o.s.w.s.m.m.a.HttpEntityMethodProcessor  : Writing [[CategoryResponse[id=2, name=Beauty]]]
2026-07-31T12:22:00.463+01:00 DEBUG 44908 --- [TuniRate] [http-nio-8080-exec-8] o.s.w.s.m.m.a.HttpEntityMethodProcessor  : Writing [MinimizedUserResponse[id=8, name=Anas Riadh Azizi, email=anasriad.azizi@gmail.com, emailVerified=tru (truncated)...]
2026-07-31T12:22:00.471+01:00 DEBUG 44908 --- [TuniRate] [http-nio-8080-exec-8] o.s.web.servlet.DispatcherServlet        : Completed 200 OK
2026-07-31T12:22:00.471+01:00 DEBUG 44908 --- [TuniRate] [http-nio-8080-exec-2] o.s.web.servlet.DispatcherServlet        : Completed 200 OK
2026-07-31T12:22:00.479+01:00 DEBUG 44908 --- [TuniRate] [http-nio-8080-exec-10] o.s.w.s.m.m.a.HttpEntityMethodProcessor  : Using 'application/json', given [application/json, text/plain, */*] and supported [application/json, application/*+json]
2026-07-31T12:22:00.479+01:00 DEBUG 44908 --- [TuniRate] [http-nio-8080-exec-10] o.s.w.s.m.m.a.HttpEntityMethodProcessor  : Writing [ProductDetailsResponse[id=39, name=Pochette beauté ciel, description=La trousse qui sublime votre ro (truncated)...]
2026-07-31T12:22:00.480+01:00 DEBUG 44908 --- [TuniRate] [http-nio-8080-exec-10] o.s.web.servlet.DispatcherServlet        : Completed 200 OK
2026-07-31T12:22:00.480+01:00 DEBUG 44908 --- [TuniRate] [http-nio-8080-exec-3] o.s.web.servlet.DispatcherServlet        : GET "/categories", parameters={}
2026-07-31T12:22:00.481+01:00 DEBUG 44908 --- [TuniRate] [http-nio-8080-exec-3] s.w.s.m.m.a.RequestMappingHandlerMapping : Mapped to tn.anasazx.tunirate.category.controller.CategoryController#getAll()
2026-07-31T12:22:00.482+01:00 DEBUG 44908 --- [TuniRate] [http-nio-8080-exec-3] o.s.w.s.m.m.a.HttpEntityMethodProcessor  : Using 'application/json', given [application/json, text/plain, */*] and supported [application/json, application/*+json]
2026-07-31T12:22:00.482+01:00 DEBUG 44908 --- [TuniRate] [http-nio-8080-exec-3] o.s.w.s.m.m.a.HttpEntityMethodProcessor  : Writing [[CategoryResponse[id=2, name=Beauty]]]
2026-07-31T12:22:00.483+01:00 DEBUG 44908 --- [TuniRate] [http-nio-8080-exec-3] o.s.web.servlet.DispatcherServlet        : Completed 200 OK
2026-07-31T12:22:00.493+01:00 DEBUG 44908 --- [TuniRate] [http-nio-8080-exec-4] o.s.w.s.m.m.a.HttpEntityMethodProcessor  : Using 'application/json', given [application/json, text/plain, */*] and supported [application/json, application/*+json]
2026-07-31T12:22:00.494+01:00 DEBUG 44908 --- [TuniRate] [http-nio-8080-exec-4] o.s.w.s.m.m.a.HttpEntityMethodProcessor  : Writing [ProductReviewsResponse[myReview=ReviewResponse[id=4, rating=3, content=null, user=MinimizedUserRespo (truncated)...]
2026-07-31T12:22:00.495+01:00 DEBUG 44908 --- [TuniRate] [http-nio-8080-exec-4] o.s.web.servlet.DispatcherServlet        : Completed 200 OK
2026-07-31T12:22:00.666+01:00 DEBUG 44908 --- [TuniRate] [http-nio-8080-exec-7] o.s.web.servlet.DispatcherServlet        : GET "/subcategories", parameters={}
2026-07-31T12:22:00.666+01:00 DEBUG 44908 --- [TuniRate] [http-nio-8080-exec-7] s.w.s.m.m.a.RequestMappingHandlerMapping : Mapped to tn.anasazx.tunirate.subcategory.controller.SubcategoryController#getAll()
2026-07-31T12:22:00.667+01:00 DEBUG 44908 --- [TuniRate] [http-nio-8080-exec-1] o.s.web.servlet.DispatcherServlet        : GET "/invitations/me", parameters={}
2026-07-31T12:22:00.667+01:00 DEBUG 44908 --- [TuniRate] [http-nio-8080-exec-1] s.w.s.m.m.a.RequestMappingHandlerMapping : Mapped to tn.anasazx.tunirate.invitation.controller.CompanyInvitationController#getMyInvitations()
2026-07-31T12:22:00.696+01:00 DEBUG 44908 --- [TuniRate] [http-nio-8080-exec-1] o.s.w.s.m.m.a.HttpEntityMethodProcessor  : Using 'application/json', given [application/json, text/plain, */*] and supported [application/json, application/*+json]
2026-07-31T12:22:00.696+01:00 DEBUG 44908 --- [TuniRate] [http-nio-8080-exec-1] o.s.w.s.m.m.a.HttpEntityMethodProcessor  : Writing [[]]
2026-07-31T12:22:00.697+01:00 DEBUG 44908 --- [TuniRate] [http-nio-8080-exec-7] o.s.w.s.m.m.a.HttpEntityMethodProcessor  : Using 'application/json', given [application/json, text/plain, */*] and supported [application/json, application/*+json]
2026-07-31T12:22:00.697+01:00 DEBUG 44908 --- [TuniRate] [http-nio-8080-exec-7] o.s.w.s.m.m.a.HttpEntityMethodProcessor  : Writing [[SubcategoryResponse[id=3, name=Skincare, categoryId=2, categoryName=Beauty], SubcategoryResponse[id (truncated)...]
2026-07-31T12:22:00.700+01:00 DEBUG 44908 --- [TuniRate] [http-nio-8080-exec-7] o.s.web.servlet.DispatcherServlet        : Completed 200 OK
2026-07-31T12:22:00.702+01:00 DEBUG 44908 --- [TuniRate] [http-nio-8080-exec-1] o.s.web.servlet.DispatcherServlet        : Completed 200 OK
2026-07-31T12:22:00.707+01:00 DEBUG 44908 --- [TuniRate] [http-nio-8080-exec-7] o.s.web.servlet.DispatcherServlet        : GET "/subcategories", parameters={}
2026-07-31T12:22:00.707+01:00 DEBUG 44908 --- [TuniRate] [http-nio-8080-exec-7] s.w.s.m.m.a.RequestMappingHandlerMapping : Mapped to tn.anasazx.tunirate.subcategory.controller.SubcategoryController#getAll()
2026-07-31T12:22:00.720+01:00 DEBUG 44908 --- [TuniRate] [http-nio-8080-exec-7] o.s.w.s.m.m.a.HttpEntityMethodProcessor  : Using 'application/json', given [application/json, text/plain, */*] and supported [application/json, application/*+json]
2026-07-31T12:22:00.720+01:00 DEBUG 44908 --- [TuniRate] [http-nio-8080-exec-7] o.s.w.s.m.m.a.HttpEntityMethodProcessor  : Writing [[SubcategoryResponse[id=3, name=Skincare, categoryId=2, categoryName=Beauty], SubcategoryResponse[id (truncated)...]
2026-07-31T12:22:00.721+01:00 DEBUG 44908 --- [TuniRate] [http-nio-8080-exec-7] o.s.web.servlet.DispatcherServlet        : Completed 200 OK
2026-07-31T12:22:04.223+01:00 DEBUG 44908 --- [TuniRate] [http-nio-8080-exec-10] o.s.web.servlet.DispatcherServlet        : GET "/comments/review/4?page=0&size=4", parameters={masked}
2026-07-31T12:22:04.223+01:00 DEBUG 44908 --- [TuniRate] [http-nio-8080-exec-10] s.w.s.m.m.a.RequestMappingHandlerMapping : Mapped to tn.anasazx.tunirate.comment.controller.CommentController#getCommentByReviewId(Long, Pageable)
2026-07-31T12:22:04.241+01:00 DEBUG 44908 --- [TuniRate] [http-nio-8080-exec-10] m.m.a.RequestResponseBodyMethodProcessor : Using 'application/json', given [application/json, text/plain, */*] and supported [application/json, application/*+json]
2026-07-31T12:22:04.241+01:00 DEBUG 44908 --- [TuniRate] [http-nio-8080-exec-10] m.m.a.RequestResponseBodyMethodProcessor : Writing [Page 1 of 1 containing tn.anasazx.tunirate.comment.dto.CommentResponse instances]
2026-07-31T12:22:04.244+01:00 DEBUG 44908 --- [TuniRate] [http-nio-8080-exec-10] o.s.web.servlet.DispatcherServlet        : Completed 200 OK
2026-07-31T12:30:31.722+01:00  INFO 45886 --- [TuniRate] [main] t.anasazx.tunirate.TuniRateApplication   : Starting TuniRateApplication using Java 21.0.8 with PID 45886 (/Users/anasaz/Dev/revision/TuniRate/target/classes started by anasaz in /Users/anasaz/Dev/revision/TuniRate)
2026-07-31T12:30:31.724+01:00 DEBUG 45886 --- [TuniRate] [main] t.anasazx.tunirate.TuniRateApplication   : Running with Spring Boot v4.0.6, Spring v7.0.7
2026-07-31T12:30:31.724+01:00  INFO 45886 --- [TuniRate] [main] t.anasazx.tunirate.TuniRateApplication   : No active profile set, falling back to 1 default profile: "default"
2026-07-31T12:30:32.607+01:00 DEBUG 45886 --- [TuniRate] [main] t.a.tunirate.security.JwtAuthFilter      : Filter 'jwtAuthFilter' configured for use
2026-07-31T12:30:35.044+01:00  WARN 45886 --- [TuniRate] [main] JpaBaseConfiguration$JpaWebConfiguration : spring.jpa.open-in-view is enabled by default. Therefore, database queries may be performed during view rendering. Explicitly configure spring.jpa.open-in-view to disable this warning
2026-07-31T12:30:35.110+01:00  WARN 45886 --- [TuniRate] [main] .s.a.UserDetailsServiceAutoConfiguration : 

Using generated security password: 46779e12-6faa-4925-a9a9-ff5248c9e78b

This generated password is for development use only. Your security configuration must be updated before running your application in production.

2026-07-31T12:30:35.290+01:00 DEBUG 45886 --- [TuniRate] [main] s.w.s.m.m.a.RequestMappingHandlerMapping : 93 mappings in 'requestMappingHandlerMapping'
2026-07-31T12:30:35.323+01:00 DEBUG 45886 --- [TuniRate] [main] o.s.w.s.handler.SimpleUrlHandlerMapping  : Patterns [/webjars/**, /**, /uploads/**] in 'resourceHandlerMapping'
2026-07-31T12:30:35.342+01:00 DEBUG 45886 --- [TuniRate] [main] s.w.s.m.m.a.RequestMappingHandlerAdapter : ControllerAdvice beans: 0 @ModelAttribute, 0 @InitBinder, 2 RequestBodyAdvice, 1 ResponseBodyAdvice
2026-07-31T12:30:35.379+01:00 DEBUG 45886 --- [TuniRate] [main] .m.m.a.ExceptionHandlerExceptionResolver : ControllerAdvice beans: 0 @ExceptionHandler, 1 ResponseBodyAdvice
2026-07-31T12:30:35.500+01:00  INFO 45886 --- [TuniRate] [main] t.anasazx.tunirate.TuniRateApplication   : Started TuniRateApplication in 4.008 seconds (process running for 4.373)
2026-07-31T12:30:45.312+01:00  INFO 45886 --- [TuniRate] [http-nio-8080-exec-1] o.s.web.servlet.DispatcherServlet        : Initializing Servlet 'dispatcherServlet'
2026-07-31T12:30:45.313+01:00 DEBUG 45886 --- [TuniRate] [http-nio-8080-exec-1] o.s.web.servlet.DispatcherServlet        : Detected StandardServletMultipartResolver
2026-07-31T12:30:45.313+01:00 DEBUG 45886 --- [TuniRate] [http-nio-8080-exec-1] o.s.web.servlet.DispatcherServlet        : Detected AcceptHeaderLocaleResolver
2026-07-31T12:30:45.316+01:00 DEBUG 45886 --- [TuniRate] [http-nio-8080-exec-1] o.s.web.servlet.DispatcherServlet        : Detected org.springframework.web.servlet.view.DefaultRequestToViewNameTranslator@36fd028d
2026-07-31T12:30:45.317+01:00 DEBUG 45886 --- [TuniRate] [http-nio-8080-exec-1] o.s.web.servlet.DispatcherServlet        : Detected org.springframework.web.servlet.support.SessionFlashMapManager@7b19bc9c
2026-07-31T12:30:45.317+01:00 DEBUG 45886 --- [TuniRate] [http-nio-8080-exec-1] o.s.web.servlet.DispatcherServlet        : enableLoggingRequestDetails='false': request parameters and headers will be masked to prevent unsafe logging of potentially sensitive data
2026-07-31T12:30:45.317+01:00  INFO 45886 --- [TuniRate] [http-nio-8080-exec-1] o.s.web.servlet.DispatcherServlet        : Completed initialization in 5 ms
2026-07-31T12:30:45.429+01:00 DEBUG 45886 --- [TuniRate] [http-nio-8080-exec-8] o.s.web.servlet.DispatcherServlet        : GET "/reviews/product/39?page=0&size=10", parameters={masked}
2026-07-31T12:30:45.430+01:00 DEBUG 45886 --- [TuniRate] [http-nio-8080-exec-7] o.s.web.servlet.DispatcherServlet        : GET "/categories", parameters={}
2026-07-31T12:30:45.430+01:00 DEBUG 45886 --- [TuniRate] [http-nio-8080-exec-6] o.s.web.servlet.DispatcherServlet        : GET "/auth/me", parameters={}
2026-07-31T12:30:45.430+01:00 DEBUG 45886 --- [TuniRate] [http-nio-8080-exec-9] o.s.web.servlet.DispatcherServlet        : GET "/product/39/details", parameters={}
2026-07-31T12:30:45.436+01:00 DEBUG 45886 --- [TuniRate] [http-nio-8080-exec-7] s.w.s.m.m.a.RequestMappingHandlerMapping : Mapped to tn.anasazx.tunirate.category.controller.CategoryController#getAll()
2026-07-31T12:30:45.435+01:00 DEBUG 45886 --- [TuniRate] [http-nio-8080-exec-6] s.w.s.m.m.a.RequestMappingHandlerMapping : Mapped to tn.anasazx.tunirate.authentication.controller.AuthController#authenticateUser()
2026-07-31T12:30:45.435+01:00 DEBUG 45886 --- [TuniRate] [http-nio-8080-exec-9] s.w.s.m.m.a.RequestMappingHandlerMapping : Mapped to tn.anasazx.tunirate.product.controller.ProductController#getProductDetails(Long)
2026-07-31T12:30:45.435+01:00 DEBUG 45886 --- [TuniRate] [http-nio-8080-exec-8] s.w.s.m.m.a.RequestMappingHandlerMapping : Mapped to tn.anasazx.tunirate.review.controller.ReviewController#getReviewsByProductId(Long, Pageable)
2026-07-31T12:30:45.601+01:00 DEBUG 45886 --- [TuniRate] [http-nio-8080-exec-7] o.s.w.s.m.m.a.HttpEntityMethodProcessor  : Using 'application/json', given [application/json, text/plain, */*] and supported [application/json, application/*+json]
2026-07-31T12:30:45.601+01:00 DEBUG 45886 --- [TuniRate] [http-nio-8080-exec-6] o.s.w.s.m.m.a.HttpEntityMethodProcessor  : Using 'application/json', given [application/json, text/plain, */*] and supported [application/json, application/*+json]
2026-07-31T12:30:45.603+01:00 DEBUG 45886 --- [TuniRate] [http-nio-8080-exec-7] o.s.w.s.m.m.a.HttpEntityMethodProcessor  : Writing [[CategoryResponse[id=2, name=Beauty]]]
2026-07-31T12:30:45.604+01:00 DEBUG 45886 --- [TuniRate] [http-nio-8080-exec-6] o.s.w.s.m.m.a.HttpEntityMethodProcessor  : Writing [MinimizedUserResponse[id=8, name=Anas Riadh Azizi, email=anasriad.azizi@gmail.com, emailVerified=tru (truncated)...]
2026-07-31T12:30:45.614+01:00 DEBUG 45886 --- [TuniRate] [http-nio-8080-exec-9] o.s.w.s.m.m.a.HttpEntityMethodProcessor  : Using 'application/json', given [application/json, text/plain, */*] and supported [application/json, application/*+json]
2026-07-31T12:30:45.620+01:00 DEBUG 45886 --- [TuniRate] [http-nio-8080-exec-9] o.s.w.s.m.m.a.HttpEntityMethodProcessor  : Writing [ProductDetailsResponse[id=39, name=Pochette beauté ciel, description=La trousse qui sublime votre ro (truncated)...]
2026-07-31T12:30:45.639+01:00 DEBUG 45886 --- [TuniRate] [http-nio-8080-exec-8] o.s.w.s.m.m.a.HttpEntityMethodProcessor  : Using 'application/json', given [application/json, text/plain, */*] and supported [application/json, application/*+json]
2026-07-31T12:30:45.641+01:00 DEBUG 45886 --- [TuniRate] [http-nio-8080-exec-6] o.s.web.servlet.DispatcherServlet        : Completed 200 OK
2026-07-31T12:30:45.641+01:00 DEBUG 45886 --- [TuniRate] [http-nio-8080-exec-7] o.s.web.servlet.DispatcherServlet        : Completed 200 OK
2026-07-31T12:30:45.646+01:00 DEBUG 45886 --- [TuniRate] [http-nio-8080-exec-9] o.s.web.servlet.DispatcherServlet        : Completed 200 OK
2026-07-31T12:30:45.653+01:00 DEBUG 45886 --- [TuniRate] [http-nio-8080-exec-8] o.s.w.s.m.m.a.HttpEntityMethodProcessor  : Writing [ProductReviewsResponse[myReview=ReviewResponse[id=4, rating=3, content=null, user=MinimizedUserRespo (truncated)...]
2026-07-31T12:30:45.653+01:00 DEBUG 45886 --- [TuniRate] [http-nio-8080-exec-10] o.s.web.servlet.DispatcherServlet        : GET "/categories", parameters={}
2026-07-31T12:30:45.654+01:00 DEBUG 45886 --- [TuniRate] [http-nio-8080-exec-10] s.w.s.m.m.a.RequestMappingHandlerMapping : Mapped to tn.anasazx.tunirate.category.controller.CategoryController#getAll()
2026-07-31T12:30:45.659+01:00 DEBUG 45886 --- [TuniRate] [http-nio-8080-exec-4] o.s.web.servlet.DispatcherServlet        : GET "/invitations/me", parameters={}
2026-07-31T12:30:45.659+01:00 DEBUG 45886 --- [TuniRate] [http-nio-8080-exec-1] o.s.web.servlet.DispatcherServlet        : GET "/subcategories", parameters={}
2026-07-31T12:30:45.659+01:00 DEBUG 45886 --- [TuniRate] [http-nio-8080-exec-1] s.w.s.m.m.a.RequestMappingHandlerMapping : Mapped to tn.anasazx.tunirate.subcategory.controller.SubcategoryController#getAll()
2026-07-31T12:30:45.659+01:00 DEBUG 45886 --- [TuniRate] [http-nio-8080-exec-4] s.w.s.m.m.a.RequestMappingHandlerMapping : Mapped to tn.anasazx.tunirate.invitation.controller.CompanyInvitationController#getMyInvitations()
2026-07-31T12:30:45.660+01:00 DEBUG 45886 --- [TuniRate] [http-nio-8080-exec-10] o.s.w.s.m.m.a.HttpEntityMethodProcessor  : Using 'application/json', given [application/json, text/plain, */*] and supported [application/json, application/*+json]
2026-07-31T12:30:45.661+01:00 DEBUG 45886 --- [TuniRate] [http-nio-8080-exec-10] o.s.w.s.m.m.a.HttpEntityMethodProcessor  : Writing [[CategoryResponse[id=2, name=Beauty]]]
2026-07-31T12:30:45.664+01:00 DEBUG 45886 --- [TuniRate] [http-nio-8080-exec-10] o.s.web.servlet.DispatcherServlet        : Completed 200 OK
2026-07-31T12:30:45.667+01:00  WARN 45886 --- [TuniRate] [http-nio-8080-exec-8] ration$PageModule$WarningLoggingModifier : Serializing PageImpl instances as-is is not supported, meaning that there is no guarantee about the stability of the resulting JSON structure!
	For a stable JSON structure, please use Spring Data's PagedModel (globally via @EnableSpringDataWebSupport(pageSerializationMode = VIA_DTO))
	or Spring HATEOAS and Spring Data's PagedResourcesAssembler as documented in https://docs.spring.io/spring-data/commons/reference/repositories/core-extensions.html#core.web.pageables.

2026-07-31T12:30:45.673+01:00 DEBUG 45886 --- [TuniRate] [http-nio-8080-exec-8] o.s.web.servlet.DispatcherServlet        : Completed 200 OK
2026-07-31T12:30:45.677+01:00 DEBUG 45886 --- [TuniRate] [http-nio-8080-exec-4] o.s.w.s.m.m.a.HttpEntityMethodProcessor  : Using 'application/json', given [application/json, text/plain, */*] and supported [application/json, application/*+json]
2026-07-31T12:30:45.678+01:00 DEBUG 45886 --- [TuniRate] [http-nio-8080-exec-4] o.s.w.s.m.m.a.HttpEntityMethodProcessor  : Writing [[]]
2026-07-31T12:30:45.680+01:00 DEBUG 45886 --- [TuniRate] [http-nio-8080-exec-4] o.s.web.servlet.DispatcherServlet        : Completed 200 OK
2026-07-31T12:30:45.699+01:00 DEBUG 45886 --- [TuniRate] [http-nio-8080-exec-1] o.s.w.s.m.m.a.HttpEntityMethodProcessor  : Using 'application/json', given [application/json, text/plain, */*] and supported [application/json, application/*+json]
2026-07-31T12:30:45.700+01:00 DEBUG 45886 --- [TuniRate] [http-nio-8080-exec-1] o.s.w.s.m.m.a.HttpEntityMethodProcessor  : Writing [[SubcategoryResponse[id=3, name=Skincare, categoryId=2, categoryName=Beauty], SubcategoryResponse[id (truncated)...]
2026-07-31T12:30:45.701+01:00 DEBUG 45886 --- [TuniRate] [http-nio-8080-exec-1] o.s.web.servlet.DispatcherServlet        : Completed 200 OK
2026-07-31T12:30:45.713+01:00 DEBUG 45886 --- [TuniRate] [http-nio-8080-exec-3] o.s.web.servlet.DispatcherServlet        : GET "/subcategories", parameters={}
2026-07-31T12:30:45.713+01:00 DEBUG 45886 --- [TuniRate] [http-nio-8080-exec-3] s.w.s.m.m.a.RequestMappingHandlerMapping : Mapped to tn.anasazx.tunirate.subcategory.controller.SubcategoryController#getAll()
2026-07-31T12:30:45.720+01:00 DEBUG 45886 --- [TuniRate] [http-nio-8080-exec-3] o.s.w.s.m.m.a.HttpEntityMethodProcessor  : Using 'application/json', given [application/json, text/plain, */*] and supported [application/json, application/*+json]
2026-07-31T12:30:45.720+01:00 DEBUG 45886 --- [TuniRate] [http-nio-8080-exec-3] o.s.w.s.m.m.a.HttpEntityMethodProcessor  : Writing [[SubcategoryResponse[id=3, name=Skincare, categoryId=2, categoryName=Beauty], SubcategoryResponse[id (truncated)...]
2026-07-31T12:30:45.721+01:00 DEBUG 45886 --- [TuniRate] [http-nio-8080-exec-3] o.s.web.servlet.DispatcherServlet        : Completed 200 OK
2026-07-31T12:30:47.204+01:00 DEBUG 45886 --- [TuniRate] [http-nio-8080-exec-6] o.s.web.servlet.DispatcherServlet        : GET "/comments/review/4?page=0&size=4", parameters={masked}
2026-07-31T12:30:47.204+01:00 DEBUG 45886 --- [TuniRate] [http-nio-8080-exec-6] s.w.s.m.m.a.RequestMappingHandlerMapping : Mapped to tn.anasazx.tunirate.comment.controller.CommentController#getCommentByReviewId(Long, Pageable)
2026-07-31T12:30:47.242+01:00 DEBUG 45886 --- [TuniRate] [http-nio-8080-exec-6] m.m.a.RequestResponseBodyMethodProcessor : Using 'application/json', given [application/json, text/plain, */*] and supported [application/json, application/*+json]
2026-07-31T12:30:47.242+01:00 DEBUG 45886 --- [TuniRate] [http-nio-8080-exec-6] m.m.a.RequestResponseBodyMethodProcessor : Writing [Page 1 of 1 containing tn.anasazx.tunirate.comment.dto.CommentResponse instances]
2026-07-31T12:30:47.245+01:00 DEBUG 45886 --- [TuniRate] [http-nio-8080-exec-6] o.s.web.servlet.DispatcherServlet        : Completed 200 OK
2026-07-31T12:32:02.008+01:00 DEBUG 45886 --- [TuniRate] [http-nio-8080-exec-9] o.s.web.servlet.DispatcherServlet        : GET "/auth/me", parameters={}
2026-07-31T12:32:02.008+01:00 DEBUG 45886 --- [TuniRate] [http-nio-8080-exec-2] o.s.web.servlet.DispatcherServlet        : GET "/product/39/details", parameters={}
2026-07-31T12:32:02.008+01:00 DEBUG 45886 --- [TuniRate] [http-nio-8080-exec-3] o.s.web.servlet.DispatcherServlet        : GET "/categories", parameters={}
2026-07-31T12:32:02.008+01:00 DEBUG 45886 --- [TuniRate] [http-nio-8080-exec-5] o.s.web.servlet.DispatcherServlet        : GET "/reviews/product/39?page=0&size=10", parameters={masked}
2026-07-31T12:32:02.013+01:00 DEBUG 45886 --- [TuniRate] [http-nio-8080-exec-3] s.w.s.m.m.a.RequestMappingHandlerMapping : Mapped to tn.anasazx.tunirate.category.controller.CategoryController#getAll()
2026-07-31T12:32:02.014+01:00 DEBUG 45886 --- [TuniRate] [http-nio-8080-exec-9] s.w.s.m.m.a.RequestMappingHandlerMapping : Mapped to tn.anasazx.tunirate.authentication.controller.AuthController#authenticateUser()
2026-07-31T12:32:02.014+01:00 DEBUG 45886 --- [TuniRate] [http-nio-8080-exec-5] s.w.s.m.m.a.RequestMappingHandlerMapping : Mapped to tn.anasazx.tunirate.review.controller.ReviewController#getReviewsByProductId(Long, Pageable)
2026-07-31T12:32:02.014+01:00 DEBUG 45886 --- [TuniRate] [http-nio-8080-exec-2] s.w.s.m.m.a.RequestMappingHandlerMapping : Mapped to tn.anasazx.tunirate.product.controller.ProductController#getProductDetails(Long)
2026-07-31T12:32:02.049+01:00 DEBUG 45886 --- [TuniRate] [http-nio-8080-exec-3] o.s.w.s.m.m.a.HttpEntityMethodProcessor  : Using 'application/json', given [application/json, text/plain, */*] and supported [application/json, application/*+json]
2026-07-31T12:32:02.074+01:00 DEBUG 45886 --- [TuniRate] [http-nio-8080-exec-3] o.s.w.s.m.m.a.HttpEntityMethodProcessor  : Writing [[CategoryResponse[id=2, name=Beauty]]]
2026-07-31T12:32:02.050+01:00 DEBUG 45886 --- [TuniRate] [http-nio-8080-exec-9] o.s.w.s.m.m.a.HttpEntityMethodProcessor  : Using 'application/json', given [application/json, text/plain, */*] and supported [application/json, application/*+json]
2026-07-31T12:32:02.077+01:00 DEBUG 45886 --- [TuniRate] [http-nio-8080-exec-9] o.s.w.s.m.m.a.HttpEntityMethodProcessor  : Writing [MinimizedUserResponse[id=8, name=Anas Riadh Azizi, email=anasriad.azizi@gmail.com, emailVerified=tru (truncated)...]
2026-07-31T12:32:02.085+01:00 DEBUG 45886 --- [TuniRate] [http-nio-8080-exec-9] o.s.web.servlet.DispatcherServlet        : Completed 200 OK
2026-07-31T12:32:02.086+01:00 DEBUG 45886 --- [TuniRate] [http-nio-8080-exec-3] o.s.web.servlet.DispatcherServlet        : Completed 200 OK
2026-07-31T12:32:02.099+01:00 DEBUG 45886 --- [TuniRate] [http-nio-8080-exec-8] o.s.web.servlet.DispatcherServlet        : GET "/categories", parameters={}
2026-07-31T12:32:02.099+01:00 DEBUG 45886 --- [TuniRate] [http-nio-8080-exec-8] s.w.s.m.m.a.RequestMappingHandlerMapping : Mapped to tn.anasazx.tunirate.category.controller.CategoryController#getAll()
2026-07-31T12:32:02.107+01:00 DEBUG 45886 --- [TuniRate] [http-nio-8080-exec-8] o.s.w.s.m.m.a.HttpEntityMethodProcessor  : Using 'application/json', given [application/json, text/plain, */*] and supported [application/json, application/*+json]
2026-07-31T12:32:02.107+01:00 DEBUG 45886 --- [TuniRate] [http-nio-8080-exec-8] o.s.w.s.m.m.a.HttpEntityMethodProcessor  : Writing [[CategoryResponse[id=2, name=Beauty]]]
2026-07-31T12:32:02.108+01:00 DEBUG 45886 --- [TuniRate] [http-nio-8080-exec-8] o.s.web.servlet.DispatcherServlet        : Completed 200 OK
2026-07-31T12:32:02.111+01:00 DEBUG 45886 --- [TuniRate] [http-nio-8080-exec-2] o.s.w.s.m.m.a.HttpEntityMethodProcessor  : Using 'application/json', given [application/json, text/plain, */*] and supported [application/json, application/*+json]
2026-07-31T12:32:02.113+01:00 DEBUG 45886 --- [TuniRate] [http-nio-8080-exec-2] o.s.w.s.m.m.a.HttpEntityMethodProcessor  : Writing [ProductDetailsResponse[id=39, name=Pochette beauté ciel, description=La trousse qui sublime votre ro (truncated)...]
2026-07-31T12:32:02.114+01:00 DEBUG 45886 --- [TuniRate] [http-nio-8080-exec-4] o.s.web.servlet.DispatcherServlet        : GET "/invitations/me", parameters={}
2026-07-31T12:32:02.116+01:00 DEBUG 45886 --- [TuniRate] [http-nio-8080-exec-4] s.w.s.m.m.a.RequestMappingHandlerMapping : Mapped to tn.anasazx.tunirate.invitation.controller.CompanyInvitationController#getMyInvitations()
2026-07-31T12:32:02.116+01:00 DEBUG 45886 --- [TuniRate] [http-nio-8080-exec-2] o.s.web.servlet.DispatcherServlet        : Completed 200 OK
2026-07-31T12:32:02.117+01:00 DEBUG 45886 --- [TuniRate] [http-nio-8080-exec-6] o.s.web.servlet.DispatcherServlet        : GET "/subcategories", parameters={}
2026-07-31T12:32:02.118+01:00 DEBUG 45886 --- [TuniRate] [http-nio-8080-exec-6] s.w.s.m.m.a.RequestMappingHandlerMapping : Mapped to tn.anasazx.tunirate.subcategory.controller.SubcategoryController#getAll()
2026-07-31T12:32:02.126+01:00 DEBUG 45886 --- [TuniRate] [http-nio-8080-exec-5] o.s.w.s.m.m.a.HttpEntityMethodProcessor  : Using 'application/json', given [application/json, text/plain, */*] and supported [application/json, application/*+json]
2026-07-31T12:32:02.127+01:00 DEBUG 45886 --- [TuniRate] [http-nio-8080-exec-5] o.s.w.s.m.m.a.HttpEntityMethodProcessor  : Writing [ProductReviewsResponse[myReview=ReviewResponse[id=4, rating=3, content=null, user=MinimizedUserRespo (truncated)...]
2026-07-31T12:32:02.130+01:00 DEBUG 45886 --- [TuniRate] [http-nio-8080-exec-5] o.s.web.servlet.DispatcherServlet        : Completed 200 OK
2026-07-31T12:32:02.132+01:00 DEBUG 45886 --- [TuniRate] [http-nio-8080-exec-4] o.s.w.s.m.m.a.HttpEntityMethodProcessor  : Using 'application/json', given [application/json, text/plain, */*] and supported [application/json, application/*+json]
2026-07-31T12:32:02.132+01:00 DEBUG 45886 --- [TuniRate] [http-nio-8080-exec-4] o.s.w.s.m.m.a.HttpEntityMethodProcessor  : Writing [[]]
2026-07-31T12:32:02.135+01:00 DEBUG 45886 --- [TuniRate] [http-nio-8080-exec-4] o.s.web.servlet.DispatcherServlet        : Completed 200 OK
2026-07-31T12:32:02.136+01:00 DEBUG 45886 --- [TuniRate] [http-nio-8080-exec-6] o.s.w.s.m.m.a.HttpEntityMethodProcessor  : Using 'application/json', given [application/json, text/plain, */*] and supported [application/json, application/*+json]
2026-07-31T12:32:02.136+01:00 DEBUG 45886 --- [TuniRate] [http-nio-8080-exec-6] o.s.w.s.m.m.a.HttpEntityMethodProcessor  : Writing [[SubcategoryResponse[id=3, name=Skincare, categoryId=2, categoryName=Beauty], SubcategoryResponse[id (truncated)...]
2026-07-31T12:32:02.138+01:00 DEBUG 45886 --- [TuniRate] [http-nio-8080-exec-6] o.s.web.servlet.DispatcherServlet        : Completed 200 OK
2026-07-31T12:32:02.147+01:00 DEBUG 45886 --- [TuniRate] [http-nio-8080-exec-10] o.s.web.servlet.DispatcherServlet        : GET "/subcategories", parameters={}
2026-07-31T12:32:02.148+01:00 DEBUG 45886 --- [TuniRate] [http-nio-8080-exec-10] s.w.s.m.m.a.RequestMappingHandlerMapping : Mapped to tn.anasazx.tunirate.subcategory.controller.SubcategoryController#getAll()
2026-07-31T12:32:02.153+01:00 DEBUG 45886 --- [TuniRate] [http-nio-8080-exec-10] o.s.w.s.m.m.a.HttpEntityMethodProcessor  : Using 'application/json', given [application/json, text/plain, */*] and supported [application/json, application/*+json]
2026-07-31T12:32:02.153+01:00 DEBUG 45886 --- [TuniRate] [http-nio-8080-exec-10] o.s.w.s.m.m.a.HttpEntityMethodProcessor  : Writing [[SubcategoryResponse[id=3, name=Skincare, categoryId=2, categoryName=Beauty], SubcategoryResponse[id (truncated)...]
2026-07-31T12:32:02.155+01:00 DEBUG 45886 --- [TuniRate] [http-nio-8080-exec-10] o.s.web.servlet.DispatcherServlet        : Completed 200 OK
2026-07-31T12:32:03.275+01:00 DEBUG 45886 --- [TuniRate] [http-nio-8080-exec-9] o.s.web.servlet.DispatcherServlet        : GET "/comments/review/4?page=0&size=4", parameters={masked}
2026-07-31T12:32:03.276+01:00 DEBUG 45886 --- [TuniRate] [http-nio-8080-exec-9] s.w.s.m.m.a.RequestMappingHandlerMapping : Mapped to tn.anasazx.tunirate.comment.controller.CommentController#getCommentByReviewId(Long, Pageable)
2026-07-31T12:32:03.298+01:00 DEBUG 45886 --- [TuniRate] [http-nio-8080-exec-9] m.m.a.RequestResponseBodyMethodProcessor : Using 'application/json', given [application/json, text/plain, */*] and supported [application/json, application/*+json]
2026-07-31T12:32:03.299+01:00 DEBUG 45886 --- [TuniRate] [http-nio-8080-exec-9] m.m.a.RequestResponseBodyMethodProcessor : Writing [Page 1 of 1 containing tn.anasazx.tunirate.comment.dto.CommentResponse instances]
2026-07-31T12:32:03.299+01:00 DEBUG 45886 --- [TuniRate] [http-nio-8080-exec-9] o.s.web.servlet.DispatcherServlet        : Completed 200 OK
2026-07-31T12:32:33.993+01:00 DEBUG 45886 --- [TuniRate] [http-nio-8080-exec-1] o.s.web.servlet.DispatcherServlet        : DELETE "/reviews/4/likes", parameters={}
2026-07-31T12:32:33.996+01:00 DEBUG 45886 --- [TuniRate] [http-nio-8080-exec-1] s.w.s.m.m.a.RequestMappingHandlerMapping : Mapped to tn.anasazx.tunirate.like.reviewLike.controller.ReviewLikeController#removeLike(Long)
2026-07-31T12:32:34.079+01:00 DEBUG 45886 --- [TuniRate] [http-nio-8080-exec-1] o.s.w.s.m.m.a.HttpEntityMethodProcessor  : Using 'application/json', given [application/json, text/plain, */*] and supported [application/json, application/*+json]
2026-07-31T12:32:34.082+01:00 DEBUG 45886 --- [TuniRate] [http-nio-8080-exec-1] o.s.w.s.m.m.a.HttpEntityMethodProcessor  : Writing [LikeStatusDto[liked=false]]
2026-07-31T12:32:34.128+01:00 DEBUG 45886 --- [TuniRate] [http-nio-8080-exec-1] o.s.web.servlet.DispatcherServlet        : Completed 200 OK
2026-07-31T12:32:34.541+01:00 DEBUG 45886 --- [TuniRate] [http-nio-8080-exec-2] o.s.web.servlet.DispatcherServlet        : POST "/reviews/4/likes", parameters={}
2026-07-31T12:32:34.542+01:00 DEBUG 45886 --- [TuniRate] [http-nio-8080-exec-2] s.w.s.m.m.a.RequestMappingHandlerMapping : Mapped to tn.anasazx.tunirate.like.reviewLike.controller.ReviewLikeController#addLike(Long)
2026-07-31T12:32:34.578+01:00 DEBUG 45886 --- [TuniRate] [http-nio-8080-exec-2] o.s.w.s.m.m.a.HttpEntityMethodProcessor  : Using 'application/json', given [application/json, text/plain, */*] and supported [application/json, application/*+json]
2026-07-31T12:32:34.578+01:00 DEBUG 45886 --- [TuniRate] [http-nio-8080-exec-2] o.s.w.s.m.m.a.HttpEntityMethodProcessor  : Writing [LikeStatusDto[liked=true]]
2026-07-31T12:32:34.579+01:00 DEBUG 45886 --- [TuniRate] [http-nio-8080-exec-2] o.s.web.servlet.DispatcherServlet        : Completed 200 OK
2026-07-31T12:33:51.072+01:00 DEBUG 45886 --- [TuniRate] [http-nio-8080-exec-7] o.s.web.servlet.DispatcherServlet        : PUT "/reviews/4", parameters={}
2026-07-31T12:33:51.076+01:00 DEBUG 45886 --- [TuniRate] [http-nio-8080-exec-7] s.w.s.m.m.a.RequestMappingHandlerMapping : Mapped to tn.anasazx.tunirate.review.controller.ReviewController#updateReview(Long, ReviewRequest)
2026-07-31T12:33:51.149+01:00 DEBUG 45886 --- [TuniRate] [http-nio-8080-exec-7] m.m.a.RequestResponseBodyMethodProcessor : Read "application/json;charset=UTF-8" to [ReviewRequest[rating=3, content=test with content, productId=39]]
2026-07-31T12:33:51.243+01:00 DEBUG 45886 --- [TuniRate] [http-nio-8080-exec-7] o.s.w.s.m.m.a.HttpEntityMethodProcessor  : Using 'application/json', given [application/json, text/plain, */*] and supported [application/json, application/*+json]
2026-07-31T12:33:51.243+01:00 DEBUG 45886 --- [TuniRate] [http-nio-8080-exec-7] o.s.w.s.m.m.a.HttpEntityMethodProcessor  : Writing [ReviewResponse[id=4, rating=3, content=test with content, user=MinimizedUserResponse[id=8, name=Anas (truncated)...]
2026-07-31T12:33:51.244+01:00 DEBUG 45886 --- [TuniRate] [http-nio-8080-exec-7] o.s.web.servlet.DispatcherServlet        : Completed 200 OK
2026-07-31T12:36:01.301+01:00 DEBUG 45886 --- [TuniRate] [http-nio-8080-exec-10] o.s.web.servlet.DispatcherServlet        : GET "/product/39/details", parameters={}
2026-07-31T12:36:01.302+01:00 DEBUG 45886 --- [TuniRate] [http-nio-8080-exec-6] o.s.web.servlet.DispatcherServlet        : GET "/categories", parameters={}
2026-07-31T12:36:01.303+01:00 DEBUG 45886 --- [TuniRate] [http-nio-8080-exec-6] s.w.s.m.m.a.RequestMappingHandlerMapping : Mapped to tn.anasazx.tunirate.category.controller.CategoryController#getAll()
2026-07-31T12:36:01.303+01:00 DEBUG 45886 --- [TuniRate] [http-nio-8080-exec-10] s.w.s.m.m.a.RequestMappingHandlerMapping : Mapped to tn.anasazx.tunirate.product.controller.ProductController#getProductDetails(Long)
2026-07-31T12:36:01.301+01:00 DEBUG 45886 --- [TuniRate] [http-nio-8080-exec-7] o.s.web.servlet.DispatcherServlet        : GET "/reviews/product/39?page=0&size=10", parameters={masked}
2026-07-31T12:36:01.303+01:00 DEBUG 45886 --- [TuniRate] [http-nio-8080-exec-7] s.w.s.m.m.a.RequestMappingHandlerMapping : Mapped to tn.anasazx.tunirate.review.controller.ReviewController#getReviewsByProductId(Long, Pageable)
2026-07-31T12:36:01.302+01:00 DEBUG 45886 --- [TuniRate] [http-nio-8080-exec-3] o.s.web.servlet.DispatcherServlet        : GET "/auth/me", parameters={}
2026-07-31T12:36:01.304+01:00 DEBUG 45886 --- [TuniRate] [http-nio-8080-exec-3] s.w.s.m.m.a.RequestMappingHandlerMapping : Mapped to tn.anasazx.tunirate.authentication.controller.AuthController#authenticateUser()
2026-07-31T12:36:01.332+01:00 DEBUG 45886 --- [TuniRate] [http-nio-8080-exec-3] o.s.w.s.m.m.a.HttpEntityMethodProcessor  : Using 'application/json', given [application/json, text/plain, */*] and supported [application/json, application/*+json]
2026-07-31T12:36:01.332+01:00 DEBUG 45886 --- [TuniRate] [http-nio-8080-exec-6] o.s.w.s.m.m.a.HttpEntityMethodProcessor  : Using 'application/json', given [application/json, text/plain, */*] and supported [application/json, application/*+json]
2026-07-31T12:36:01.333+01:00 DEBUG 45886 --- [TuniRate] [http-nio-8080-exec-6] o.s.w.s.m.m.a.HttpEntityMethodProcessor  : Writing [[CategoryResponse[id=2, name=Beauty]]]
2026-07-31T12:36:01.333+01:00 DEBUG 45886 --- [TuniRate] [http-nio-8080-exec-3] o.s.w.s.m.m.a.HttpEntityMethodProcessor  : Writing [MinimizedUserResponse[id=8, name=Anas Riadh Azizi, email=anasriad.azizi@gmail.com, emailVerified=tru (truncated)...]
2026-07-31T12:36:01.337+01:00 DEBUG 45886 --- [TuniRate] [http-nio-8080-exec-6] o.s.web.servlet.DispatcherServlet        : Completed 200 OK
2026-07-31T12:36:01.337+01:00 DEBUG 45886 --- [TuniRate] [http-nio-8080-exec-3] o.s.web.servlet.DispatcherServlet        : Completed 200 OK
2026-07-31T12:36:01.340+01:00 DEBUG 45886 --- [TuniRate] [http-nio-8080-exec-6] o.s.web.servlet.DispatcherServlet        : GET "/categories", parameters={}
2026-07-31T12:36:01.341+01:00 DEBUG 45886 --- [TuniRate] [http-nio-8080-exec-6] s.w.s.m.m.a.RequestMappingHandlerMapping : Mapped to tn.anasazx.tunirate.category.controller.CategoryController#getAll()
2026-07-31T12:36:01.353+01:00 DEBUG 45886 --- [TuniRate] [http-nio-8080-exec-6] o.s.w.s.m.m.a.HttpEntityMethodProcessor  : Using 'application/json', given [application/json, text/plain, */*] and supported [application/json, application/*+json]
2026-07-31T12:36:01.365+01:00 DEBUG 45886 --- [TuniRate] [http-nio-8080-exec-6] o.s.w.s.m.m.a.HttpEntityMethodProcessor  : Writing [[CategoryResponse[id=2, name=Beauty]]]
2026-07-31T12:36:01.384+01:00 DEBUG 45886 --- [TuniRate] [http-nio-8080-exec-6] o.s.web.servlet.DispatcherServlet        : Completed 200 OK
2026-07-31T12:36:01.396+01:00 DEBUG 45886 --- [TuniRate] [http-nio-8080-exec-10] o.s.w.s.m.m.a.HttpEntityMethodProcessor  : Using 'application/json', given [application/json, text/plain, */*] and supported [application/json, application/*+json]
2026-07-31T12:36:01.396+01:00 DEBUG 45886 --- [TuniRate] [http-nio-8080-exec-10] o.s.w.s.m.m.a.HttpEntityMethodProcessor  : Writing [ProductDetailsResponse[id=39, name=Pochette beauté ciel, description=La trousse qui sublime votre ro (truncated)...]
2026-07-31T12:36:01.397+01:00 DEBUG 45886 --- [TuniRate] [http-nio-8080-exec-10] o.s.web.servlet.DispatcherServlet        : Completed 200 OK
2026-07-31T12:36:01.436+01:00 DEBUG 45886 --- [TuniRate] [http-nio-8080-exec-8] o.s.web.servlet.DispatcherServlet        : GET "/invitations/me", parameters={}
2026-07-31T12:36:01.436+01:00 DEBUG 45886 --- [TuniRate] [http-nio-8080-exec-8] s.w.s.m.m.a.RequestMappingHandlerMapping : Mapped to tn.anasazx.tunirate.invitation.controller.CompanyInvitationController#getMyInvitations()
2026-07-31T12:36:01.436+01:00 DEBUG 45886 --- [TuniRate] [http-nio-8080-exec-9] o.s.web.servlet.DispatcherServlet        : GET "/subcategories", parameters={}
2026-07-31T12:36:01.437+01:00 DEBUG 45886 --- [TuniRate] [http-nio-8080-exec-9] s.w.s.m.m.a.RequestMappingHandlerMapping : Mapped to tn.anasazx.tunirate.subcategory.controller.SubcategoryController#getAll()
2026-07-31T12:36:01.448+01:00 DEBUG 45886 --- [TuniRate] [http-nio-8080-exec-7] o.s.w.s.m.m.a.HttpEntityMethodProcessor  : Using 'application/json', given [application/json, text/plain, */*] and supported [application/json, application/*+json]
2026-07-31T12:36:01.448+01:00 DEBUG 45886 --- [TuniRate] [http-nio-8080-exec-9] o.s.w.s.m.m.a.HttpEntityMethodProcessor  : Using 'application/json', given [application/json, text/plain, */*] and supported [application/json, application/*+json]
2026-07-31T12:36:01.448+01:00 DEBUG 45886 --- [TuniRate] [http-nio-8080-exec-7] o.s.w.s.m.m.a.HttpEntityMethodProcessor  : Writing [ProductReviewsResponse[myReview=ReviewResponse[id=4, rating=3, content=test with content, user=Minim (truncated)...]
2026-07-31T12:36:01.448+01:00 DEBUG 45886 --- [TuniRate] [http-nio-8080-exec-9] o.s.w.s.m.m.a.HttpEntityMethodProcessor  : Writing [[SubcategoryResponse[id=3, name=Skincare, categoryId=2, categoryName=Beauty], SubcategoryResponse[id (truncated)...]
2026-07-31T12:36:01.449+01:00 DEBUG 45886 --- [TuniRate] [http-nio-8080-exec-7] o.s.web.servlet.DispatcherServlet        : Completed 200 OK
2026-07-31T12:36:01.449+01:00 DEBUG 45886 --- [TuniRate] [http-nio-8080-exec-9] o.s.web.servlet.DispatcherServlet        : Completed 200 OK
2026-07-31T12:36:01.454+01:00 DEBUG 45886 --- [TuniRate] [http-nio-8080-exec-8] o.s.w.s.m.m.a.HttpEntityMethodProcessor  : Using 'application/json', given [application/json, text/plain, */*] and supported [application/json, application/*+json]
2026-07-31T12:36:01.454+01:00 DEBUG 45886 --- [TuniRate] [http-nio-8080-exec-8] o.s.w.s.m.m.a.HttpEntityMethodProcessor  : Writing [[]]
2026-07-31T12:36:01.459+01:00 DEBUG 45886 --- [TuniRate] [http-nio-8080-exec-8] o.s.web.servlet.DispatcherServlet        : Completed 200 OK
2026-07-31T12:36:01.460+01:00 DEBUG 45886 --- [TuniRate] [http-nio-8080-exec-3] o.s.web.servlet.DispatcherServlet        : GET "/subcategories", parameters={}
2026-07-31T12:36:01.460+01:00 DEBUG 45886 --- [TuniRate] [http-nio-8080-exec-3] s.w.s.m.m.a.RequestMappingHandlerMapping : Mapped to tn.anasazx.tunirate.subcategory.controller.SubcategoryController#getAll()
2026-07-31T12:36:01.481+01:00 DEBUG 45886 --- [TuniRate] [http-nio-8080-exec-3] o.s.w.s.m.m.a.HttpEntityMethodProcessor  : Using 'application/json', given [application/json, text/plain, */*] and supported [application/json, application/*+json]
2026-07-31T12:36:01.492+01:00 DEBUG 45886 --- [TuniRate] [http-nio-8080-exec-3] o.s.w.s.m.m.a.HttpEntityMethodProcessor  : Writing [[SubcategoryResponse[id=3, name=Skincare, categoryId=2, categoryName=Beauty], SubcategoryResponse[id (truncated)...]
2026-07-31T12:36:01.493+01:00 DEBUG 45886 --- [TuniRate] [http-nio-8080-exec-3] o.s.web.servlet.DispatcherServlet        : Completed 200 OK
2026-07-31T12:36:02.150+01:00 DEBUG 45886 --- [TuniRate] [http-nio-8080-exec-1] o.s.web.servlet.DispatcherServlet        : GET "/comments/review/4?page=0&size=4", parameters={masked}
2026-07-31T12:36:02.151+01:00 DEBUG 45886 --- [TuniRate] [http-nio-8080-exec-1] s.w.s.m.m.a.RequestMappingHandlerMapping : Mapped to tn.anasazx.tunirate.comment.controller.CommentController#getCommentByReviewId(Long, Pageable)
2026-07-31T12:36:02.175+01:00 DEBUG 45886 --- [TuniRate] [http-nio-8080-exec-1] m.m.a.RequestResponseBodyMethodProcessor : Using 'application/json', given [application/json, text/plain, */*] and supported [application/json, application/*+json]
2026-07-31T12:36:02.176+01:00 DEBUG 45886 --- [TuniRate] [http-nio-8080-exec-1] m.m.a.RequestResponseBodyMethodProcessor : Writing [Page 1 of 1 containing tn.anasazx.tunirate.comment.dto.CommentResponse instances]
2026-07-31T12:36:02.177+01:00 DEBUG 45886 --- [TuniRate] [http-nio-8080-exec-1] o.s.web.servlet.DispatcherServlet        : Completed 200 OK
2026-07-31T12:36:05.839+01:00 DEBUG 45886 --- [TuniRate] [http-nio-8080-exec-6] o.s.web.servlet.DispatcherServlet        : GET "/auth/me", parameters={}
2026-07-31T12:36:05.839+01:00 DEBUG 45886 --- [TuniRate] [http-nio-8080-exec-6] s.w.s.m.m.a.RequestMappingHandlerMapping : Mapped to tn.anasazx.tunirate.authentication.controller.AuthController#authenticateUser()
2026-07-31T12:36:05.843+01:00 DEBUG 45886 --- [TuniRate] [http-nio-8080-exec-6] o.s.w.s.m.m.a.HttpEntityMethodProcessor  : Using 'application/json', given [application/json, text/plain, */*] and supported [application/json, application/*+json]
2026-07-31T12:36:05.844+01:00 DEBUG 45886 --- [TuniRate] [http-nio-8080-exec-6] o.s.w.s.m.m.a.HttpEntityMethodProcessor  : Writing [MinimizedUserResponse[id=8, name=Anas Riadh Azizi, email=anasriad.azizi@gmail.com, emailVerified=tru (truncated)...]
2026-07-31T12:36:05.844+01:00 DEBUG 45886 --- [TuniRate] [http-nio-8080-exec-6] o.s.web.servlet.DispatcherServlet        : Completed 200 OK
2026-07-31T12:36:05.847+01:00 DEBUG 45886 --- [TuniRate] [http-nio-8080-exec-10] o.s.web.servlet.DispatcherServlet        : GET "/product/39/details", parameters={}
2026-07-31T12:36:05.848+01:00 DEBUG 45886 --- [TuniRate] [http-nio-8080-exec-10] s.w.s.m.m.a.RequestMappingHandlerMapping : Mapped to tn.anasazx.tunirate.product.controller.ProductController#getProductDetails(Long)
2026-07-31T12:36:05.902+01:00 DEBUG 45886 --- [TuniRate] [http-nio-8080-exec-4] o.s.web.servlet.DispatcherServlet        : GET "/reviews/product/39?page=0&size=10", parameters={masked}
2026-07-31T12:36:05.903+01:00 DEBUG 45886 --- [TuniRate] [http-nio-8080-exec-4] s.w.s.m.m.a.RequestMappingHandlerMapping : Mapped to tn.anasazx.tunirate.review.controller.ReviewController#getReviewsByProductId(Long, Pageable)
2026-07-31T12:36:05.913+01:00 DEBUG 45886 --- [TuniRate] [http-nio-8080-exec-2] o.s.web.servlet.DispatcherServlet        : GET "/categories", parameters={}
2026-07-31T12:36:05.913+01:00 DEBUG 45886 --- [TuniRate] [http-nio-8080-exec-2] s.w.s.m.m.a.RequestMappingHandlerMapping : Mapped to tn.anasazx.tunirate.category.controller.CategoryController#getAll()
2026-07-31T12:36:05.913+01:00 DEBUG 45886 --- [TuniRate] [http-nio-8080-exec-5] o.s.web.servlet.DispatcherServlet        : GET "/invitations/me", parameters={}
2026-07-31T12:36:05.914+01:00 DEBUG 45886 --- [TuniRate] [http-nio-8080-exec-5] s.w.s.m.m.a.RequestMappingHandlerMapping : Mapped to tn.anasazx.tunirate.invitation.controller.CompanyInvitationController#getMyInvitations()
2026-07-31T12:36:05.918+01:00 DEBUG 45886 --- [TuniRate] [http-nio-8080-exec-2] o.s.w.s.m.m.a.HttpEntityMethodProcessor  : Using 'application/json', given [application/json, text/plain, */*] and supported [application/json, application/*+json]
2026-07-31T12:36:05.919+01:00 DEBUG 45886 --- [TuniRate] [http-nio-8080-exec-2] o.s.w.s.m.m.a.HttpEntityMethodProcessor  : Writing [[CategoryResponse[id=2, name=Beauty]]]
2026-07-31T12:36:05.931+01:00 DEBUG 45886 --- [TuniRate] [http-nio-8080-exec-2] o.s.web.servlet.DispatcherServlet        : Completed 200 OK
2026-07-31T12:36:05.935+01:00 DEBUG 45886 --- [TuniRate] [http-nio-8080-exec-10] o.s.w.s.m.m.a.HttpEntityMethodProcessor  : Using 'application/json', given [application/json, text/plain, */*] and supported [application/json, application/*+json]
2026-07-31T12:36:05.935+01:00 DEBUG 45886 --- [TuniRate] [http-nio-8080-exec-10] o.s.w.s.m.m.a.HttpEntityMethodProcessor  : Writing [ProductDetailsResponse[id=39, name=Pochette beauté ciel, description=La trousse qui sublime votre ro (truncated)...]
2026-07-31T12:36:05.936+01:00 DEBUG 45886 --- [TuniRate] [http-nio-8080-exec-5] o.s.w.s.m.m.a.HttpEntityMethodProcessor  : Using 'application/json', given [application/json, text/plain, */*] and supported [application/json, application/*+json]
2026-07-31T12:36:05.937+01:00 DEBUG 45886 --- [TuniRate] [http-nio-8080-exec-5] o.s.w.s.m.m.a.HttpEntityMethodProcessor  : Writing [[]]
2026-07-31T12:36:05.936+01:00 DEBUG 45886 --- [TuniRate] [http-nio-8080-exec-10] o.s.web.servlet.DispatcherServlet        : Completed 200 OK
2026-07-31T12:36:05.937+01:00 DEBUG 45886 --- [TuniRate] [http-nio-8080-exec-5] o.s.web.servlet.DispatcherServlet        : Completed 200 OK
2026-07-31T12:36:05.941+01:00 DEBUG 45886 --- [TuniRate] [http-nio-8080-exec-2] o.s.web.servlet.DispatcherServlet        : GET "/categories", parameters={}
2026-07-31T12:36:05.942+01:00 DEBUG 45886 --- [TuniRate] [http-nio-8080-exec-2] s.w.s.m.m.a.RequestMappingHandlerMapping : Mapped to tn.anasazx.tunirate.category.controller.CategoryController#getAll()
2026-07-31T12:36:05.946+01:00 DEBUG 45886 --- [TuniRate] [http-nio-8080-exec-2] o.s.w.s.m.m.a.HttpEntityMethodProcessor  : Using 'application/json', given [application/json, text/plain, */*] and supported [application/json, application/*+json]
2026-07-31T12:36:05.946+01:00 DEBUG 45886 --- [TuniRate] [http-nio-8080-exec-2] o.s.w.s.m.m.a.HttpEntityMethodProcessor  : Writing [[CategoryResponse[id=2, name=Beauty]]]
2026-07-31T12:36:05.947+01:00 DEBUG 45886 --- [TuniRate] [http-nio-8080-exec-2] o.s.web.servlet.DispatcherServlet        : Completed 200 OK
2026-07-31T12:36:05.951+01:00 DEBUG 45886 --- [TuniRate] [http-nio-8080-exec-4] o.s.w.s.m.m.a.HttpEntityMethodProcessor  : Using 'application/json', given [application/json, text/plain, */*] and supported [application/json, application/*+json]
2026-07-31T12:36:05.952+01:00 DEBUG 45886 --- [TuniRate] [http-nio-8080-exec-4] o.s.w.s.m.m.a.HttpEntityMethodProcessor  : Writing [ProductReviewsResponse[myReview=ReviewResponse[id=4, rating=3, content=test with content, user=Minim (truncated)...]
2026-07-31T12:36:05.954+01:00 DEBUG 45886 --- [TuniRate] [http-nio-8080-exec-4] o.s.web.servlet.DispatcherServlet        : Completed 200 OK
2026-07-31T12:36:06.072+01:00 DEBUG 45886 --- [TuniRate] [http-nio-8080-exec-9] o.s.web.servlet.DispatcherServlet        : GET "/subcategories", parameters={}
2026-07-31T12:36:06.072+01:00 DEBUG 45886 --- [TuniRate] [http-nio-8080-exec-9] s.w.s.m.m.a.RequestMappingHandlerMapping : Mapped to tn.anasazx.tunirate.subcategory.controller.SubcategoryController#getAll()
2026-07-31T12:36:06.135+01:00 DEBUG 45886 --- [TuniRate] [http-nio-8080-exec-9] o.s.w.s.m.m.a.HttpEntityMethodProcessor  : Using 'application/json', given [application/json, text/plain, */*] and supported [application/json, application/*+json]
2026-07-31T12:36:06.139+01:00 DEBUG 45886 --- [TuniRate] [http-nio-8080-exec-9] o.s.w.s.m.m.a.HttpEntityMethodProcessor  : Writing [[SubcategoryResponse[id=3, name=Skincare, categoryId=2, categoryName=Beauty], SubcategoryResponse[id (truncated)...]
2026-07-31T12:36:06.142+01:00 DEBUG 45886 --- [TuniRate] [http-nio-8080-exec-9] o.s.web.servlet.DispatcherServlet        : Completed 200 OK
2026-07-31T12:36:06.148+01:00 DEBUG 45886 --- [TuniRate] [http-nio-8080-exec-8] o.s.web.servlet.DispatcherServlet        : GET "/subcategories", parameters={}
2026-07-31T12:36:06.149+01:00 DEBUG 45886 --- [TuniRate] [http-nio-8080-exec-8] s.w.s.m.m.a.RequestMappingHandlerMapping : Mapped to tn.anasazx.tunirate.subcategory.controller.SubcategoryController#getAll()
2026-07-31T12:36:06.152+01:00 DEBUG 45886 --- [TuniRate] [http-nio-8080-exec-8] o.s.w.s.m.m.a.HttpEntityMethodProcessor  : Using 'application/json', given [application/json, text/plain, */*] and supported [application/json, application/*+json]
2026-07-31T12:36:06.152+01:00 DEBUG 45886 --- [TuniRate] [http-nio-8080-exec-8] o.s.w.s.m.m.a.HttpEntityMethodProcessor  : Writing [[SubcategoryResponse[id=3, name=Skincare, categoryId=2, categoryName=Beauty], SubcategoryResponse[id (truncated)...]
2026-07-31T12:36:06.152+01:00 DEBUG 45886 --- [TuniRate] [http-nio-8080-exec-8] o.s.web.servlet.DispatcherServlet        : Completed 200 OK
2026-07-31T12:36:28.836+01:00 DEBUG 45886 --- [TuniRate] [http-nio-8080-exec-6] o.s.web.servlet.DispatcherServlet        : GET "/auth/me", parameters={}
2026-07-31T12:36:28.839+01:00 DEBUG 45886 --- [TuniRate] [http-nio-8080-exec-2] o.s.web.servlet.DispatcherServlet        : GET "/categories", parameters={}
2026-07-31T12:36:28.833+01:00 DEBUG 45886 --- [TuniRate] [http-nio-8080-exec-9] o.s.web.servlet.DispatcherServlet        : GET "/reviews/product/39?page=0&size=10", parameters={masked}
2026-07-31T12:36:28.839+01:00 DEBUG 45886 --- [TuniRate] [http-nio-8080-exec-7] o.s.web.servlet.DispatcherServlet        : GET "/product/39/details", parameters={}
2026-07-31T12:36:28.839+01:00 DEBUG 45886 --- [TuniRate] [http-nio-8080-exec-2] s.w.s.m.m.a.RequestMappingHandlerMapping : Mapped to tn.anasazx.tunirate.category.controller.CategoryController#getAll()
2026-07-31T12:36:28.839+01:00 DEBUG 45886 --- [TuniRate] [http-nio-8080-exec-6] s.w.s.m.m.a.RequestMappingHandlerMapping : Mapped to tn.anasazx.tunirate.authentication.controller.AuthController#authenticateUser()
2026-07-31T12:36:28.844+01:00 DEBUG 45886 --- [TuniRate] [http-nio-8080-exec-7] s.w.s.m.m.a.RequestMappingHandlerMapping : Mapped to tn.anasazx.tunirate.product.controller.ProductController#getProductDetails(Long)
2026-07-31T12:36:28.844+01:00 DEBUG 45886 --- [TuniRate] [http-nio-8080-exec-9] s.w.s.m.m.a.RequestMappingHandlerMapping : Mapped to tn.anasazx.tunirate.review.controller.ReviewController#getReviewsByProductId(Long, Pageable)
2026-07-31T12:36:28.868+01:00 DEBUG 45886 --- [TuniRate] [http-nio-8080-exec-2] o.s.w.s.m.m.a.HttpEntityMethodProcessor  : Using 'application/json', given [application/json, text/plain, */*] and supported [application/json, application/*+json]
2026-07-31T12:36:28.869+01:00 DEBUG 45886 --- [TuniRate] [http-nio-8080-exec-2] o.s.w.s.m.m.a.HttpEntityMethodProcessor  : Writing [[CategoryResponse[id=2, name=Beauty]]]
2026-07-31T12:36:28.870+01:00 DEBUG 45886 --- [TuniRate] [http-nio-8080-exec-6] o.s.w.s.m.m.a.HttpEntityMethodProcessor  : Using 'application/json', given [application/json, text/plain, */*] and supported [application/json, application/*+json]
2026-07-31T12:36:28.870+01:00 DEBUG 45886 --- [TuniRate] [http-nio-8080-exec-6] o.s.w.s.m.m.a.HttpEntityMethodProcessor  : Writing [MinimizedUserResponse[id=8, name=Anas Riadh Azizi, email=anasriad.azizi@gmail.com, emailVerified=tru (truncated)...]
2026-07-31T12:36:28.874+01:00 DEBUG 45886 --- [TuniRate] [http-nio-8080-exec-2] o.s.web.servlet.DispatcherServlet        : Completed 200 OK
2026-07-31T12:36:28.874+01:00 DEBUG 45886 --- [TuniRate] [http-nio-8080-exec-6] o.s.web.servlet.DispatcherServlet        : Completed 200 OK
2026-07-31T12:36:28.905+01:00 DEBUG 45886 --- [TuniRate] [http-nio-8080-exec-8] o.s.web.servlet.DispatcherServlet        : GET "/categories", parameters={}
2026-07-31T12:36:28.905+01:00 DEBUG 45886 --- [TuniRate] [http-nio-8080-exec-8] s.w.s.m.m.a.RequestMappingHandlerMapping : Mapped to tn.anasazx.tunirate.category.controller.CategoryController#getAll()
2026-07-31T12:36:28.908+01:00 DEBUG 45886 --- [TuniRate] [http-nio-8080-exec-5] o.s.web.servlet.DispatcherServlet        : GET "/invitations/me", parameters={}
2026-07-31T12:36:28.909+01:00 DEBUG 45886 --- [TuniRate] [http-nio-8080-exec-5] s.w.s.m.m.a.RequestMappingHandlerMapping : Mapped to tn.anasazx.tunirate.invitation.controller.CompanyInvitationController#getMyInvitations()
2026-07-31T12:36:28.910+01:00 DEBUG 45886 --- [TuniRate] [http-nio-8080-exec-8] o.s.w.s.m.m.a.HttpEntityMethodProcessor  : Using 'application/json', given [application/json, text/plain, */*] and supported [application/json, application/*+json]
2026-07-31T12:36:28.910+01:00 DEBUG 45886 --- [TuniRate] [http-nio-8080-exec-8] o.s.w.s.m.m.a.HttpEntityMethodProcessor  : Writing [[CategoryResponse[id=2, name=Beauty]]]
2026-07-31T12:36:28.911+01:00 DEBUG 45886 --- [TuniRate] [http-nio-8080-exec-8] o.s.web.servlet.DispatcherServlet        : Completed 200 OK
2026-07-31T12:36:28.911+01:00 DEBUG 45886 --- [TuniRate] [http-nio-8080-exec-3] o.s.web.servlet.DispatcherServlet        : GET "/subcategories", parameters={}
2026-07-31T12:36:28.911+01:00 DEBUG 45886 --- [TuniRate] [http-nio-8080-exec-3] s.w.s.m.m.a.RequestMappingHandlerMapping : Mapped to tn.anasazx.tunirate.subcategory.controller.SubcategoryController#getAll()
2026-07-31T12:36:28.912+01:00 DEBUG 45886 --- [TuniRate] [http-nio-8080-exec-7] o.s.w.s.m.m.a.HttpEntityMethodProcessor  : Using 'application/json', given [application/json, text/plain, */*] and supported [application/json, application/*+json]
2026-07-31T12:36:28.914+01:00 DEBUG 45886 --- [TuniRate] [http-nio-8080-exec-7] o.s.w.s.m.m.a.HttpEntityMethodProcessor  : Writing [ProductDetailsResponse[id=39, name=Pochette beauté ciel, description=La trousse qui sublime votre ro (truncated)...]
2026-07-31T12:36:28.915+01:00 DEBUG 45886 --- [TuniRate] [http-nio-8080-exec-7] o.s.web.servlet.DispatcherServlet        : Completed 200 OK
2026-07-31T12:36:28.932+01:00 DEBUG 45886 --- [TuniRate] [http-nio-8080-exec-5] o.s.w.s.m.m.a.HttpEntityMethodProcessor  : Using 'application/json', given [application/json, text/plain, */*] and supported [application/json, application/*+json]
2026-07-31T12:36:28.932+01:00 DEBUG 45886 --- [TuniRate] [http-nio-8080-exec-5] o.s.w.s.m.m.a.HttpEntityMethodProcessor  : Writing [[]]
2026-07-31T12:36:28.934+01:00 DEBUG 45886 --- [TuniRate] [http-nio-8080-exec-5] o.s.web.servlet.DispatcherServlet        : Completed 200 OK
2026-07-31T12:36:28.935+01:00 DEBUG 45886 --- [TuniRate] [http-nio-8080-exec-3] o.s.w.s.m.m.a.HttpEntityMethodProcessor  : Using 'application/json', given [application/json, text/plain, */*] and supported [application/json, application/*+json]
2026-07-31T12:36:28.935+01:00 DEBUG 45886 --- [TuniRate] [http-nio-8080-exec-3] o.s.w.s.m.m.a.HttpEntityMethodProcessor  : Writing [[SubcategoryResponse[id=3, name=Skincare, categoryId=2, categoryName=Beauty], SubcategoryResponse[id (truncated)...]
2026-07-31T12:36:28.935+01:00 DEBUG 45886 --- [TuniRate] [http-nio-8080-exec-3] o.s.web.servlet.DispatcherServlet        : Completed 200 OK
2026-07-31T12:36:28.936+01:00 DEBUG 45886 --- [TuniRate] [http-nio-8080-exec-9] o.s.w.s.m.m.a.HttpEntityMethodProcessor  : Using 'application/json', given [application/json, text/plain, */*] and supported [application/json, application/*+json]
2026-07-31T12:36:28.937+01:00 DEBUG 45886 --- [TuniRate] [http-nio-8080-exec-9] o.s.w.s.m.m.a.HttpEntityMethodProcessor  : Writing [ProductReviewsResponse[myReview=ReviewResponse[id=4, rating=3, content=test with content, user=Minim (truncated)...]
2026-07-31T12:36:28.938+01:00 DEBUG 45886 --- [TuniRate] [http-nio-8080-exec-9] o.s.web.servlet.DispatcherServlet        : Completed 200 OK
2026-07-31T12:36:28.945+01:00 DEBUG 45886 --- [TuniRate] [http-nio-8080-exec-4] o.s.web.servlet.DispatcherServlet        : GET "/subcategories", parameters={}
2026-07-31T12:36:28.946+01:00 DEBUG 45886 --- [TuniRate] [http-nio-8080-exec-4] s.w.s.m.m.a.RequestMappingHandlerMapping : Mapped to tn.anasazx.tunirate.subcategory.controller.SubcategoryController#getAll()
2026-07-31T12:36:28.955+01:00 DEBUG 45886 --- [TuniRate] [http-nio-8080-exec-4] o.s.w.s.m.m.a.HttpEntityMethodProcessor  : Using 'application/json', given [application/json, text/plain, */*] and supported [application/json, application/*+json]
2026-07-31T12:36:28.955+01:00 DEBUG 45886 --- [TuniRate] [http-nio-8080-exec-4] o.s.w.s.m.m.a.HttpEntityMethodProcessor  : Writing [[SubcategoryResponse[id=3, name=Skincare, categoryId=2, categoryName=Beauty], SubcategoryResponse[id (truncated)...]
2026-07-31T12:36:28.956+01:00 DEBUG 45886 --- [TuniRate] [http-nio-8080-exec-4] o.s.web.servlet.DispatcherServlet        : Completed 200 OK
2026-07-31T12:36:35.954+01:00 DEBUG 45886 --- [TuniRate] [http-nio-8080-exec-8] o.s.web.servlet.DispatcherServlet        : GET "/product/39/details", parameters={}
2026-07-31T12:36:35.955+01:00 DEBUG 45886 --- [TuniRate] [http-nio-8080-exec-9] o.s.web.servlet.DispatcherServlet        : GET "/reviews/product/39?page=0&size=10", parameters={masked}
2026-07-31T12:36:35.955+01:00 DEBUG 45886 --- [TuniRate] [http-nio-8080-exec-5] o.s.web.servlet.DispatcherServlet        : GET "/categories", parameters={}
2026-07-31T12:36:35.956+01:00 DEBUG 45886 --- [TuniRate] [http-nio-8080-exec-5] s.w.s.m.m.a.RequestMappingHandlerMapping : Mapped to tn.anasazx.tunirate.category.controller.CategoryController#getAll()
2026-07-31T12:36:35.955+01:00 DEBUG 45886 --- [TuniRate] [http-nio-8080-exec-3] o.s.web.servlet.DispatcherServlet        : GET "/auth/me", parameters={}
2026-07-31T12:36:35.956+01:00 DEBUG 45886 --- [TuniRate] [http-nio-8080-exec-3] s.w.s.m.m.a.RequestMappingHandlerMapping : Mapped to tn.anasazx.tunirate.authentication.controller.AuthController#authenticateUser()
2026-07-31T12:36:35.956+01:00 DEBUG 45886 --- [TuniRate] [http-nio-8080-exec-8] s.w.s.m.m.a.RequestMappingHandlerMapping : Mapped to tn.anasazx.tunirate.product.controller.ProductController#getProductDetails(Long)
2026-07-31T12:36:35.957+01:00 DEBUG 45886 --- [TuniRate] [http-nio-8080-exec-9] s.w.s.m.m.a.RequestMappingHandlerMapping : Mapped to tn.anasazx.tunirate.review.controller.ReviewController#getReviewsByProductId(Long, Pageable)
2026-07-31T12:36:35.981+01:00 DEBUG 45886 --- [TuniRate] [http-nio-8080-exec-5] o.s.w.s.m.m.a.HttpEntityMethodProcessor  : Using 'application/json', given [application/json, text/plain, */*] and supported [application/json, application/*+json]
2026-07-31T12:36:35.981+01:00 DEBUG 45886 --- [TuniRate] [http-nio-8080-exec-3] o.s.w.s.m.m.a.HttpEntityMethodProcessor  : Using 'application/json', given [application/json, text/plain, */*] and supported [application/json, application/*+json]
2026-07-31T12:36:35.981+01:00 DEBUG 45886 --- [TuniRate] [http-nio-8080-exec-5] o.s.w.s.m.m.a.HttpEntityMethodProcessor  : Writing [[CategoryResponse[id=2, name=Beauty]]]
2026-07-31T12:36:35.981+01:00 DEBUG 45886 --- [TuniRate] [http-nio-8080-exec-3] o.s.w.s.m.m.a.HttpEntityMethodProcessor  : Writing [MinimizedUserResponse[id=8, name=Anas Riadh Azizi, email=anasriad.azizi@gmail.com, emailVerified=tru (truncated)...]
2026-07-31T12:36:35.983+01:00 DEBUG 45886 --- [TuniRate] [http-nio-8080-exec-3] o.s.web.servlet.DispatcherServlet        : Completed 200 OK
2026-07-31T12:36:35.983+01:00 DEBUG 45886 --- [TuniRate] [http-nio-8080-exec-5] o.s.web.servlet.DispatcherServlet        : Completed 200 OK
2026-07-31T12:36:35.991+01:00 DEBUG 45886 --- [TuniRate] [http-nio-8080-exec-4] o.s.web.servlet.DispatcherServlet        : GET "/categories", parameters={}
2026-07-31T12:36:35.991+01:00 DEBUG 45886 --- [TuniRate] [http-nio-8080-exec-4] s.w.s.m.m.a.RequestMappingHandlerMapping : Mapped to tn.anasazx.tunirate.category.controller.CategoryController#getAll()
2026-07-31T12:36:36.003+01:00 DEBUG 45886 --- [TuniRate] [http-nio-8080-exec-4] o.s.w.s.m.m.a.HttpEntityMethodProcessor  : Using 'application/json', given [application/json, text/plain, */*] and supported [application/json, application/*+json]
2026-07-31T12:36:36.004+01:00 DEBUG 45886 --- [TuniRate] [http-nio-8080-exec-4] o.s.w.s.m.m.a.HttpEntityMethodProcessor  : Writing [[CategoryResponse[id=2, name=Beauty]]]
2026-07-31T12:36:36.005+01:00 DEBUG 45886 --- [TuniRate] [http-nio-8080-exec-4] o.s.web.servlet.DispatcherServlet        : Completed 200 OK
2026-07-31T12:36:36.007+01:00 DEBUG 45886 --- [TuniRate] [http-nio-8080-exec-8] o.s.w.s.m.m.a.HttpEntityMethodProcessor  : Using 'application/json', given [application/json, text/plain, */*] and supported [application/json, application/*+json]
2026-07-31T12:36:36.008+01:00 DEBUG 45886 --- [TuniRate] [http-nio-8080-exec-8] o.s.w.s.m.m.a.HttpEntityMethodProcessor  : Writing [ProductDetailsResponse[id=39, name=Pochette beauté ciel, description=La trousse qui sublime votre ro (truncated)...]
2026-07-31T12:36:36.010+01:00 DEBUG 45886 --- [TuniRate] [http-nio-8080-exec-8] o.s.web.servlet.DispatcherServlet        : Completed 200 OK
2026-07-31T12:36:36.022+01:00 DEBUG 45886 --- [TuniRate] [http-nio-8080-exec-9] o.s.w.s.m.m.a.HttpEntityMethodProcessor  : Using 'application/json', given [application/json, text/plain, */*] and supported [application/json, application/*+json]
2026-07-31T12:36:36.023+01:00 DEBUG 45886 --- [TuniRate] [http-nio-8080-exec-9] o.s.w.s.m.m.a.HttpEntityMethodProcessor  : Writing [ProductReviewsResponse[myReview=ReviewResponse[id=4, rating=3, content=test with content, user=Minim (truncated)...]
2026-07-31T12:36:36.024+01:00 DEBUG 45886 --- [TuniRate] [http-nio-8080-exec-9] o.s.web.servlet.DispatcherServlet        : Completed 200 OK
2026-07-31T12:36:36.115+01:00 DEBUG 45886 --- [TuniRate] [http-nio-8080-exec-6] o.s.web.servlet.DispatcherServlet        : GET "/invitations/me", parameters={}
2026-07-31T12:36:36.115+01:00 DEBUG 45886 --- [TuniRate] [http-nio-8080-exec-6] s.w.s.m.m.a.RequestMappingHandlerMapping : Mapped to tn.anasazx.tunirate.invitation.controller.CompanyInvitationController#getMyInvitations()
2026-07-31T12:36:36.116+01:00 DEBUG 45886 --- [TuniRate] [http-nio-8080-exec-10] o.s.web.servlet.DispatcherServlet        : GET "/subcategories", parameters={}
2026-07-31T12:36:36.116+01:00 DEBUG 45886 --- [TuniRate] [http-nio-8080-exec-10] s.w.s.m.m.a.RequestMappingHandlerMapping : Mapped to tn.anasazx.tunirate.subcategory.controller.SubcategoryController#getAll()
2026-07-31T12:36:36.120+01:00 DEBUG 45886 --- [TuniRate] [http-nio-8080-exec-6] o.s.w.s.m.m.a.HttpEntityMethodProcessor  : Using 'application/json', given [application/json, text/plain, */*] and supported [application/json, application/*+json]
2026-07-31T12:36:36.120+01:00 DEBUG 45886 --- [TuniRate] [http-nio-8080-exec-6] o.s.w.s.m.m.a.HttpEntityMethodProcessor  : Writing [[]]
2026-07-31T12:36:36.120+01:00 DEBUG 45886 --- [TuniRate] [http-nio-8080-exec-6] o.s.web.servlet.DispatcherServlet        : Completed 200 OK
2026-07-31T12:36:36.121+01:00 DEBUG 45886 --- [TuniRate] [http-nio-8080-exec-10] o.s.w.s.m.m.a.HttpEntityMethodProcessor  : Using 'application/json', given [application/json, text/plain, */*] and supported [application/json, application/*+json]
2026-07-31T12:36:36.124+01:00 DEBUG 45886 --- [TuniRate] [http-nio-8080-exec-10] o.s.w.s.m.m.a.HttpEntityMethodProcessor  : Writing [[SubcategoryResponse[id=3, name=Skincare, categoryId=2, categoryName=Beauty], SubcategoryResponse[id (truncated)...]
2026-07-31T12:36:36.124+01:00 DEBUG 45886 --- [TuniRate] [http-nio-8080-exec-10] o.s.web.servlet.DispatcherServlet        : Completed 200 OK
2026-07-31T12:36:36.159+01:00 DEBUG 45886 --- [TuniRate] [http-nio-8080-exec-5] o.s.web.servlet.DispatcherServlet        : GET "/subcategories", parameters={}
2026-07-31T12:36:36.160+01:00 DEBUG 45886 --- [TuniRate] [http-nio-8080-exec-5] s.w.s.m.m.a.RequestMappingHandlerMapping : Mapped to tn.anasazx.tunirate.subcategory.controller.SubcategoryController#getAll()
2026-07-31T12:36:36.288+01:00 DEBUG 45886 --- [TuniRate] [http-nio-8080-exec-5] o.s.w.s.m.m.a.HttpEntityMethodProcessor  : Using 'application/json', given [application/json, text/plain, */*] and supported [application/json, application/*+json]
2026-07-31T12:36:36.289+01:00 DEBUG 45886 --- [TuniRate] [http-nio-8080-exec-5] o.s.w.s.m.m.a.HttpEntityMethodProcessor  : Writing [[SubcategoryResponse[id=3, name=Skincare, categoryId=2, categoryName=Beauty], SubcategoryResponse[id (truncated)...]
2026-07-31T12:36:36.291+01:00 DEBUG 45886 --- [TuniRate] [http-nio-8080-exec-5] o.s.web.servlet.DispatcherServlet        : Completed 200 OK
2026-07-31T12:36:36.929+01:00 DEBUG 45886 --- [TuniRate] [http-nio-8080-exec-4] o.s.web.servlet.DispatcherServlet        : GET "/comments/review/4?page=0&size=4", parameters={masked}
2026-07-31T12:36:36.930+01:00 DEBUG 45886 --- [TuniRate] [http-nio-8080-exec-4] s.w.s.m.m.a.RequestMappingHandlerMapping : Mapped to tn.anasazx.tunirate.comment.controller.CommentController#getCommentByReviewId(Long, Pageable)
2026-07-31T12:36:36.945+01:00 DEBUG 45886 --- [TuniRate] [http-nio-8080-exec-4] m.m.a.RequestResponseBodyMethodProcessor : Using 'application/json', given [application/json, text/plain, */*] and supported [application/json, application/*+json]
2026-07-31T12:36:36.945+01:00 DEBUG 45886 --- [TuniRate] [http-nio-8080-exec-4] m.m.a.RequestResponseBodyMethodProcessor : Writing [Page 1 of 1 containing tn.anasazx.tunirate.comment.dto.CommentResponse instances]
2026-07-31T12:36:36.946+01:00 DEBUG 45886 --- [TuniRate] [http-nio-8080-exec-4] o.s.web.servlet.DispatcherServlet        : Completed 200 OK
2026-07-31T12:38:07.331+01:00 DEBUG 45886 --- [TuniRate] [http-nio-8080-exec-8] o.s.web.servlet.DispatcherServlet        : GET "/auth/me", parameters={}
2026-07-31T12:38:07.330+01:00 DEBUG 45886 --- [TuniRate] [http-nio-8080-exec-2] o.s.web.servlet.DispatcherServlet        : GET "/product/39/details", parameters={}
2026-07-31T12:38:07.335+01:00 DEBUG 45886 --- [TuniRate] [http-nio-8080-exec-8] s.w.s.m.m.a.RequestMappingHandlerMapping : Mapped to tn.anasazx.tunirate.authentication.controller.AuthController#authenticateUser()
2026-07-31T12:38:07.332+01:00 DEBUG 45886 --- [TuniRate] [http-nio-8080-exec-9] o.s.web.servlet.DispatcherServlet        : GET "/categories", parameters={}
2026-07-31T12:38:07.335+01:00 DEBUG 45886 --- [TuniRate] [http-nio-8080-exec-9] s.w.s.m.m.a.RequestMappingHandlerMapping : Mapped to tn.anasazx.tunirate.category.controller.CategoryController#getAll()
2026-07-31T12:38:07.336+01:00 DEBUG 45886 --- [TuniRate] [http-nio-8080-exec-2] s.w.s.m.m.a.RequestMappingHandlerMapping : Mapped to tn.anasazx.tunirate.product.controller.ProductController#getProductDetails(Long)
2026-07-31T12:38:07.332+01:00 DEBUG 45886 --- [TuniRate] [http-nio-8080-exec-7] o.s.web.servlet.DispatcherServlet        : GET "/reviews/product/39?page=0&size=10", parameters={masked}
2026-07-31T12:38:07.338+01:00 DEBUG 45886 --- [TuniRate] [http-nio-8080-exec-7] s.w.s.m.m.a.RequestMappingHandlerMapping : Mapped to tn.anasazx.tunirate.review.controller.ReviewController#getReviewsByProductId(Long, Pageable)
2026-07-31T12:38:07.351+01:00 DEBUG 45886 --- [TuniRate] [http-nio-8080-exec-9] o.s.w.s.m.m.a.HttpEntityMethodProcessor  : Using 'application/json', given [application/json, text/plain, */*] and supported [application/json, application/*+json]
2026-07-31T12:38:07.352+01:00 DEBUG 45886 --- [TuniRate] [http-nio-8080-exec-9] o.s.w.s.m.m.a.HttpEntityMethodProcessor  : Writing [[CategoryResponse[id=2, name=Beauty]]]
2026-07-31T12:38:07.352+01:00 DEBUG 45886 --- [TuniRate] [http-nio-8080-exec-8] o.s.w.s.m.m.a.HttpEntityMethodProcessor  : Using 'application/json', given [application/json, text/plain, */*] and supported [application/json, application/*+json]
2026-07-31T12:38:07.353+01:00 DEBUG 45886 --- [TuniRate] [http-nio-8080-exec-8] o.s.w.s.m.m.a.HttpEntityMethodProcessor  : Writing [MinimizedUserResponse[id=8, name=Anas Riadh Azizi, email=anasriad.azizi@gmail.com, emailVerified=tru (truncated)...]
2026-07-31T12:38:07.359+01:00 DEBUG 45886 --- [TuniRate] [http-nio-8080-exec-8] o.s.web.servlet.DispatcherServlet        : Completed 200 OK
2026-07-31T12:38:07.359+01:00 DEBUG 45886 --- [TuniRate] [http-nio-8080-exec-9] o.s.web.servlet.DispatcherServlet        : Completed 200 OK
2026-07-31T12:38:07.364+01:00 DEBUG 45886 --- [TuniRate] [http-nio-8080-exec-1] o.s.web.servlet.DispatcherServlet        : GET "/categories", parameters={}
2026-07-31T12:38:07.364+01:00 DEBUG 45886 --- [TuniRate] [http-nio-8080-exec-1] s.w.s.m.m.a.RequestMappingHandlerMapping : Mapped to tn.anasazx.tunirate.category.controller.CategoryController#getAll()
2026-07-31T12:38:07.366+01:00 DEBUG 45886 --- [TuniRate] [http-nio-8080-exec-1] o.s.w.s.m.m.a.HttpEntityMethodProcessor  : Using 'application/json', given [application/json, text/plain, */*] and supported [application/json, application/*+json]
2026-07-31T12:38:07.366+01:00 DEBUG 45886 --- [TuniRate] [http-nio-8080-exec-1] o.s.w.s.m.m.a.HttpEntityMethodProcessor  : Writing [[CategoryResponse[id=2, name=Beauty]]]
2026-07-31T12:38:07.367+01:00 DEBUG 45886 --- [TuniRate] [http-nio-8080-exec-1] o.s.web.servlet.DispatcherServlet        : Completed 200 OK
2026-07-31T12:38:07.375+01:00 DEBUG 45886 --- [TuniRate] [http-nio-8080-exec-2] o.s.w.s.m.m.a.HttpEntityMethodProcessor  : Using 'application/json', given [application/json, text/plain, */*] and supported [application/json, application/*+json]
2026-07-31T12:38:07.380+01:00 DEBUG 45886 --- [TuniRate] [http-nio-8080-exec-2] o.s.w.s.m.m.a.HttpEntityMethodProcessor  : Writing [ProductDetailsResponse[id=39, name=Pochette beauté ciel, description=La trousse qui sublime votre ro (truncated)...]
2026-07-31T12:38:07.383+01:00 DEBUG 45886 --- [TuniRate] [http-nio-8080-exec-2] o.s.web.servlet.DispatcherServlet        : Completed 200 OK
2026-07-31T12:38:07.405+01:00 DEBUG 45886 --- [TuniRate] [http-nio-8080-exec-4] o.s.web.servlet.DispatcherServlet        : GET "/invitations/me", parameters={}
2026-07-31T12:38:07.406+01:00 DEBUG 45886 --- [TuniRate] [http-nio-8080-exec-4] s.w.s.m.m.a.RequestMappingHandlerMapping : Mapped to tn.anasazx.tunirate.invitation.controller.CompanyInvitationController#getMyInvitations()
2026-07-31T12:38:07.406+01:00 DEBUG 45886 --- [TuniRate] [http-nio-8080-exec-10] o.s.web.servlet.DispatcherServlet        : GET "/subcategories", parameters={}
2026-07-31T12:38:07.406+01:00 DEBUG 45886 --- [TuniRate] [http-nio-8080-exec-10] s.w.s.m.m.a.RequestMappingHandlerMapping : Mapped to tn.anasazx.tunirate.subcategory.controller.SubcategoryController#getAll()
2026-07-31T12:38:07.406+01:00 DEBUG 45886 --- [TuniRate] [http-nio-8080-exec-7] o.s.w.s.m.m.a.HttpEntityMethodProcessor  : Using 'application/json', given [application/json, text/plain, */*] and supported [application/json, application/*+json]
2026-07-31T12:38:07.407+01:00 DEBUG 45886 --- [TuniRate] [http-nio-8080-exec-7] o.s.w.s.m.m.a.HttpEntityMethodProcessor  : Writing [ProductReviewsResponse[myReview=ReviewResponse[id=4, rating=3, content=test with content, user=Minim (truncated)...]
2026-07-31T12:38:07.417+01:00 DEBUG 45886 --- [TuniRate] [http-nio-8080-exec-7] o.s.web.servlet.DispatcherServlet        : Completed 200 OK
2026-07-31T12:38:07.420+01:00 DEBUG 45886 --- [TuniRate] [http-nio-8080-exec-4] o.s.w.s.m.m.a.HttpEntityMethodProcessor  : Using 'application/json', given [application/json, text/plain, */*] and supported [application/json, application/*+json]
2026-07-31T12:38:07.420+01:00 DEBUG 45886 --- [TuniRate] [http-nio-8080-exec-4] o.s.w.s.m.m.a.HttpEntityMethodProcessor  : Writing [[]]
2026-07-31T12:38:07.422+01:00 DEBUG 45886 --- [TuniRate] [http-nio-8080-exec-4] o.s.web.servlet.DispatcherServlet        : Completed 200 OK
2026-07-31T12:38:07.424+01:00 DEBUG 45886 --- [TuniRate] [http-nio-8080-exec-10] o.s.w.s.m.m.a.HttpEntityMethodProcessor  : Using 'application/json', given [application/json, text/plain, */*] and supported [application/json, application/*+json]
2026-07-31T12:38:07.434+01:00 DEBUG 45886 --- [TuniRate] [http-nio-8080-exec-10] o.s.w.s.m.m.a.HttpEntityMethodProcessor  : Writing [[SubcategoryResponse[id=3, name=Skincare, categoryId=2, categoryName=Beauty], SubcategoryResponse[id (truncated)...]
2026-07-31T12:38:07.436+01:00 DEBUG 45886 --- [TuniRate] [http-nio-8080-exec-10] o.s.web.servlet.DispatcherServlet        : Completed 200 OK
2026-07-31T12:38:07.443+01:00 DEBUG 45886 --- [TuniRate] [http-nio-8080-exec-9] o.s.web.servlet.DispatcherServlet        : GET "/subcategories", parameters={}
2026-07-31T12:38:07.443+01:00 DEBUG 45886 --- [TuniRate] [http-nio-8080-exec-9] s.w.s.m.m.a.RequestMappingHandlerMapping : Mapped to tn.anasazx.tunirate.subcategory.controller.SubcategoryController#getAll()
2026-07-31T12:38:07.463+01:00 DEBUG 45886 --- [TuniRate] [http-nio-8080-exec-9] o.s.w.s.m.m.a.HttpEntityMethodProcessor  : Using 'application/json', given [application/json, text/plain, */*] and supported [application/json, application/*+json]
2026-07-31T12:38:07.464+01:00 DEBUG 45886 --- [TuniRate] [http-nio-8080-exec-9] o.s.w.s.m.m.a.HttpEntityMethodProcessor  : Writing [[SubcategoryResponse[id=3, name=Skincare, categoryId=2, categoryName=Beauty], SubcategoryResponse[id (truncated)...]
2026-07-31T12:38:07.466+01:00 DEBUG 45886 --- [TuniRate] [http-nio-8080-exec-9] o.s.web.servlet.DispatcherServlet        : Completed 200 OK
2026-07-31T12:38:07.972+01:00 DEBUG 45886 --- [TuniRate] [http-nio-8080-exec-1] o.s.web.servlet.DispatcherServlet        : GET "/comments/review/4?page=0&size=4", parameters={masked}
2026-07-31T12:38:07.972+01:00 DEBUG 45886 --- [TuniRate] [http-nio-8080-exec-1] s.w.s.m.m.a.RequestMappingHandlerMapping : Mapped to tn.anasazx.tunirate.comment.controller.CommentController#getCommentByReviewId(Long, Pageable)
2026-07-31T12:38:07.989+01:00 DEBUG 45886 --- [TuniRate] [http-nio-8080-exec-1] m.m.a.RequestResponseBodyMethodProcessor : Using 'application/json', given [application/json, text/plain, */*] and supported [application/json, application/*+json]
2026-07-31T12:38:07.989+01:00 DEBUG 45886 --- [TuniRate] [http-nio-8080-exec-1] m.m.a.RequestResponseBodyMethodProcessor : Writing [Page 1 of 1 containing tn.anasazx.tunirate.comment.dto.CommentResponse instances]
2026-07-31T12:38:07.990+01:00 DEBUG 45886 --- [TuniRate] [http-nio-8080-exec-1] o.s.web.servlet.DispatcherServlet        : Completed 200 OK
2026-07-31T12:38:15.470+01:00 DEBUG 45886 --- [TuniRate] [http-nio-8080-exec-3] o.s.web.servlet.DispatcherServlet        : POST "/comments/4/likes", parameters={}
2026-07-31T12:38:15.471+01:00 DEBUG 45886 --- [TuniRate] [http-nio-8080-exec-3] s.w.s.m.m.a.RequestMappingHandlerMapping : Mapped to tn.anasazx.tunirate.like.commentLike.controller.CommentLikeController#addLike(Long)
2026-07-31T12:38:15.486+01:00 DEBUG 45886 --- [TuniRate] [http-nio-8080-exec-3] o.s.w.s.m.m.a.HttpEntityMethodProcessor  : Using 'application/json', given [application/json, text/plain, */*] and supported [application/json, application/*+json]
2026-07-31T12:38:15.487+01:00 DEBUG 45886 --- [TuniRate] [http-nio-8080-exec-3] o.s.w.s.m.m.a.HttpEntityMethodProcessor  : Writing [LikeStatusDto[liked=true]]
2026-07-31T12:38:15.489+01:00 DEBUG 45886 --- [TuniRate] [http-nio-8080-exec-3] o.s.web.servlet.DispatcherServlet        : Completed 200 OK
2026-07-31T12:38:16.101+01:00 DEBUG 45886 --- [TuniRate] [http-nio-8080-exec-6] o.s.web.servlet.DispatcherServlet        : DELETE "/comments/4/likes", parameters={}
2026-07-31T12:38:16.102+01:00 DEBUG 45886 --- [TuniRate] [http-nio-8080-exec-6] s.w.s.m.m.a.RequestMappingHandlerMapping : Mapped to tn.anasazx.tunirate.like.commentLike.controller.CommentLikeController#removeLike(Long)
2026-07-31T12:38:16.121+01:00 DEBUG 45886 --- [TuniRate] [http-nio-8080-exec-6] o.s.w.s.m.m.a.HttpEntityMethodProcessor  : Using 'application/json', given [application/json, text/plain, */*] and supported [application/json, application/*+json]
2026-07-31T12:38:16.122+01:00 DEBUG 45886 --- [TuniRate] [http-nio-8080-exec-6] o.s.w.s.m.m.a.HttpEntityMethodProcessor  : Writing [LikeStatusDto[liked=false]]
2026-07-31T12:38:16.123+01:00 DEBUG 45886 --- [TuniRate] [http-nio-8080-exec-6] o.s.web.servlet.DispatcherServlet        : Completed 200 OK
2026-07-31T12:43:40.827+01:00 DEBUG 45886 --- [TuniRate] [http-nio-8080-exec-1] o.s.web.servlet.DispatcherServlet        : POST "/comments/4/likes", parameters={}
2026-07-31T12:43:40.828+01:00 DEBUG 45886 --- [TuniRate] [http-nio-8080-exec-1] s.w.s.m.m.a.RequestMappingHandlerMapping : Mapped to tn.anasazx.tunirate.like.commentLike.controller.CommentLikeController#addLike(Long)
2026-07-31T12:43:40.847+01:00 DEBUG 45886 --- [TuniRate] [http-nio-8080-exec-1] o.s.w.s.m.m.a.HttpEntityMethodProcessor  : Using 'application/json', given [application/json, text/plain, */*] and supported [application/json, application/*+json]
2026-07-31T12:43:40.847+01:00 DEBUG 45886 --- [TuniRate] [http-nio-8080-exec-1] o.s.w.s.m.m.a.HttpEntityMethodProcessor  : Writing [LikeStatusDto[liked=true]]
2026-07-31T12:43:40.848+01:00 DEBUG 45886 --- [TuniRate] [http-nio-8080-exec-1] o.s.web.servlet.DispatcherServlet        : Completed 200 OK
2026-07-31T12:43:41.368+01:00 DEBUG 45886 --- [TuniRate] [http-nio-8080-exec-2] o.s.web.servlet.DispatcherServlet        : DELETE "/comments/4/likes", parameters={}
2026-07-31T12:43:41.368+01:00 DEBUG 45886 --- [TuniRate] [http-nio-8080-exec-2] s.w.s.m.m.a.RequestMappingHandlerMapping : Mapped to tn.anasazx.tunirate.like.commentLike.controller.CommentLikeController#removeLike(Long)
2026-07-31T12:43:41.380+01:00 DEBUG 45886 --- [TuniRate] [http-nio-8080-exec-2] o.s.w.s.m.m.a.HttpEntityMethodProcessor  : Using 'application/json', given [application/json, text/plain, */*] and supported [application/json, application/*+json]
2026-07-31T12:43:41.380+01:00 DEBUG 45886 --- [TuniRate] [http-nio-8080-exec-2] o.s.w.s.m.m.a.HttpEntityMethodProcessor  : Writing [LikeStatusDto[liked=false]]
2026-07-31T12:43:41.380+01:00 DEBUG 45886 --- [TuniRate] [http-nio-8080-exec-2] o.s.web.servlet.DispatcherServlet        : Completed 200 OK
2026-07-31T12:45:39.373+01:00 DEBUG 45886 --- [TuniRate] [http-nio-8080-exec-4] o.s.web.servlet.DispatcherServlet        : POST "/comments/4/likes", parameters={}
2026-07-31T12:45:39.374+01:00 DEBUG 45886 --- [TuniRate] [http-nio-8080-exec-4] s.w.s.m.m.a.RequestMappingHandlerMapping : Mapped to tn.anasazx.tunirate.like.commentLike.controller.CommentLikeController#addLike(Long)
2026-07-31T12:45:39.418+01:00 DEBUG 45886 --- [TuniRate] [http-nio-8080-exec-4] o.s.w.s.m.m.a.HttpEntityMethodProcessor  : Using 'application/json', given [application/json, text/plain, */*] and supported [application/json, application/*+json]
2026-07-31T12:45:39.418+01:00 DEBUG 45886 --- [TuniRate] [http-nio-8080-exec-4] o.s.w.s.m.m.a.HttpEntityMethodProcessor  : Writing [LikeStatusDto[liked=true]]
2026-07-31T12:45:39.419+01:00 DEBUG 45886 --- [TuniRate] [http-nio-8080-exec-4] o.s.web.servlet.DispatcherServlet        : Completed 200 OK
2026-07-31T12:45:40.074+01:00 DEBUG 45886 --- [TuniRate] [http-nio-8080-exec-10] o.s.web.servlet.DispatcherServlet        : DELETE "/comments/4/likes", parameters={}
2026-07-31T12:45:40.075+01:00 DEBUG 45886 --- [TuniRate] [http-nio-8080-exec-10] s.w.s.m.m.a.RequestMappingHandlerMapping : Mapped to tn.anasazx.tunirate.like.commentLike.controller.CommentLikeController#removeLike(Long)
2026-07-31T12:45:40.081+01:00 DEBUG 45886 --- [TuniRate] [http-nio-8080-exec-10] o.s.w.s.m.m.a.HttpEntityMethodProcessor  : Using 'application/json', given [application/json, text/plain, */*] and supported [application/json, application/*+json]
2026-07-31T12:45:40.081+01:00 DEBUG 45886 --- [TuniRate] [http-nio-8080-exec-10] o.s.w.s.m.m.a.HttpEntityMethodProcessor  : Writing [LikeStatusDto[liked=false]]
2026-07-31T12:45:40.081+01:00 DEBUG 45886 --- [TuniRate] [http-nio-8080-exec-10] o.s.web.servlet.DispatcherServlet        : Completed 200 OK
2026-07-31T12:57:34.913+01:00 DEBUG 45886 --- [TuniRate] [http-nio-8080-exec-9] o.s.web.servlet.DispatcherServlet        : GET "/auth/me", parameters={}
2026-07-31T12:57:34.913+01:00 DEBUG 45886 --- [TuniRate] [http-nio-8080-exec-10] o.s.web.servlet.DispatcherServlet        : GET "/reviews/product/39?page=0&size=10", parameters={masked}
2026-07-31T12:57:34.913+01:00 DEBUG 45886 --- [TuniRate] [http-nio-8080-exec-4] o.s.web.servlet.DispatcherServlet        : GET "/categories", parameters={}
2026-07-31T12:57:34.917+01:00 DEBUG 45886 --- [TuniRate] [http-nio-8080-exec-9] s.w.s.m.m.a.RequestMappingHandlerMapping : Mapped to tn.anasazx.tunirate.authentication.controller.AuthController#authenticateUser()
2026-07-31T12:57:34.917+01:00 DEBUG 45886 --- [TuniRate] [http-nio-8080-exec-4] s.w.s.m.m.a.RequestMappingHandlerMapping : Mapped to tn.anasazx.tunirate.category.controller.CategoryController#getAll()
2026-07-31T12:57:34.914+01:00 DEBUG 45886 --- [TuniRate] [http-nio-8080-exec-6] o.s.web.servlet.DispatcherServlet        : GET "/product/39/details", parameters={}
2026-07-31T12:57:34.919+01:00 DEBUG 45886 --- [TuniRate] [http-nio-8080-exec-6] s.w.s.m.m.a.RequestMappingHandlerMapping : Mapped to tn.anasazx.tunirate.product.controller.ProductController#getProductDetails(Long)
2026-07-31T12:57:34.919+01:00 DEBUG 45886 --- [TuniRate] [http-nio-8080-exec-10] s.w.s.m.m.a.RequestMappingHandlerMapping : Mapped to tn.anasazx.tunirate.review.controller.ReviewController#getReviewsByProductId(Long, Pageable)
2026-07-31T12:57:34.948+01:00 DEBUG 45886 --- [TuniRate] [http-nio-8080-exec-9] o.s.w.s.m.m.a.HttpEntityMethodProcessor  : Using 'application/json', given [application/json, text/plain, */*] and supported [application/json, application/*+json]
2026-07-31T12:57:34.948+01:00 DEBUG 45886 --- [TuniRate] [http-nio-8080-exec-4] o.s.w.s.m.m.a.HttpEntityMethodProcessor  : Using 'application/json', given [application/json, text/plain, */*] and supported [application/json, application/*+json]
2026-07-31T12:57:34.949+01:00 DEBUG 45886 --- [TuniRate] [http-nio-8080-exec-4] o.s.w.s.m.m.a.HttpEntityMethodProcessor  : Writing [[CategoryResponse[id=2, name=Beauty]]]
2026-07-31T12:57:34.949+01:00 DEBUG 45886 --- [TuniRate] [http-nio-8080-exec-9] o.s.w.s.m.m.a.HttpEntityMethodProcessor  : Writing [MinimizedUserResponse[id=8, name=Anas Riadh Azizi, email=anasriad.azizi@gmail.com, emailVerified=tru (truncated)...]
2026-07-31T12:57:34.951+01:00 DEBUG 45886 --- [TuniRate] [http-nio-8080-exec-9] o.s.web.servlet.DispatcherServlet        : Completed 200 OK
2026-07-31T12:57:34.951+01:00 DEBUG 45886 --- [TuniRate] [http-nio-8080-exec-4] o.s.web.servlet.DispatcherServlet        : Completed 200 OK
2026-07-31T12:57:34.959+01:00 DEBUG 45886 --- [TuniRate] [http-nio-8080-exec-9] o.s.web.servlet.DispatcherServlet        : GET "/categories", parameters={}
2026-07-31T12:57:34.959+01:00 DEBUG 45886 --- [TuniRate] [http-nio-8080-exec-9] s.w.s.m.m.a.RequestMappingHandlerMapping : Mapped to tn.anasazx.tunirate.category.controller.CategoryController#getAll()
2026-07-31T12:57:34.962+01:00 DEBUG 45886 --- [TuniRate] [http-nio-8080-exec-9] o.s.w.s.m.m.a.HttpEntityMethodProcessor  : Using 'application/json', given [application/json, text/plain, */*] and supported [application/json, application/*+json]
2026-07-31T12:57:34.962+01:00 DEBUG 45886 --- [TuniRate] [http-nio-8080-exec-9] o.s.w.s.m.m.a.HttpEntityMethodProcessor  : Writing [[CategoryResponse[id=2, name=Beauty]]]
2026-07-31T12:57:34.963+01:00 DEBUG 45886 --- [TuniRate] [http-nio-8080-exec-9] o.s.web.servlet.DispatcherServlet        : Completed 200 OK
2026-07-31T12:57:34.972+01:00 DEBUG 45886 --- [TuniRate] [http-nio-8080-exec-3] o.s.web.servlet.DispatcherServlet        : GET "/invitations/me", parameters={}
2026-07-31T12:57:34.972+01:00 DEBUG 45886 --- [TuniRate] [http-nio-8080-exec-3] s.w.s.m.m.a.RequestMappingHandlerMapping : Mapped to tn.anasazx.tunirate.invitation.controller.CompanyInvitationController#getMyInvitations()
2026-07-31T12:57:34.976+01:00 DEBUG 45886 --- [TuniRate] [http-nio-8080-exec-8] o.s.web.servlet.DispatcherServlet        : GET "/subcategories", parameters={}
2026-07-31T12:57:34.976+01:00 DEBUG 45886 --- [TuniRate] [http-nio-8080-exec-8] s.w.s.m.m.a.RequestMappingHandlerMapping : Mapped to tn.anasazx.tunirate.subcategory.controller.SubcategoryController#getAll()
2026-07-31T12:57:34.982+01:00 DEBUG 45886 --- [TuniRate] [http-nio-8080-exec-3] o.s.w.s.m.m.a.HttpEntityMethodProcessor  : Using 'application/json', given [application/json, text/plain, */*] and supported [application/json, application/*+json]
2026-07-31T12:57:34.983+01:00 DEBUG 45886 --- [TuniRate] [http-nio-8080-exec-3] o.s.w.s.m.m.a.HttpEntityMethodProcessor  : Writing [[]]
2026-07-31T12:57:34.985+01:00 DEBUG 45886 --- [TuniRate] [http-nio-8080-exec-3] o.s.web.servlet.DispatcherServlet        : Completed 200 OK
2026-07-31T12:57:34.990+01:00 DEBUG 45886 --- [TuniRate] [http-nio-8080-exec-6] o.s.w.s.m.m.a.HttpEntityMethodProcessor  : Using 'application/json', given [application/json, text/plain, */*] and supported [application/json, application/*+json]
2026-07-31T12:57:34.990+01:00 DEBUG 45886 --- [TuniRate] [http-nio-8080-exec-8] o.s.w.s.m.m.a.HttpEntityMethodProcessor  : Using 'application/json', given [application/json, text/plain, */*] and supported [application/json, application/*+json]
2026-07-31T12:57:34.991+01:00 DEBUG 45886 --- [TuniRate] [http-nio-8080-exec-8] o.s.w.s.m.m.a.HttpEntityMethodProcessor  : Writing [[SubcategoryResponse[id=3, name=Skincare, categoryId=2, categoryName=Beauty], SubcategoryResponse[id (truncated)...]
2026-07-31T12:57:34.991+01:00 DEBUG 45886 --- [TuniRate] [http-nio-8080-exec-6] o.s.w.s.m.m.a.HttpEntityMethodProcessor  : Writing [ProductDetailsResponse[id=39, name=Pochette beauté ciel, description=La trousse qui sublime votre ro (truncated)...]
2026-07-31T12:57:34.997+01:00 DEBUG 45886 --- [TuniRate] [http-nio-8080-exec-10] o.s.w.s.m.m.a.HttpEntityMethodProcessor  : Using 'application/json', given [application/json, text/plain, */*] and supported [application/json, application/*+json]
2026-07-31T12:57:34.998+01:00 DEBUG 45886 --- [TuniRate] [http-nio-8080-exec-8] o.s.web.servlet.DispatcherServlet        : Completed 200 OK
2026-07-31T12:57:34.999+01:00 DEBUG 45886 --- [TuniRate] [http-nio-8080-exec-6] o.s.web.servlet.DispatcherServlet        : Completed 200 OK
2026-07-31T12:57:35.001+01:00 DEBUG 45886 --- [TuniRate] [http-nio-8080-exec-10] o.s.w.s.m.m.a.HttpEntityMethodProcessor  : Writing [ProductReviewsResponse[myReview=ReviewResponse[id=4, rating=3, content=test with content, user=Minim (truncated)...]
2026-07-31T12:57:35.028+01:00 DEBUG 45886 --- [TuniRate] [http-nio-8080-exec-10] o.s.web.servlet.DispatcherServlet        : Completed 200 OK
2026-07-31T12:57:35.034+01:00 DEBUG 45886 --- [TuniRate] [http-nio-8080-exec-2] o.s.web.servlet.DispatcherServlet        : GET "/subcategories", parameters={}
2026-07-31T12:57:35.034+01:00 DEBUG 45886 --- [TuniRate] [http-nio-8080-exec-2] s.w.s.m.m.a.RequestMappingHandlerMapping : Mapped to tn.anasazx.tunirate.subcategory.controller.SubcategoryController#getAll()
2026-07-31T12:57:35.053+01:00 DEBUG 45886 --- [TuniRate] [http-nio-8080-exec-2] o.s.w.s.m.m.a.HttpEntityMethodProcessor  : Using 'application/json', given [application/json, text/plain, */*] and supported [application/json, application/*+json]
2026-07-31T12:57:35.053+01:00 DEBUG 45886 --- [TuniRate] [http-nio-8080-exec-2] o.s.w.s.m.m.a.HttpEntityMethodProcessor  : Writing [[SubcategoryResponse[id=3, name=Skincare, categoryId=2, categoryName=Beauty], SubcategoryResponse[id (truncated)...]
2026-07-31T12:57:35.057+01:00 DEBUG 45886 --- [TuniRate] [http-nio-8080-exec-2] o.s.web.servlet.DispatcherServlet        : Completed 200 OK
2026-07-31T12:57:36.279+01:00 DEBUG 45886 --- [TuniRate] [http-nio-8080-exec-5] o.s.web.servlet.DispatcherServlet        : GET "/comments/review/4?page=0&size=4", parameters={masked}
2026-07-31T12:57:36.280+01:00 DEBUG 45886 --- [TuniRate] [http-nio-8080-exec-5] s.w.s.m.m.a.RequestMappingHandlerMapping : Mapped to tn.anasazx.tunirate.comment.controller.CommentController#getCommentByReviewId(Long, Pageable)
2026-07-31T12:57:36.295+01:00 DEBUG 45886 --- [TuniRate] [http-nio-8080-exec-5] m.m.a.RequestResponseBodyMethodProcessor : Using 'application/json', given [application/json, text/plain, */*] and supported [application/json, application/*+json]
2026-07-31T12:57:36.295+01:00 DEBUG 45886 --- [TuniRate] [http-nio-8080-exec-5] m.m.a.RequestResponseBodyMethodProcessor : Writing [Page 1 of 1 containing tn.anasazx.tunirate.comment.dto.CommentResponse instances]
2026-07-31T12:57:36.296+01:00 DEBUG 45886 --- [TuniRate] [http-nio-8080-exec-5] o.s.web.servlet.DispatcherServlet        : Completed 200 OK
2026-07-31T12:58:00.392+01:00 DEBUG 45886 --- [TuniRate] [http-nio-8080-exec-5] o.s.web.servlet.DispatcherServlet        : GET "/product/39/details", parameters={}
2026-07-31T12:58:00.393+01:00 DEBUG 45886 --- [TuniRate] [http-nio-8080-exec-6] o.s.web.servlet.DispatcherServlet        : GET "/auth/me", parameters={}
2026-07-31T12:58:00.393+01:00 DEBUG 45886 --- [TuniRate] [http-nio-8080-exec-7] o.s.web.servlet.DispatcherServlet        : GET "/reviews/product/39?page=0&size=10", parameters={masked}
2026-07-31T12:58:00.392+01:00 DEBUG 45886 --- [TuniRate] [http-nio-8080-exec-4] o.s.web.servlet.DispatcherServlet        : GET "/categories", parameters={}
2026-07-31T12:58:00.393+01:00 DEBUG 45886 --- [TuniRate] [http-nio-8080-exec-6] s.w.s.m.m.a.RequestMappingHandlerMapping : Mapped to tn.anasazx.tunirate.authentication.controller.AuthController#authenticateUser()
2026-07-31T12:58:00.393+01:00 DEBUG 45886 --- [TuniRate] [http-nio-8080-exec-4] s.w.s.m.m.a.RequestMappingHandlerMapping : Mapped to tn.anasazx.tunirate.category.controller.CategoryController#getAll()
2026-07-31T12:58:00.394+01:00 DEBUG 45886 --- [TuniRate] [http-nio-8080-exec-5] s.w.s.m.m.a.RequestMappingHandlerMapping : Mapped to tn.anasazx.tunirate.product.controller.ProductController#getProductDetails(Long)
2026-07-31T12:58:00.394+01:00 DEBUG 45886 --- [TuniRate] [http-nio-8080-exec-7] s.w.s.m.m.a.RequestMappingHandlerMapping : Mapped to tn.anasazx.tunirate.review.controller.ReviewController#getReviewsByProductId(Long, Pageable)
2026-07-31T12:58:00.468+01:00 DEBUG 45886 --- [TuniRate] [http-nio-8080-exec-6] o.s.w.s.m.m.a.HttpEntityMethodProcessor  : Using 'application/json', given [application/json, text/plain, */*] and supported [application/json, application/*+json]
2026-07-31T12:58:00.468+01:00 DEBUG 45886 --- [TuniRate] [http-nio-8080-exec-4] o.s.w.s.m.m.a.HttpEntityMethodProcessor  : Using 'application/json', given [application/json, text/plain, */*] and supported [application/json, application/*+json]
2026-07-31T12:58:00.469+01:00 DEBUG 45886 --- [TuniRate] [http-nio-8080-exec-4] o.s.w.s.m.m.a.HttpEntityMethodProcessor  : Writing [[CategoryResponse[id=2, name=Beauty]]]
2026-07-31T12:58:00.469+01:00 DEBUG 45886 --- [TuniRate] [http-nio-8080-exec-6] o.s.w.s.m.m.a.HttpEntityMethodProcessor  : Writing [MinimizedUserResponse[id=8, name=Anas Riadh Azizi, email=anasriad.azizi@gmail.com, emailVerified=tru (truncated)...]
2026-07-31T12:58:00.486+01:00 DEBUG 45886 --- [TuniRate] [http-nio-8080-exec-6] o.s.web.servlet.DispatcherServlet        : Completed 200 OK
2026-07-31T12:58:00.486+01:00 DEBUG 45886 --- [TuniRate] [http-nio-8080-exec-4] o.s.web.servlet.DispatcherServlet        : Completed 200 OK
2026-07-31T12:58:00.497+01:00 DEBUG 45886 --- [TuniRate] [http-nio-8080-exec-9] o.s.web.servlet.DispatcherServlet        : GET "/categories", parameters={}
2026-07-31T12:58:00.497+01:00 DEBUG 45886 --- [TuniRate] [http-nio-8080-exec-9] s.w.s.m.m.a.RequestMappingHandlerMapping : Mapped to tn.anasazx.tunirate.category.controller.CategoryController#getAll()
2026-07-31T12:58:00.521+01:00 DEBUG 45886 --- [TuniRate] [http-nio-8080-exec-9] o.s.w.s.m.m.a.HttpEntityMethodProcessor  : Using 'application/json', given [application/json, text/plain, */*] and supported [application/json, application/*+json]
2026-07-31T12:58:00.526+01:00 DEBUG 45886 --- [TuniRate] [http-nio-8080-exec-9] o.s.w.s.m.m.a.HttpEntityMethodProcessor  : Writing [[CategoryResponse[id=2, name=Beauty]]]
2026-07-31T12:58:00.527+01:00 DEBUG 45886 --- [TuniRate] [http-nio-8080-exec-9] o.s.web.servlet.DispatcherServlet        : Completed 200 OK
2026-07-31T12:58:00.533+01:00 DEBUG 45886 --- [TuniRate] [http-nio-8080-exec-5] o.s.w.s.m.m.a.HttpEntityMethodProcessor  : Using 'application/json', given [application/json, text/plain, */*] and supported [application/json, application/*+json]
2026-07-31T12:58:00.533+01:00 DEBUG 45886 --- [TuniRate] [http-nio-8080-exec-10] o.s.web.servlet.DispatcherServlet        : GET "/subcategories", parameters={}
2026-07-31T12:58:00.535+01:00 DEBUG 45886 --- [TuniRate] [http-nio-8080-exec-10] s.w.s.m.m.a.RequestMappingHandlerMapping : Mapped to tn.anasazx.tunirate.subcategory.controller.SubcategoryController#getAll()
2026-07-31T12:58:00.535+01:00 DEBUG 45886 --- [TuniRate] [http-nio-8080-exec-5] o.s.w.s.m.m.a.HttpEntityMethodProcessor  : Writing [ProductDetailsResponse[id=39, name=Pochette beauté ciel, description=La trousse qui sublime votre ro (truncated)...]
2026-07-31T12:58:00.536+01:00 DEBUG 45886 --- [TuniRate] [http-nio-8080-exec-5] o.s.web.servlet.DispatcherServlet        : Completed 200 OK
2026-07-31T12:58:00.537+01:00 DEBUG 45886 --- [TuniRate] [http-nio-8080-exec-2] o.s.web.servlet.DispatcherServlet        : GET "/invitations/me", parameters={}
2026-07-31T12:58:00.537+01:00 DEBUG 45886 --- [TuniRate] [http-nio-8080-exec-2] s.w.s.m.m.a.RequestMappingHandlerMapping : Mapped to tn.anasazx.tunirate.invitation.controller.CompanyInvitationController#getMyInvitations()
2026-07-31T12:58:00.553+01:00 DEBUG 45886 --- [TuniRate] [http-nio-8080-exec-2] o.s.w.s.m.m.a.HttpEntityMethodProcessor  : Using 'application/json', given [application/json, text/plain, */*] and supported [application/json, application/*+json]
2026-07-31T12:58:00.553+01:00 DEBUG 45886 --- [TuniRate] [http-nio-8080-exec-2] o.s.w.s.m.m.a.HttpEntityMethodProcessor  : Writing [[]]
2026-07-31T12:58:00.554+01:00 DEBUG 45886 --- [TuniRate] [http-nio-8080-exec-7] o.s.w.s.m.m.a.HttpEntityMethodProcessor  : Using 'application/json', given [application/json, text/plain, */*] and supported [application/json, application/*+json]
2026-07-31T12:58:00.572+01:00 DEBUG 45886 --- [TuniRate] [http-nio-8080-exec-10] o.s.w.s.m.m.a.HttpEntityMethodProcessor  : Using 'application/json', given [application/json, text/plain, */*] and supported [application/json, application/*+json]
2026-07-31T12:58:00.556+01:00 DEBUG 45886 --- [TuniRate] [http-nio-8080-exec-2] o.s.web.servlet.DispatcherServlet        : Completed 200 OK
2026-07-31T12:58:00.572+01:00 DEBUG 45886 --- [TuniRate] [http-nio-8080-exec-7] o.s.w.s.m.m.a.HttpEntityMethodProcessor  : Writing [ProductReviewsResponse[myReview=ReviewResponse[id=4, rating=3, content=test with content, user=Minim (truncated)...]
2026-07-31T12:58:00.578+01:00 DEBUG 45886 --- [TuniRate] [http-nio-8080-exec-7] o.s.web.servlet.DispatcherServlet        : Completed 200 OK
2026-07-31T12:58:00.578+01:00 DEBUG 45886 --- [TuniRate] [http-nio-8080-exec-10] o.s.w.s.m.m.a.HttpEntityMethodProcessor  : Writing [[SubcategoryResponse[id=3, name=Skincare, categoryId=2, categoryName=Beauty], SubcategoryResponse[id (truncated)...]
2026-07-31T12:58:00.581+01:00 DEBUG 45886 --- [TuniRate] [http-nio-8080-exec-10] o.s.web.servlet.DispatcherServlet        : Completed 200 OK
2026-07-31T12:58:00.591+01:00 DEBUG 45886 --- [TuniRate] [http-nio-8080-exec-1] o.s.web.servlet.DispatcherServlet        : GET "/subcategories", parameters={}
2026-07-31T12:58:00.591+01:00 DEBUG 45886 --- [TuniRate] [http-nio-8080-exec-1] s.w.s.m.m.a.RequestMappingHandlerMapping : Mapped to tn.anasazx.tunirate.subcategory.controller.SubcategoryController#getAll()
2026-07-31T12:58:00.623+01:00 DEBUG 45886 --- [TuniRate] [http-nio-8080-exec-1] o.s.w.s.m.m.a.HttpEntityMethodProcessor  : Using 'application/json', given [application/json, text/plain, */*] and supported [application/json, application/*+json]
2026-07-31T12:58:00.623+01:00 DEBUG 45886 --- [TuniRate] [http-nio-8080-exec-1] o.s.w.s.m.m.a.HttpEntityMethodProcessor  : Writing [[SubcategoryResponse[id=3, name=Skincare, categoryId=2, categoryName=Beauty], SubcategoryResponse[id (truncated)...]
2026-07-31T12:58:00.624+01:00 DEBUG 45886 --- [TuniRate] [http-nio-8080-exec-1] o.s.web.servlet.DispatcherServlet        : Completed 200 OK
2026-07-31T12:58:02.528+01:00 DEBUG 45886 --- [TuniRate] [http-nio-8080-exec-6] o.s.web.servlet.DispatcherServlet        : GET "/comments/review/4?page=0&size=4", parameters={masked}
2026-07-31T12:58:02.528+01:00 DEBUG 45886 --- [TuniRate] [http-nio-8080-exec-6] s.w.s.m.m.a.RequestMappingHandlerMapping : Mapped to tn.anasazx.tunirate.comment.controller.CommentController#getCommentByReviewId(Long, Pageable)
2026-07-31T12:58:02.559+01:00 DEBUG 45886 --- [TuniRate] [http-nio-8080-exec-6] m.m.a.RequestResponseBodyMethodProcessor : Using 'application/json', given [application/json, text/plain, */*] and supported [application/json, application/*+json]
2026-07-31T12:58:02.559+01:00 DEBUG 45886 --- [TuniRate] [http-nio-8080-exec-6] m.m.a.RequestResponseBodyMethodProcessor : Writing [Page 1 of 1 containing tn.anasazx.tunirate.comment.dto.CommentResponse instances]
2026-07-31T12:58:02.560+01:00 DEBUG 45886 --- [TuniRate] [http-nio-8080-exec-6] o.s.web.servlet.DispatcherServlet        : Completed 200 OK
2026-07-31T13:37:22.335+01:00 DEBUG 45886 --- [TuniRate] [http-nio-8080-exec-3] o.s.web.servlet.DispatcherServlet        : GET "/auth/me", parameters={}
2026-07-31T13:37:22.335+01:00 DEBUG 45886 --- [TuniRate] [http-nio-8080-exec-9] o.s.web.servlet.DispatcherServlet        : GET "/categories", parameters={}
2026-07-31T13:37:22.343+01:00 DEBUG 45886 --- [TuniRate] [http-nio-8080-exec-6] o.s.web.servlet.DispatcherServlet        : GET "/product/39/details", parameters={}
2026-07-31T13:37:22.348+01:00 DEBUG 45886 --- [TuniRate] [http-nio-8080-exec-9] s.w.s.m.m.a.RequestMappingHandlerMapping : Mapped to tn.anasazx.tunirate.category.controller.CategoryController#getAll()
2026-07-31T13:37:22.348+01:00 DEBUG 45886 --- [TuniRate] [http-nio-8080-exec-3] s.w.s.m.m.a.RequestMappingHandlerMapping : Mapped to tn.anasazx.tunirate.authentication.controller.AuthController#authenticateUser()
2026-07-31T13:37:22.348+01:00 DEBUG 45886 --- [TuniRate] [http-nio-8080-exec-6] s.w.s.m.m.a.RequestMappingHandlerMapping : Mapped to tn.anasazx.tunirate.product.controller.ProductController#getProductDetails(Long)
2026-07-31T13:37:22.389+01:00 DEBUG 45886 --- [TuniRate] [http-nio-8080-exec-9] o.s.w.s.m.m.a.HttpEntityMethodProcessor  : Using 'application/json', given [application/json, text/plain, */*] and supported [application/json, application/*+json]
2026-07-31T13:37:22.389+01:00 DEBUG 45886 --- [TuniRate] [http-nio-8080-exec-3] o.s.w.s.m.m.a.HttpEntityMethodProcessor  : Using 'application/json', given [application/json, text/plain, */*] and supported [application/json, application/*+json]
2026-07-31T13:37:22.390+01:00 DEBUG 45886 --- [TuniRate] [http-nio-8080-exec-9] o.s.w.s.m.m.a.HttpEntityMethodProcessor  : Writing [[CategoryResponse[id=2, name=Beauty]]]
2026-07-31T13:37:22.391+01:00 DEBUG 45886 --- [TuniRate] [http-nio-8080-exec-3] o.s.w.s.m.m.a.HttpEntityMethodProcessor  : Writing [MinimizedUserResponse[id=8, name=Anas Riadh Azizi, email=anasriad.azizi@gmail.com, emailVerified=tru (truncated)...]
2026-07-31T13:37:22.395+01:00 DEBUG 45886 --- [TuniRate] [http-nio-8080-exec-3] o.s.web.servlet.DispatcherServlet        : Completed 200 OK
2026-07-31T13:37:22.395+01:00 DEBUG 45886 --- [TuniRate] [http-nio-8080-exec-9] o.s.web.servlet.DispatcherServlet        : Completed 200 OK
2026-07-31T13:37:22.403+01:00 DEBUG 45886 --- [TuniRate] [http-nio-8080-exec-5] o.s.web.servlet.DispatcherServlet        : GET "/categories", parameters={}
2026-07-31T13:37:22.404+01:00 DEBUG 45886 --- [TuniRate] [http-nio-8080-exec-5] s.w.s.m.m.a.RequestMappingHandlerMapping : Mapped to tn.anasazx.tunirate.category.controller.CategoryController#getAll()
2026-07-31T13:37:22.407+01:00 DEBUG 45886 --- [TuniRate] [http-nio-8080-exec-6] o.s.w.s.m.m.a.HttpEntityMethodProcessor  : Using 'application/json', given [application/json, text/plain, */*] and supported [application/json, application/*+json]
2026-07-31T13:37:22.407+01:00 DEBUG 45886 --- [TuniRate] [http-nio-8080-exec-6] o.s.w.s.m.m.a.HttpEntityMethodProcessor  : Writing [ProductDetailsResponse[id=39, name=Pochette beauté ciel, description=La trousse qui sublime votre ro (truncated)...]
2026-07-31T13:37:22.407+01:00 DEBUG 45886 --- [TuniRate] [http-nio-8080-exec-5] o.s.w.s.m.m.a.HttpEntityMethodProcessor  : Using 'application/json', given [application/json, text/plain, */*] and supported [application/json, application/*+json]
2026-07-31T13:37:22.408+01:00 DEBUG 45886 --- [TuniRate] [http-nio-8080-exec-5] o.s.w.s.m.m.a.HttpEntityMethodProcessor  : Writing [[CategoryResponse[id=2, name=Beauty]]]
2026-07-31T13:37:22.412+01:00 DEBUG 45886 --- [TuniRate] [http-nio-8080-exec-5] o.s.web.servlet.DispatcherServlet        : Completed 200 OK
2026-07-31T13:37:22.415+01:00 DEBUG 45886 --- [TuniRate] [http-nio-8080-exec-6] o.s.web.servlet.DispatcherServlet        : Completed 200 OK
2026-07-31T13:37:22.415+01:00 DEBUG 45886 --- [TuniRate] [http-nio-8080-exec-2] o.s.web.servlet.DispatcherServlet        : GET "/invitations/me", parameters={}
2026-07-31T13:37:22.416+01:00 DEBUG 45886 --- [TuniRate] [http-nio-8080-exec-2] s.w.s.m.m.a.RequestMappingHandlerMapping : Mapped to tn.anasazx.tunirate.invitation.controller.CompanyInvitationController#getMyInvitations()
2026-07-31T13:37:22.420+01:00 DEBUG 45886 --- [TuniRate] [http-nio-8080-exec-10] o.s.web.servlet.DispatcherServlet        : GET "/subcategories", parameters={}
2026-07-31T13:37:22.421+01:00 DEBUG 45886 --- [TuniRate] [http-nio-8080-exec-10] s.w.s.m.m.a.RequestMappingHandlerMapping : Mapped to tn.anasazx.tunirate.subcategory.controller.SubcategoryController#getAll()
2026-07-31T13:37:22.430+01:00 DEBUG 45886 --- [TuniRate] [http-nio-8080-exec-4] o.s.web.servlet.DispatcherServlet        : GET "/reviews/product/39?page=0&size=10", parameters={masked}
2026-07-31T13:37:22.430+01:00 DEBUG 45886 --- [TuniRate] [http-nio-8080-exec-4] s.w.s.m.m.a.RequestMappingHandlerMapping : Mapped to tn.anasazx.tunirate.review.controller.ReviewController#getReviewsByProductId(Long, Pageable)
2026-07-31T13:37:22.440+01:00 DEBUG 45886 --- [TuniRate] [http-nio-8080-exec-10] o.s.w.s.m.m.a.HttpEntityMethodProcessor  : Using 'application/json', given [application/json, text/plain, */*] and supported [application/json, application/*+json]
2026-07-31T13:37:22.441+01:00 DEBUG 45886 --- [TuniRate] [http-nio-8080-exec-2] o.s.w.s.m.m.a.HttpEntityMethodProcessor  : Using 'application/json', given [application/json, text/plain, */*] and supported [application/json, application/*+json]
2026-07-31T13:37:22.441+01:00 DEBUG 45886 --- [TuniRate] [http-nio-8080-exec-2] o.s.w.s.m.m.a.HttpEntityMethodProcessor  : Writing [[]]
2026-07-31T13:37:22.441+01:00 DEBUG 45886 --- [TuniRate] [http-nio-8080-exec-10] o.s.w.s.m.m.a.HttpEntityMethodProcessor  : Writing [[SubcategoryResponse[id=3, name=Skincare, categoryId=2, categoryName=Beauty], SubcategoryResponse[id (truncated)...]
2026-07-31T13:37:22.441+01:00 DEBUG 45886 --- [TuniRate] [http-nio-8080-exec-2] o.s.web.servlet.DispatcherServlet        : Completed 200 OK
2026-07-31T13:37:22.442+01:00 DEBUG 45886 --- [TuniRate] [http-nio-8080-exec-10] o.s.web.servlet.DispatcherServlet        : Completed 200 OK
2026-07-31T13:37:22.453+01:00 DEBUG 45886 --- [TuniRate] [http-nio-8080-exec-2] o.s.web.servlet.DispatcherServlet        : GET "/subcategories", parameters={}
2026-07-31T13:37:22.453+01:00 DEBUG 45886 --- [TuniRate] [http-nio-8080-exec-2] s.w.s.m.m.a.RequestMappingHandlerMapping : Mapped to tn.anasazx.tunirate.subcategory.controller.SubcategoryController#getAll()
2026-07-31T13:37:22.467+01:00 DEBUG 45886 --- [TuniRate] [http-nio-8080-exec-2] o.s.w.s.m.m.a.HttpEntityMethodProcessor  : Using 'application/json', given [application/json, text/plain, */*] and supported [application/json, application/*+json]
2026-07-31T13:37:22.467+01:00 DEBUG 45886 --- [TuniRate] [http-nio-8080-exec-2] o.s.w.s.m.m.a.HttpEntityMethodProcessor  : Writing [[SubcategoryResponse[id=3, name=Skincare, categoryId=2, categoryName=Beauty], SubcategoryResponse[id (truncated)...]
2026-07-31T13:37:22.468+01:00 DEBUG 45886 --- [TuniRate] [http-nio-8080-exec-2] o.s.web.servlet.DispatcherServlet        : Completed 200 OK
2026-07-31T13:37:22.483+01:00 DEBUG 45886 --- [TuniRate] [http-nio-8080-exec-4] o.s.w.s.m.m.a.HttpEntityMethodProcessor  : Using 'application/json', given [application/json, text/plain, */*] and supported [application/json, application/*+json]
2026-07-31T13:37:22.484+01:00 DEBUG 45886 --- [TuniRate] [http-nio-8080-exec-4] o.s.w.s.m.m.a.HttpEntityMethodProcessor  : Writing [ProductReviewsResponse[myReview=ReviewResponse[id=4, rating=3, content=test with content, user=Minim (truncated)...]
2026-07-31T13:37:22.486+01:00 DEBUG 45886 --- [TuniRate] [http-nio-8080-exec-4] o.s.web.servlet.DispatcherServlet        : Completed 200 OK
2026-07-31T13:37:42.046+01:00 DEBUG 45886 --- [TuniRate] [http-nio-8080-exec-1] o.s.web.servlet.DispatcherServlet        : GET "/categories", parameters={}
2026-07-31T13:37:42.046+01:00 DEBUG 45886 --- [TuniRate] [http-nio-8080-exec-7] o.s.web.servlet.DispatcherServlet        : GET "/auth/me", parameters={}
2026-07-31T13:37:42.066+01:00 DEBUG 45886 --- [TuniRate] [http-nio-8080-exec-1] s.w.s.m.m.a.RequestMappingHandlerMapping : Mapped to tn.anasazx.tunirate.category.controller.CategoryController#getAll()
2026-07-31T13:37:42.066+01:00 DEBUG 45886 --- [TuniRate] [http-nio-8080-exec-7] s.w.s.m.m.a.RequestMappingHandlerMapping : Mapped to tn.anasazx.tunirate.authentication.controller.AuthController#authenticateUser()
2026-07-31T13:37:42.067+01:00 DEBUG 45886 --- [TuniRate] [http-nio-8080-exec-8] o.s.web.servlet.DispatcherServlet        : GET "/product/39/details", parameters={}
2026-07-31T13:37:42.067+01:00 DEBUG 45886 --- [TuniRate] [http-nio-8080-exec-8] s.w.s.m.m.a.RequestMappingHandlerMapping : Mapped to tn.anasazx.tunirate.product.controller.ProductController#getProductDetails(Long)
2026-07-31T13:37:42.097+01:00 DEBUG 45886 --- [TuniRate] [http-nio-8080-exec-7] o.s.w.s.m.m.a.HttpEntityMethodProcessor  : Using 'application/json', given [application/json, text/plain, */*] and supported [application/json, application/*+json]
2026-07-31T13:37:42.097+01:00 DEBUG 45886 --- [TuniRate] [http-nio-8080-exec-1] o.s.w.s.m.m.a.HttpEntityMethodProcessor  : Using 'application/json', given [application/json, text/plain, */*] and supported [application/json, application/*+json]
2026-07-31T13:37:42.098+01:00 DEBUG 45886 --- [TuniRate] [http-nio-8080-exec-1] o.s.w.s.m.m.a.HttpEntityMethodProcessor  : Writing [[CategoryResponse[id=2, name=Beauty]]]
2026-07-31T13:37:42.098+01:00 DEBUG 45886 --- [TuniRate] [http-nio-8080-exec-7] o.s.w.s.m.m.a.HttpEntityMethodProcessor  : Writing [MinimizedUserResponse[id=8, name=Anas Riadh Azizi, email=anasriad.azizi@gmail.com, emailVerified=tru (truncated)...]
2026-07-31T13:37:42.099+01:00 DEBUG 45886 --- [TuniRate] [http-nio-8080-exec-1] o.s.web.servlet.DispatcherServlet        : Completed 200 OK
2026-07-31T13:37:42.099+01:00 DEBUG 45886 --- [TuniRate] [http-nio-8080-exec-7] o.s.web.servlet.DispatcherServlet        : Completed 200 OK
2026-07-31T13:37:42.108+01:00 DEBUG 45886 --- [TuniRate] [http-nio-8080-exec-10] o.s.web.servlet.DispatcherServlet        : GET "/categories", parameters={}
2026-07-31T13:37:42.109+01:00 DEBUG 45886 --- [TuniRate] [http-nio-8080-exec-10] s.w.s.m.m.a.RequestMappingHandlerMapping : Mapped to tn.anasazx.tunirate.category.controller.CategoryController#getAll()
2026-07-31T13:37:42.109+01:00 DEBUG 45886 --- [TuniRate] [http-nio-8080-exec-8] o.s.w.s.m.m.a.HttpEntityMethodProcessor  : Using 'application/json', given [application/json, text/plain, */*] and supported [application/json, application/*+json]
2026-07-31T13:37:42.109+01:00 DEBUG 45886 --- [TuniRate] [http-nio-8080-exec-8] o.s.w.s.m.m.a.HttpEntityMethodProcessor  : Writing [ProductDetailsResponse[id=39, name=Pochette beauté ciel, description=La trousse qui sublime votre ro (truncated)...]
2026-07-31T13:37:42.109+01:00 DEBUG 45886 --- [TuniRate] [http-nio-8080-exec-8] o.s.web.servlet.DispatcherServlet        : Completed 200 OK
2026-07-31T13:37:42.116+01:00 DEBUG 45886 --- [TuniRate] [http-nio-8080-exec-10] o.s.w.s.m.m.a.HttpEntityMethodProcessor  : Using 'application/json', given [application/json, text/plain, */*] and supported [application/json, application/*+json]
2026-07-31T13:37:42.116+01:00 DEBUG 45886 --- [TuniRate] [http-nio-8080-exec-10] o.s.w.s.m.m.a.HttpEntityMethodProcessor  : Writing [[CategoryResponse[id=2, name=Beauty]]]
2026-07-31T13:37:42.117+01:00 DEBUG 45886 --- [TuniRate] [http-nio-8080-exec-10] o.s.web.servlet.DispatcherServlet        : Completed 200 OK
2026-07-31T13:37:42.181+01:00 DEBUG 45886 --- [TuniRate] [http-nio-8080-exec-4] o.s.web.servlet.DispatcherServlet        : GET "/invitations/me", parameters={}
2026-07-31T13:37:42.181+01:00 DEBUG 45886 --- [TuniRate] [http-nio-8080-exec-5] o.s.web.servlet.DispatcherServlet        : GET "/subcategories", parameters={}
2026-07-31T13:37:42.181+01:00 DEBUG 45886 --- [TuniRate] [http-nio-8080-exec-4] s.w.s.m.m.a.RequestMappingHandlerMapping : Mapped to tn.anasazx.tunirate.invitation.controller.CompanyInvitationController#getMyInvitations()
2026-07-31T13:37:42.181+01:00 DEBUG 45886 --- [TuniRate] [http-nio-8080-exec-5] s.w.s.m.m.a.RequestMappingHandlerMapping : Mapped to tn.anasazx.tunirate.subcategory.controller.SubcategoryController#getAll()
2026-07-31T13:37:42.201+01:00 DEBUG 45886 --- [TuniRate] [http-nio-8080-exec-6] o.s.web.servlet.DispatcherServlet        : GET "/reviews/product/39?page=0&size=10", parameters={masked}
2026-07-31T13:37:42.201+01:00 DEBUG 45886 --- [TuniRate] [http-nio-8080-exec-6] s.w.s.m.m.a.RequestMappingHandlerMapping : Mapped to tn.anasazx.tunirate.review.controller.ReviewController#getReviewsByProductId(Long, Pageable)
2026-07-31T13:37:42.204+01:00 DEBUG 45886 --- [TuniRate] [http-nio-8080-exec-4] o.s.w.s.m.m.a.HttpEntityMethodProcessor  : Using 'application/json', given [application/json, text/plain, */*] and supported [application/json, application/*+json]
2026-07-31T13:37:42.205+01:00 DEBUG 45886 --- [TuniRate] [http-nio-8080-exec-4] o.s.w.s.m.m.a.HttpEntityMethodProcessor  : Writing [[]]
2026-07-31T13:37:42.206+01:00 DEBUG 45886 --- [TuniRate] [http-nio-8080-exec-5] o.s.w.s.m.m.a.HttpEntityMethodProcessor  : Using 'application/json', given [application/json, text/plain, */*] and supported [application/json, application/*+json]
2026-07-31T13:37:42.206+01:00 DEBUG 45886 --- [TuniRate] [http-nio-8080-exec-5] o.s.w.s.m.m.a.HttpEntityMethodProcessor  : Writing [[SubcategoryResponse[id=3, name=Skincare, categoryId=2, categoryName=Beauty], SubcategoryResponse[id (truncated)...]
2026-07-31T13:37:42.207+01:00 DEBUG 45886 --- [TuniRate] [http-nio-8080-exec-5] o.s.web.servlet.DispatcherServlet        : Completed 200 OK
2026-07-31T13:37:42.207+01:00 DEBUG 45886 --- [TuniRate] [http-nio-8080-exec-4] o.s.web.servlet.DispatcherServlet        : Completed 200 OK
2026-07-31T13:37:42.219+01:00 DEBUG 45886 --- [TuniRate] [http-nio-8080-exec-1] o.s.web.servlet.DispatcherServlet        : GET "/subcategories", parameters={}
2026-07-31T13:37:42.219+01:00 DEBUG 45886 --- [TuniRate] [http-nio-8080-exec-1] s.w.s.m.m.a.RequestMappingHandlerMapping : Mapped to tn.anasazx.tunirate.subcategory.controller.SubcategoryController#getAll()
2026-07-31T13:37:42.228+01:00 DEBUG 45886 --- [TuniRate] [http-nio-8080-exec-1] o.s.w.s.m.m.a.HttpEntityMethodProcessor  : Using 'application/json', given [application/json, text/plain, */*] and supported [application/json, application/*+json]
2026-07-31T13:37:42.229+01:00 DEBUG 45886 --- [TuniRate] [http-nio-8080-exec-1] o.s.w.s.m.m.a.HttpEntityMethodProcessor  : Writing [[SubcategoryResponse[id=3, name=Skincare, categoryId=2, categoryName=Beauty], SubcategoryResponse[id (truncated)...]
2026-07-31T13:37:42.230+01:00 DEBUG 45886 --- [TuniRate] [http-nio-8080-exec-1] o.s.web.servlet.DispatcherServlet        : Completed 200 OK
2026-07-31T13:37:42.237+01:00 DEBUG 45886 --- [TuniRate] [http-nio-8080-exec-6] o.s.w.s.m.m.a.HttpEntityMethodProcessor  : Using 'application/json', given [application/json, text/plain, */*] and supported [application/json, application/*+json]
2026-07-31T13:37:42.237+01:00 DEBUG 45886 --- [TuniRate] [http-nio-8080-exec-6] o.s.w.s.m.m.a.HttpEntityMethodProcessor  : Writing [ProductReviewsResponse[myReview=ReviewResponse[id=4, rating=3, content=test with content, user=Minim (truncated)...]
2026-07-31T13:37:42.238+01:00 DEBUG 45886 --- [TuniRate] [http-nio-8080-exec-6] o.s.web.servlet.DispatcherServlet        : Completed 200 OK
2026-07-31T13:38:30.763+01:00 DEBUG 45886 --- [TuniRate] [http-nio-8080-exec-5] o.s.web.servlet.DispatcherServlet        : GET "/product/39/details", parameters={}
2026-07-31T13:38:30.764+01:00 DEBUG 45886 --- [TuniRate] [http-nio-8080-exec-8] o.s.web.servlet.DispatcherServlet        : GET "/auth/me", parameters={}
2026-07-31T13:38:30.763+01:00 DEBUG 45886 --- [TuniRate] [http-nio-8080-exec-9] o.s.web.servlet.DispatcherServlet        : GET "/categories", parameters={}
2026-07-31T13:38:30.764+01:00 DEBUG 45886 --- [TuniRate] [http-nio-8080-exec-9] s.w.s.m.m.a.RequestMappingHandlerMapping : Mapped to tn.anasazx.tunirate.category.controller.CategoryController#getAll()
2026-07-31T13:38:30.763+01:00 DEBUG 45886 --- [TuniRate] [http-nio-8080-exec-1] o.s.web.servlet.DispatcherServlet        : GET "/reviews/product/39?page=0&size=10", parameters={masked}
2026-07-31T13:38:30.764+01:00 DEBUG 45886 --- [TuniRate] [http-nio-8080-exec-8] s.w.s.m.m.a.RequestMappingHandlerMapping : Mapped to tn.anasazx.tunirate.authentication.controller.AuthController#authenticateUser()
2026-07-31T13:38:30.765+01:00 DEBUG 45886 --- [TuniRate] [http-nio-8080-exec-5] s.w.s.m.m.a.RequestMappingHandlerMapping : Mapped to tn.anasazx.tunirate.product.controller.ProductController#getProductDetails(Long)
2026-07-31T13:38:30.765+01:00 DEBUG 45886 --- [TuniRate] [http-nio-8080-exec-1] s.w.s.m.m.a.RequestMappingHandlerMapping : Mapped to tn.anasazx.tunirate.review.controller.ReviewController#getReviewsByProductId(Long, Pageable)
2026-07-31T13:38:30.818+01:00 DEBUG 45886 --- [TuniRate] [http-nio-8080-exec-9] o.s.w.s.m.m.a.HttpEntityMethodProcessor  : Using 'application/json', given [application/json, text/plain, */*] and supported [application/json, application/*+json]
2026-07-31T13:38:30.818+01:00 DEBUG 45886 --- [TuniRate] [http-nio-8080-exec-8] o.s.w.s.m.m.a.HttpEntityMethodProcessor  : Using 'application/json', given [application/json, text/plain, */*] and supported [application/json, application/*+json]
2026-07-31T13:38:30.819+01:00 DEBUG 45886 --- [TuniRate] [http-nio-8080-exec-9] o.s.w.s.m.m.a.HttpEntityMethodProcessor  : Writing [[CategoryResponse[id=2, name=Beauty]]]
2026-07-31T13:38:30.819+01:00 DEBUG 45886 --- [TuniRate] [http-nio-8080-exec-8] o.s.w.s.m.m.a.HttpEntityMethodProcessor  : Writing [MinimizedUserResponse[id=8, name=Anas Riadh Azizi, email=anasriad.azizi@gmail.com, emailVerified=tru (truncated)...]
2026-07-31T13:38:30.825+01:00 DEBUG 45886 --- [TuniRate] [http-nio-8080-exec-8] o.s.web.servlet.DispatcherServlet        : Completed 200 OK
2026-07-31T13:38:30.825+01:00 DEBUG 45886 --- [TuniRate] [http-nio-8080-exec-9] o.s.web.servlet.DispatcherServlet        : Completed 200 OK
2026-07-31T13:38:30.839+01:00 DEBUG 45886 --- [TuniRate] [http-nio-8080-exec-6] o.s.web.servlet.DispatcherServlet        : GET "/categories", parameters={}
2026-07-31T13:38:30.839+01:00 DEBUG 45886 --- [TuniRate] [http-nio-8080-exec-6] s.w.s.m.m.a.RequestMappingHandlerMapping : Mapped to tn.anasazx.tunirate.category.controller.CategoryController#getAll()
2026-07-31T13:38:30.844+01:00 DEBUG 45886 --- [TuniRate] [http-nio-8080-exec-3] o.s.web.servlet.DispatcherServlet        : GET "/subcategories", parameters={}
2026-07-31T13:38:30.844+01:00 DEBUG 45886 --- [TuniRate] [http-nio-8080-exec-3] s.w.s.m.m.a.RequestMappingHandlerMapping : Mapped to tn.anasazx.tunirate.subcategory.controller.SubcategoryController#getAll()
2026-07-31T13:38:30.890+01:00 DEBUG 45886 --- [TuniRate] [http-nio-8080-exec-6] o.s.w.s.m.m.a.HttpEntityMethodProcessor  : Using 'application/json', given [application/json, text/plain, */*] and supported [application/json, application/*+json]
2026-07-31T13:38:30.896+01:00 DEBUG 45886 --- [TuniRate] [http-nio-8080-exec-6] o.s.w.s.m.m.a.HttpEntityMethodProcessor  : Writing [[CategoryResponse[id=2, name=Beauty]]]
2026-07-31T13:38:30.897+01:00 DEBUG 45886 --- [TuniRate] [http-nio-8080-exec-6] o.s.web.servlet.DispatcherServlet        : Completed 200 OK
2026-07-31T13:38:30.909+01:00 DEBUG 45886 --- [TuniRate] [http-nio-8080-exec-5] o.s.w.s.m.m.a.HttpEntityMethodProcessor  : Using 'application/json', given [application/json, text/plain, */*] and supported [application/json, application/*+json]
2026-07-31T13:38:30.910+01:00 DEBUG 45886 --- [TuniRate] [http-nio-8080-exec-5] o.s.w.s.m.m.a.HttpEntityMethodProcessor  : Writing [ProductDetailsResponse[id=39, name=Pochette beauté ciel, description=La trousse qui sublime votre ro (truncated)...]
2026-07-31T13:38:30.911+01:00 DEBUG 45886 --- [TuniRate] [http-nio-8080-exec-5] o.s.web.servlet.DispatcherServlet        : Completed 200 OK
2026-07-31T13:38:30.912+01:00 DEBUG 45886 --- [TuniRate] [http-nio-8080-exec-2] o.s.web.servlet.DispatcherServlet        : GET "/invitations/me", parameters={}
2026-07-31T13:38:30.912+01:00 DEBUG 45886 --- [TuniRate] [http-nio-8080-exec-2] s.w.s.m.m.a.RequestMappingHandlerMapping : Mapped to tn.anasazx.tunirate.invitation.controller.CompanyInvitationController#getMyInvitations()
2026-07-31T13:38:30.915+01:00 DEBUG 45886 --- [TuniRate] [http-nio-8080-exec-3] o.s.w.s.m.m.a.HttpEntityMethodProcessor  : Using 'application/json', given [application/json, text/plain, */*] and supported [application/json, application/*+json]
2026-07-31T13:38:30.915+01:00 DEBUG 45886 --- [TuniRate] [http-nio-8080-exec-3] o.s.w.s.m.m.a.HttpEntityMethodProcessor  : Writing [[SubcategoryResponse[id=3, name=Skincare, categoryId=2, categoryName=Beauty], SubcategoryResponse[id (truncated)...]
2026-07-31T13:38:30.916+01:00 DEBUG 45886 --- [TuniRate] [http-nio-8080-exec-3] o.s.web.servlet.DispatcherServlet        : Completed 200 OK
2026-07-31T13:38:30.919+01:00 DEBUG 45886 --- [TuniRate] [http-nio-8080-exec-2] o.s.w.s.m.m.a.HttpEntityMethodProcessor  : Using 'application/json', given [application/json, text/plain, */*] and supported [application/json, application/*+json]
2026-07-31T13:38:30.919+01:00 DEBUG 45886 --- [TuniRate] [http-nio-8080-exec-2] o.s.w.s.m.m.a.HttpEntityMethodProcessor  : Writing [[]]
2026-07-31T13:38:30.920+01:00 DEBUG 45886 --- [TuniRate] [http-nio-8080-exec-2] o.s.web.servlet.DispatcherServlet        : Completed 200 OK
2026-07-31T13:38:30.923+01:00 DEBUG 45886 --- [TuniRate] [http-nio-8080-exec-4] o.s.web.servlet.DispatcherServlet        : GET "/subcategories", parameters={}
2026-07-31T13:38:30.924+01:00 DEBUG 45886 --- [TuniRate] [http-nio-8080-exec-4] s.w.s.m.m.a.RequestMappingHandlerMapping : Mapped to tn.anasazx.tunirate.subcategory.controller.SubcategoryController#getAll()
2026-07-31T13:38:30.930+01:00 DEBUG 45886 --- [TuniRate] [http-nio-8080-exec-1] o.s.w.s.m.m.a.HttpEntityMethodProcessor  : Using 'application/json', given [application/json, text/plain, */*] and supported [application/json, application/*+json]
2026-07-31T13:38:30.931+01:00 DEBUG 45886 --- [TuniRate] [http-nio-8080-exec-1] o.s.w.s.m.m.a.HttpEntityMethodProcessor  : Writing [ProductReviewsResponse[myReview=ReviewResponse[id=4, rating=3, content=test with content, user=Minim (truncated)...]
2026-07-31T13:38:30.932+01:00 DEBUG 45886 --- [TuniRate] [http-nio-8080-exec-4] o.s.w.s.m.m.a.HttpEntityMethodProcessor  : Using 'application/json', given [application/json, text/plain, */*] and supported [application/json, application/*+json]
2026-07-31T13:38:30.932+01:00 DEBUG 45886 --- [TuniRate] [http-nio-8080-exec-4] o.s.w.s.m.m.a.HttpEntityMethodProcessor  : Writing [[SubcategoryResponse[id=3, name=Skincare, categoryId=2, categoryName=Beauty], SubcategoryResponse[id (truncated)...]
2026-07-31T13:38:30.933+01:00 DEBUG 45886 --- [TuniRate] [http-nio-8080-exec-1] o.s.web.servlet.DispatcherServlet        : Completed 200 OK
2026-07-31T13:38:30.934+01:00 DEBUG 45886 --- [TuniRate] [http-nio-8080-exec-4] o.s.web.servlet.DispatcherServlet        : Completed 200 OK
2026-07-31T13:38:31.967+01:00 DEBUG 45886 --- [TuniRate] [http-nio-8080-exec-9] o.s.web.servlet.DispatcherServlet        : GET "/comments/review/4?page=0&size=4", parameters={masked}
2026-07-31T13:38:31.968+01:00 DEBUG 45886 --- [TuniRate] [http-nio-8080-exec-9] s.w.s.m.m.a.RequestMappingHandlerMapping : Mapped to tn.anasazx.tunirate.comment.controller.CommentController#getCommentByReviewId(Long, Pageable)
2026-07-31T13:38:32.013+01:00 DEBUG 45886 --- [TuniRate] [http-nio-8080-exec-9] m.m.a.RequestResponseBodyMethodProcessor : Using 'application/json', given [application/json, text/plain, */*] and supported [application/json, application/*+json]
2026-07-31T13:38:32.013+01:00 DEBUG 45886 --- [TuniRate] [http-nio-8080-exec-9] m.m.a.RequestResponseBodyMethodProcessor : Writing [Page 1 of 1 containing tn.anasazx.tunirate.comment.dto.CommentResponse instances]
2026-07-31T13:38:32.014+01:00 DEBUG 45886 --- [TuniRate] [http-nio-8080-exec-9] o.s.web.servlet.DispatcherServlet        : Completed 200 OK
2026-07-31T13:38:33.450+01:00 DEBUG 45886 --- [TuniRate] [http-nio-8080-exec-10] o.s.web.servlet.DispatcherServlet        : POST "/comments/4/likes", parameters={}
2026-07-31T13:38:33.450+01:00 DEBUG 45886 --- [TuniRate] [http-nio-8080-exec-10] s.w.s.m.m.a.RequestMappingHandlerMapping : Mapped to tn.anasazx.tunirate.like.commentLike.controller.CommentLikeController#addLike(Long)
2026-07-31T13:38:33.466+01:00 DEBUG 45886 --- [TuniRate] [http-nio-8080-exec-10] o.s.w.s.m.m.a.HttpEntityMethodProcessor  : Using 'application/json', given [application/json, text/plain, */*] and supported [application/json, application/*+json]
2026-07-31T13:38:33.466+01:00 DEBUG 45886 --- [TuniRate] [http-nio-8080-exec-10] o.s.w.s.m.m.a.HttpEntityMethodProcessor  : Writing [LikeStatusDto[liked=true]]
2026-07-31T13:38:33.466+01:00 DEBUG 45886 --- [TuniRate] [http-nio-8080-exec-10] o.s.web.servlet.DispatcherServlet        : Completed 200 OK
2026-07-31T13:38:34.999+01:00 DEBUG 45886 --- [TuniRate] [http-nio-8080-exec-6] o.s.web.servlet.DispatcherServlet        : GET "/auth/me", parameters={}
2026-07-31T13:38:34.999+01:00 DEBUG 45886 --- [TuniRate] [http-nio-8080-exec-6] s.w.s.m.m.a.RequestMappingHandlerMapping : Mapped to tn.anasazx.tunirate.authentication.controller.AuthController#authenticateUser()
2026-07-31T13:38:35.002+01:00 DEBUG 45886 --- [TuniRate] [http-nio-8080-exec-6] o.s.w.s.m.m.a.HttpEntityMethodProcessor  : Using 'application/json', given [application/json, text/plain, */*] and supported [application/json, application/*+json]
2026-07-31T13:38:35.002+01:00 DEBUG 45886 --- [TuniRate] [http-nio-8080-exec-6] o.s.w.s.m.m.a.HttpEntityMethodProcessor  : Writing [MinimizedUserResponse[id=8, name=Anas Riadh Azizi, email=anasriad.azizi@gmail.com, emailVerified=tru (truncated)...]
2026-07-31T13:38:35.004+01:00 DEBUG 45886 --- [TuniRate] [http-nio-8080-exec-6] o.s.web.servlet.DispatcherServlet        : Completed 200 OK
2026-07-31T13:38:35.003+01:00 DEBUG 45886 --- [TuniRate] [http-nio-8080-exec-5] o.s.web.servlet.DispatcherServlet        : GET "/product/39/details", parameters={}
2026-07-31T13:38:35.007+01:00 DEBUG 45886 --- [TuniRate] [http-nio-8080-exec-5] s.w.s.m.m.a.RequestMappingHandlerMapping : Mapped to tn.anasazx.tunirate.product.controller.ProductController#getProductDetails(Long)
2026-07-31T13:38:35.024+01:00 DEBUG 45886 --- [TuniRate] [http-nio-8080-exec-3] o.s.web.servlet.DispatcherServlet        : GET "/categories", parameters={}
2026-07-31T13:38:35.025+01:00 DEBUG 45886 --- [TuniRate] [http-nio-8080-exec-3] s.w.s.m.m.a.RequestMappingHandlerMapping : Mapped to tn.anasazx.tunirate.category.controller.CategoryController#getAll()
2026-07-31T13:38:35.055+01:00 DEBUG 45886 --- [TuniRate] [http-nio-8080-exec-2] o.s.web.servlet.DispatcherServlet        : GET "/invitations/me", parameters={}
2026-07-31T13:38:35.056+01:00 DEBUG 45886 --- [TuniRate] [http-nio-8080-exec-2] s.w.s.m.m.a.RequestMappingHandlerMapping : Mapped to tn.anasazx.tunirate.invitation.controller.CompanyInvitationController#getMyInvitations()
2026-07-31T13:38:35.059+01:00 DEBUG 45886 --- [TuniRate] [http-nio-8080-exec-3] o.s.w.s.m.m.a.HttpEntityMethodProcessor  : Using 'application/json', given [application/json, text/plain, */*] and supported [application/json, application/*+json]
2026-07-31T13:38:35.060+01:00 DEBUG 45886 --- [TuniRate] [http-nio-8080-exec-3] o.s.w.s.m.m.a.HttpEntityMethodProcessor  : Writing [[CategoryResponse[id=2, name=Beauty]]]
2026-07-31T13:38:35.061+01:00 DEBUG 45886 --- [TuniRate] [http-nio-8080-exec-5] o.s.w.s.m.m.a.HttpEntityMethodProcessor  : Using 'application/json', given [application/json, text/plain, */*] and supported [application/json, application/*+json]
2026-07-31T13:38:35.061+01:00 DEBUG 45886 --- [TuniRate] [http-nio-8080-exec-3] o.s.web.servlet.DispatcherServlet        : Completed 200 OK
2026-07-31T13:38:35.061+01:00 DEBUG 45886 --- [TuniRate] [http-nio-8080-exec-5] o.s.w.s.m.m.a.HttpEntityMethodProcessor  : Writing [ProductDetailsResponse[id=39, name=Pochette beauté ciel, description=La trousse qui sublime votre ro (truncated)...]
2026-07-31T13:38:35.062+01:00 DEBUG 45886 --- [TuniRate] [http-nio-8080-exec-5] o.s.web.servlet.DispatcherServlet        : Completed 200 OK
2026-07-31T13:38:35.066+01:00 DEBUG 45886 --- [TuniRate] [http-nio-8080-exec-1] o.s.web.servlet.DispatcherServlet        : GET "/reviews/product/39?page=0&size=10", parameters={masked}
2026-07-31T13:38:35.066+01:00 DEBUG 45886 --- [TuniRate] [http-nio-8080-exec-1] s.w.s.m.m.a.RequestMappingHandlerMapping : Mapped to tn.anasazx.tunirate.review.controller.ReviewController#getReviewsByProductId(Long, Pageable)
2026-07-31T13:38:35.066+01:00 DEBUG 45886 --- [TuniRate] [http-nio-8080-exec-4] o.s.web.servlet.DispatcherServlet        : GET "/categories", parameters={}
2026-07-31T13:38:35.066+01:00 DEBUG 45886 --- [TuniRate] [http-nio-8080-exec-4] s.w.s.m.m.a.RequestMappingHandlerMapping : Mapped to tn.anasazx.tunirate.category.controller.CategoryController#getAll()
2026-07-31T13:38:35.067+01:00 DEBUG 45886 --- [TuniRate] [http-nio-8080-exec-2] o.s.w.s.m.m.a.HttpEntityMethodProcessor  : Using 'application/json', given [application/json, text/plain, */*] and supported [application/json, application/*+json]
2026-07-31T13:38:35.067+01:00 DEBUG 45886 --- [TuniRate] [http-nio-8080-exec-2] o.s.w.s.m.m.a.HttpEntityMethodProcessor  : Writing [[]]
2026-07-31T13:38:35.067+01:00 DEBUG 45886 --- [TuniRate] [http-nio-8080-exec-2] o.s.web.servlet.DispatcherServlet        : Completed 200 OK
2026-07-31T13:38:35.068+01:00 DEBUG 45886 --- [TuniRate] [http-nio-8080-exec-4] o.s.w.s.m.m.a.HttpEntityMethodProcessor  : Using 'application/json', given [application/json, text/plain, */*] and supported [application/json, application/*+json]
2026-07-31T13:38:35.068+01:00 DEBUG 45886 --- [TuniRate] [http-nio-8080-exec-4] o.s.w.s.m.m.a.HttpEntityMethodProcessor  : Writing [[CategoryResponse[id=2, name=Beauty]]]
2026-07-31T13:38:35.068+01:00 DEBUG 45886 --- [TuniRate] [http-nio-8080-exec-4] o.s.web.servlet.DispatcherServlet        : Completed 200 OK
2026-07-31T13:38:35.088+01:00 DEBUG 45886 --- [TuniRate] [http-nio-8080-exec-1] o.s.w.s.m.m.a.HttpEntityMethodProcessor  : Using 'application/json', given [application/json, text/plain, */*] and supported [application/json, application/*+json]
2026-07-31T13:38:35.088+01:00 DEBUG 45886 --- [TuniRate] [http-nio-8080-exec-1] o.s.w.s.m.m.a.HttpEntityMethodProcessor  : Writing [ProductReviewsResponse[myReview=ReviewResponse[id=4, rating=3, content=test with content, user=Minim (truncated)...]
2026-07-31T13:38:35.088+01:00 DEBUG 45886 --- [TuniRate] [http-nio-8080-exec-1] o.s.web.servlet.DispatcherServlet        : Completed 200 OK
2026-07-31T13:38:35.263+01:00 DEBUG 45886 --- [TuniRate] [http-nio-8080-exec-8] o.s.web.servlet.DispatcherServlet        : GET "/subcategories", parameters={}
2026-07-31T13:38:35.263+01:00 DEBUG 45886 --- [TuniRate] [http-nio-8080-exec-8] s.w.s.m.m.a.RequestMappingHandlerMapping : Mapped to tn.anasazx.tunirate.subcategory.controller.SubcategoryController#getAll()
2026-07-31T13:38:35.275+01:00 DEBUG 45886 --- [TuniRate] [http-nio-8080-exec-8] o.s.w.s.m.m.a.HttpEntityMethodProcessor  : Using 'application/json', given [application/json, text/plain, */*] and supported [application/json, application/*+json]
2026-07-31T13:38:35.275+01:00 DEBUG 45886 --- [TuniRate] [http-nio-8080-exec-8] o.s.w.s.m.m.a.HttpEntityMethodProcessor  : Writing [[SubcategoryResponse[id=3, name=Skincare, categoryId=2, categoryName=Beauty], SubcategoryResponse[id (truncated)...]
2026-07-31T13:38:35.276+01:00 DEBUG 45886 --- [TuniRate] [http-nio-8080-exec-8] o.s.web.servlet.DispatcherServlet        : Completed 200 OK
2026-07-31T13:38:35.284+01:00 DEBUG 45886 --- [TuniRate] [http-nio-8080-exec-9] o.s.web.servlet.DispatcherServlet        : GET "/subcategories", parameters={}
2026-07-31T13:38:35.284+01:00 DEBUG 45886 --- [TuniRate] [http-nio-8080-exec-9] s.w.s.m.m.a.RequestMappingHandlerMapping : Mapped to tn.anasazx.tunirate.subcategory.controller.SubcategoryController#getAll()
2026-07-31T13:38:35.288+01:00 DEBUG 45886 --- [TuniRate] [http-nio-8080-exec-9] o.s.w.s.m.m.a.HttpEntityMethodProcessor  : Using 'application/json', given [application/json, text/plain, */*] and supported [application/json, application/*+json]
2026-07-31T13:38:35.288+01:00 DEBUG 45886 --- [TuniRate] [http-nio-8080-exec-9] o.s.w.s.m.m.a.HttpEntityMethodProcessor  : Writing [[SubcategoryResponse[id=3, name=Skincare, categoryId=2, categoryName=Beauty], SubcategoryResponse[id (truncated)...]
2026-07-31T13:38:35.290+01:00 DEBUG 45886 --- [TuniRate] [http-nio-8080-exec-9] o.s.web.servlet.DispatcherServlet        : Completed 200 OK
2026-07-31T13:38:36.514+01:00 DEBUG 45886 --- [TuniRate] [http-nio-8080-exec-7] o.s.web.servlet.DispatcherServlet        : GET "/comments/review/4?page=0&size=4", parameters={masked}
2026-07-31T13:38:36.515+01:00 DEBUG 45886 --- [TuniRate] [http-nio-8080-exec-7] s.w.s.m.m.a.RequestMappingHandlerMapping : Mapped to tn.anasazx.tunirate.comment.controller.CommentController#getCommentByReviewId(Long, Pageable)
2026-07-31T13:38:36.539+01:00 DEBUG 45886 --- [TuniRate] [http-nio-8080-exec-7] m.m.a.RequestResponseBodyMethodProcessor : Using 'application/json', given [application/json, text/plain, */*] and supported [application/json, application/*+json]
2026-07-31T13:38:36.539+01:00 DEBUG 45886 --- [TuniRate] [http-nio-8080-exec-7] m.m.a.RequestResponseBodyMethodProcessor : Writing [Page 1 of 1 containing tn.anasazx.tunirate.comment.dto.CommentResponse instances]
2026-07-31T13:38:36.540+01:00 DEBUG 45886 --- [TuniRate] [http-nio-8080-exec-7] o.s.web.servlet.DispatcherServlet        : Completed 200 OK
2026-07-31T13:38:39.838+01:00 DEBUG 45886 --- [TuniRate] [http-nio-8080-exec-6] o.s.web.servlet.DispatcherServlet        : POST "/comments/reply/4", parameters={}
2026-07-31T13:38:39.839+01:00 DEBUG 45886 --- [TuniRate] [http-nio-8080-exec-6] s.w.s.m.m.a.RequestMappingHandlerMapping : Mapped to tn.anasazx.tunirate.comment.controller.CommentController#replyToComment(Long, CommentRequest)
2026-07-31T13:38:39.853+01:00 DEBUG 45886 --- [TuniRate] [http-nio-8080-exec-6] m.m.a.RequestResponseBodyMethodProcessor : Read "application/json;charset=UTF-8" to [CommentRequest[content=test]]
2026-07-31T13:38:39.890+01:00 DEBUG 45886 --- [TuniRate] [http-nio-8080-exec-6] m.m.a.RequestResponseBodyMethodProcessor : Using 'application/json', given [application/json, text/plain, */*] and supported [application/json, application/*+json]
2026-07-31T13:38:39.895+01:00 DEBUG 45886 --- [TuniRate] [http-nio-8080-exec-6] m.m.a.RequestResponseBodyMethodProcessor : Writing [CommentResponse[id=5, content=test, actorName=Anas Riadh Azizi, actorType=USER, actorId=8, actorAvat (truncated)...]
2026-07-31T13:38:39.896+01:00 DEBUG 45886 --- [TuniRate] [http-nio-8080-exec-6] o.s.web.servlet.DispatcherServlet        : Completed 201 CREATED
2026-07-31T13:38:41.663+01:00 DEBUG 45886 --- [TuniRate] [http-nio-8080-exec-5] o.s.web.servlet.DispatcherServlet        : GET "/auth/me", parameters={}
2026-07-31T13:38:41.664+01:00 DEBUG 45886 --- [TuniRate] [http-nio-8080-exec-4] o.s.web.servlet.DispatcherServlet        : GET "/product/39/details", parameters={}
2026-07-31T13:38:41.665+01:00 DEBUG 45886 --- [TuniRate] [http-nio-8080-exec-5] s.w.s.m.m.a.RequestMappingHandlerMapping : Mapped to tn.anasazx.tunirate.authentication.controller.AuthController#authenticateUser()
2026-07-31T13:38:41.666+01:00 DEBUG 45886 --- [TuniRate] [http-nio-8080-exec-4] s.w.s.m.m.a.RequestMappingHandlerMapping : Mapped to tn.anasazx.tunirate.product.controller.ProductController#getProductDetails(Long)
2026-07-31T13:38:41.667+01:00 DEBUG 45886 --- [TuniRate] [http-nio-8080-exec-9] o.s.web.servlet.DispatcherServlet        : GET "/categories", parameters={}
2026-07-31T13:38:41.668+01:00 DEBUG 45886 --- [TuniRate] [http-nio-8080-exec-9] s.w.s.m.m.a.RequestMappingHandlerMapping : Mapped to tn.anasazx.tunirate.category.controller.CategoryController#getAll()
2026-07-31T13:38:41.678+01:00 DEBUG 45886 --- [TuniRate] [http-nio-8080-exec-9] o.s.w.s.m.m.a.HttpEntityMethodProcessor  : Using 'application/json', given [application/json, text/plain, */*] and supported [application/json, application/*+json]
2026-07-31T13:38:41.678+01:00 DEBUG 45886 --- [TuniRate] [http-nio-8080-exec-5] o.s.w.s.m.m.a.HttpEntityMethodProcessor  : Using 'application/json', given [application/json, text/plain, */*] and supported [application/json, application/*+json]
2026-07-31T13:38:41.679+01:00 DEBUG 45886 --- [TuniRate] [http-nio-8080-exec-5] o.s.w.s.m.m.a.HttpEntityMethodProcessor  : Writing [MinimizedUserResponse[id=8, name=Anas Riadh Azizi, email=anasriad.azizi@gmail.com, emailVerified=tru (truncated)...]
2026-07-31T13:38:41.679+01:00 DEBUG 45886 --- [TuniRate] [http-nio-8080-exec-9] o.s.w.s.m.m.a.HttpEntityMethodProcessor  : Writing [[CategoryResponse[id=2, name=Beauty]]]
2026-07-31T13:38:41.681+01:00 DEBUG 45886 --- [TuniRate] [http-nio-8080-exec-9] o.s.web.servlet.DispatcherServlet        : Completed 200 OK
2026-07-31T13:38:41.682+01:00 DEBUG 45886 --- [TuniRate] [http-nio-8080-exec-10] o.s.web.servlet.DispatcherServlet        : GET "/reviews/product/39?page=0&size=10", parameters={masked}
2026-07-31T13:38:41.683+01:00 DEBUG 45886 --- [TuniRate] [http-nio-8080-exec-10] s.w.s.m.m.a.RequestMappingHandlerMapping : Mapped to tn.anasazx.tunirate.review.controller.ReviewController#getReviewsByProductId(Long, Pageable)
2026-07-31T13:38:41.685+01:00 DEBUG 45886 --- [TuniRate] [http-nio-8080-exec-5] o.s.web.servlet.DispatcherServlet        : Completed 200 OK
2026-07-31T13:38:41.690+01:00 DEBUG 45886 --- [TuniRate] [http-nio-8080-exec-6] o.s.web.servlet.DispatcherServlet        : GET "/categories", parameters={}
2026-07-31T13:38:41.690+01:00 DEBUG 45886 --- [TuniRate] [http-nio-8080-exec-6] s.w.s.m.m.a.RequestMappingHandlerMapping : Mapped to tn.anasazx.tunirate.category.controller.CategoryController#getAll()
2026-07-31T13:38:41.699+01:00 DEBUG 45886 --- [TuniRate] [http-nio-8080-exec-4] o.s.w.s.m.m.a.HttpEntityMethodProcessor  : Using 'application/json', given [application/json, text/plain, */*] and supported [application/json, application/*+json]
2026-07-31T13:38:41.701+01:00 DEBUG 45886 --- [TuniRate] [http-nio-8080-exec-4] o.s.w.s.m.m.a.HttpEntityMethodProcessor  : Writing [ProductDetailsResponse[id=39, name=Pochette beauté ciel, description=La trousse qui sublime votre ro (truncated)...]
2026-07-31T13:38:41.703+01:00 DEBUG 45886 --- [TuniRate] [http-nio-8080-exec-6] o.s.w.s.m.m.a.HttpEntityMethodProcessor  : Using 'application/json', given [application/json, text/plain, */*] and supported [application/json, application/*+json]
2026-07-31T13:38:41.703+01:00 DEBUG 45886 --- [TuniRate] [http-nio-8080-exec-6] o.s.w.s.m.m.a.HttpEntityMethodProcessor  : Writing [[CategoryResponse[id=2, name=Beauty]]]
2026-07-31T13:38:41.704+01:00 DEBUG 45886 --- [TuniRate] [http-nio-8080-exec-4] o.s.web.servlet.DispatcherServlet        : Completed 200 OK
2026-07-31T13:38:41.705+01:00 DEBUG 45886 --- [TuniRate] [http-nio-8080-exec-6] o.s.web.servlet.DispatcherServlet        : Completed 200 OK
2026-07-31T13:38:41.708+01:00 DEBUG 45886 --- [TuniRate] [http-nio-8080-exec-2] o.s.web.servlet.DispatcherServlet        : GET "/subcategories", parameters={}
2026-07-31T13:38:41.708+01:00 DEBUG 45886 --- [TuniRate] [http-nio-8080-exec-2] s.w.s.m.m.a.RequestMappingHandlerMapping : Mapped to tn.anasazx.tunirate.subcategory.controller.SubcategoryController#getAll()
2026-07-31T13:38:41.709+01:00 DEBUG 45886 --- [TuniRate] [http-nio-8080-exec-1] o.s.web.servlet.DispatcherServlet        : GET "/invitations/me", parameters={}
2026-07-31T13:38:41.709+01:00 DEBUG 45886 --- [TuniRate] [http-nio-8080-exec-1] s.w.s.m.m.a.RequestMappingHandlerMapping : Mapped to tn.anasazx.tunirate.invitation.controller.CompanyInvitationController#getMyInvitations()
2026-07-31T13:38:41.713+01:00 DEBUG 45886 --- [TuniRate] [http-nio-8080-exec-1] o.s.w.s.m.m.a.HttpEntityMethodProcessor  : Using 'application/json', given [application/json, text/plain, */*] and supported [application/json, application/*+json]
2026-07-31T13:38:41.713+01:00 DEBUG 45886 --- [TuniRate] [http-nio-8080-exec-1] o.s.w.s.m.m.a.HttpEntityMethodProcessor  : Writing [[]]
2026-07-31T13:38:41.714+01:00 DEBUG 45886 --- [TuniRate] [http-nio-8080-exec-2] o.s.w.s.m.m.a.HttpEntityMethodProcessor  : Using 'application/json', given [application/json, text/plain, */*] and supported [application/json, application/*+json]
2026-07-31T13:38:41.714+01:00 DEBUG 45886 --- [TuniRate] [http-nio-8080-exec-2] o.s.w.s.m.m.a.HttpEntityMethodProcessor  : Writing [[SubcategoryResponse[id=3, name=Skincare, categoryId=2, categoryName=Beauty], SubcategoryResponse[id (truncated)...]
2026-07-31T13:38:41.733+01:00 DEBUG 45886 --- [TuniRate] [http-nio-8080-exec-2] o.s.web.servlet.DispatcherServlet        : Completed 200 OK
2026-07-31T13:38:41.734+01:00 DEBUG 45886 --- [TuniRate] [http-nio-8080-exec-1] o.s.web.servlet.DispatcherServlet        : Completed 200 OK
2026-07-31T13:38:41.736+01:00 DEBUG 45886 --- [TuniRate] [http-nio-8080-exec-7] o.s.web.servlet.DispatcherServlet        : GET "/subcategories", parameters={}
2026-07-31T13:38:41.736+01:00 DEBUG 45886 --- [TuniRate] [http-nio-8080-exec-7] s.w.s.m.m.a.RequestMappingHandlerMapping : Mapped to tn.anasazx.tunirate.subcategory.controller.SubcategoryController#getAll()
2026-07-31T13:38:41.738+01:00 DEBUG 45886 --- [TuniRate] [http-nio-8080-exec-10] o.s.w.s.m.m.a.HttpEntityMethodProcessor  : Using 'application/json', given [application/json, text/plain, */*] and supported [application/json, application/*+json]
2026-07-31T13:38:41.738+01:00 DEBUG 45886 --- [TuniRate] [http-nio-8080-exec-10] o.s.w.s.m.m.a.HttpEntityMethodProcessor  : Writing [ProductReviewsResponse[myReview=ReviewResponse[id=4, rating=3, content=test with content, user=Minim (truncated)...]
2026-07-31T13:38:41.740+01:00 DEBUG 45886 --- [TuniRate] [http-nio-8080-exec-10] o.s.web.servlet.DispatcherServlet        : Completed 200 OK
2026-07-31T13:38:41.741+01:00 DEBUG 45886 --- [TuniRate] [http-nio-8080-exec-7] o.s.w.s.m.m.a.HttpEntityMethodProcessor  : Using 'application/json', given [application/json, text/plain, */*] and supported [application/json, application/*+json]
2026-07-31T13:38:41.741+01:00 DEBUG 45886 --- [TuniRate] [http-nio-8080-exec-7] o.s.w.s.m.m.a.HttpEntityMethodProcessor  : Writing [[SubcategoryResponse[id=3, name=Skincare, categoryId=2, categoryName=Beauty], SubcategoryResponse[id (truncated)...]
2026-07-31T13:38:41.743+01:00 DEBUG 45886 --- [TuniRate] [http-nio-8080-exec-7] o.s.web.servlet.DispatcherServlet        : Completed 200 OK
2026-07-31T13:38:43.094+01:00 DEBUG 45886 --- [TuniRate] [http-nio-8080-exec-5] o.s.web.servlet.DispatcherServlet        : GET "/comments/review/4?page=0&size=4", parameters={masked}
2026-07-31T13:38:43.095+01:00 DEBUG 45886 --- [TuniRate] [http-nio-8080-exec-5] s.w.s.m.m.a.RequestMappingHandlerMapping : Mapped to tn.anasazx.tunirate.comment.controller.CommentController#getCommentByReviewId(Long, Pageable)
2026-07-31T13:38:43.107+01:00 DEBUG 45886 --- [TuniRate] [http-nio-8080-exec-5] m.m.a.RequestResponseBodyMethodProcessor : Using 'application/json', given [application/json, text/plain, */*] and supported [application/json, application/*+json]
2026-07-31T13:38:43.107+01:00 DEBUG 45886 --- [TuniRate] [http-nio-8080-exec-5] m.m.a.RequestResponseBodyMethodProcessor : Writing [Page 1 of 1 containing tn.anasazx.tunirate.comment.dto.CommentResponse instances]
2026-07-31T13:38:43.107+01:00 DEBUG 45886 --- [TuniRate] [http-nio-8080-exec-5] o.s.web.servlet.DispatcherServlet        : Completed 200 OK
2026-07-31T13:38:57.307+01:00 DEBUG 45886 --- [TuniRate] [http-nio-8080-exec-4] o.s.web.servlet.DispatcherServlet        : GET "/auth/me", parameters={}
2026-07-31T13:38:57.308+01:00 DEBUG 45886 --- [TuniRate] [http-nio-8080-exec-6] o.s.web.servlet.DispatcherServlet        : GET "/product/39/details", parameters={}
2026-07-31T13:38:57.308+01:00 DEBUG 45886 --- [TuniRate] [http-nio-8080-exec-4] s.w.s.m.m.a.RequestMappingHandlerMapping : Mapped to tn.anasazx.tunirate.authentication.controller.AuthController#authenticateUser()
2026-07-31T13:38:57.309+01:00 DEBUG 45886 --- [TuniRate] [http-nio-8080-exec-6] s.w.s.m.m.a.RequestMappingHandlerMapping : Mapped to tn.anasazx.tunirate.product.controller.ProductController#getProductDetails(Long)
2026-07-31T13:38:57.310+01:00 DEBUG 45886 --- [TuniRate] [http-nio-8080-exec-10] o.s.web.servlet.DispatcherServlet        : GET "/categories", parameters={}
2026-07-31T13:38:57.310+01:00 DEBUG 45886 --- [TuniRate] [http-nio-8080-exec-10] s.w.s.m.m.a.RequestMappingHandlerMapping : Mapped to tn.anasazx.tunirate.category.controller.CategoryController#getAll()
2026-07-31T13:38:57.331+01:00 DEBUG 45886 --- [TuniRate] [http-nio-8080-exec-9] o.s.web.servlet.DispatcherServlet        : GET "/reviews/product/39?page=0&size=10", parameters={masked}
2026-07-31T13:38:57.331+01:00 DEBUG 45886 --- [TuniRate] [http-nio-8080-exec-9] s.w.s.m.m.a.RequestMappingHandlerMapping : Mapped to tn.anasazx.tunirate.review.controller.ReviewController#getReviewsByProductId(Long, Pageable)
2026-07-31T13:38:57.343+01:00 DEBUG 45886 --- [TuniRate] [http-nio-8080-exec-4] o.s.w.s.m.m.a.HttpEntityMethodProcessor  : Using 'application/json', given [application/json, text/plain, */*] and supported [application/json, application/*+json]
2026-07-31T13:38:57.343+01:00 DEBUG 45886 --- [TuniRate] [http-nio-8080-exec-4] o.s.w.s.m.m.a.HttpEntityMethodProcessor  : Writing [MinimizedUserResponse[id=1, name=Anasazx, email=anas.azizi2000@gmail.com, emailVerified=false, avata (truncated)...]
2026-07-31T13:38:57.344+01:00 DEBUG 45886 --- [TuniRate] [http-nio-8080-exec-10] o.s.w.s.m.m.a.HttpEntityMethodProcessor  : Using 'application/json', given [application/json, text/plain, */*] and supported [application/json, application/*+json]
2026-07-31T13:38:57.344+01:00 DEBUG 45886 --- [TuniRate] [http-nio-8080-exec-10] o.s.w.s.m.m.a.HttpEntityMethodProcessor  : Writing [[CategoryResponse[id=2, name=Beauty]]]
2026-07-31T13:38:57.345+01:00 DEBUG 45886 --- [TuniRate] [http-nio-8080-exec-4] o.s.web.servlet.DispatcherServlet        : Completed 200 OK
2026-07-31T13:38:57.345+01:00 DEBUG 45886 --- [TuniRate] [http-nio-8080-exec-10] o.s.web.servlet.DispatcherServlet        : Completed 200 OK
2026-07-31T13:38:57.352+01:00 DEBUG 45886 --- [TuniRate] [http-nio-8080-exec-5] o.s.web.servlet.DispatcherServlet        : GET "/categories", parameters={}
2026-07-31T13:38:57.352+01:00 DEBUG 45886 --- [TuniRate] [http-nio-8080-exec-5] s.w.s.m.m.a.RequestMappingHandlerMapping : Mapped to tn.anasazx.tunirate.category.controller.CategoryController#getAll()
2026-07-31T13:38:57.353+01:00 DEBUG 45886 --- [TuniRate] [http-nio-8080-exec-1] o.s.web.servlet.DispatcherServlet        : GET "/invitations/me", parameters={}
2026-07-31T13:38:57.353+01:00 DEBUG 45886 --- [TuniRate] [http-nio-8080-exec-2] o.s.web.servlet.DispatcherServlet        : GET "/subcategories", parameters={}
2026-07-31T13:38:57.354+01:00 DEBUG 45886 --- [TuniRate] [http-nio-8080-exec-1] s.w.s.m.m.a.RequestMappingHandlerMapping : Mapped to tn.anasazx.tunirate.invitation.controller.CompanyInvitationController#getMyInvitations()
2026-07-31T13:38:57.354+01:00 DEBUG 45886 --- [TuniRate] [http-nio-8080-exec-5] o.s.w.s.m.m.a.HttpEntityMethodProcessor  : Using 'application/json', given [application/json, text/plain, */*] and supported [application/json, application/*+json]
2026-07-31T13:38:57.354+01:00 DEBUG 45886 --- [TuniRate] [http-nio-8080-exec-2] s.w.s.m.m.a.RequestMappingHandlerMapping : Mapped to tn.anasazx.tunirate.subcategory.controller.SubcategoryController#getAll()
2026-07-31T13:38:57.354+01:00 DEBUG 45886 --- [TuniRate] [http-nio-8080-exec-5] o.s.w.s.m.m.a.HttpEntityMethodProcessor  : Writing [[CategoryResponse[id=2, name=Beauty]]]
2026-07-31T13:38:57.354+01:00 DEBUG 45886 --- [TuniRate] [http-nio-8080-exec-5] o.s.web.servlet.DispatcherServlet        : Completed 200 OK
2026-07-31T13:38:57.368+01:00 DEBUG 45886 --- [TuniRate] [http-nio-8080-exec-6] o.s.w.s.m.m.a.HttpEntityMethodProcessor  : Using 'application/json', given [application/json, text/plain, */*] and supported [application/json, application/*+json]
2026-07-31T13:38:57.369+01:00 DEBUG 45886 --- [TuniRate] [http-nio-8080-exec-6] o.s.w.s.m.m.a.HttpEntityMethodProcessor  : Writing [ProductDetailsResponse[id=39, name=Pochette beauté ciel, description=La trousse qui sublime votre ro (truncated)...]
2026-07-31T13:38:57.371+01:00 DEBUG 45886 --- [TuniRate] [http-nio-8080-exec-6] o.s.web.servlet.DispatcherServlet        : Completed 200 OK
2026-07-31T13:38:57.374+01:00 DEBUG 45886 --- [TuniRate] [http-nio-8080-exec-1] o.s.w.s.m.m.a.HttpEntityMethodProcessor  : Using 'application/json', given [application/json, text/plain, */*] and supported [application/json, application/*+json]
2026-07-31T13:38:57.374+01:00 DEBUG 45886 --- [TuniRate] [http-nio-8080-exec-1] o.s.w.s.m.m.a.HttpEntityMethodProcessor  : Writing [[]]
2026-07-31T13:38:57.374+01:00 DEBUG 45886 --- [TuniRate] [http-nio-8080-exec-1] o.s.web.servlet.DispatcherServlet        : Completed 200 OK
2026-07-31T13:38:57.388+01:00 DEBUG 45886 --- [TuniRate] [http-nio-8080-exec-2] o.s.w.s.m.m.a.HttpEntityMethodProcessor  : Using 'application/json', given [application/json, text/plain, */*] and supported [application/json, application/*+json]
2026-07-31T13:38:57.389+01:00 DEBUG 45886 --- [TuniRate] [http-nio-8080-exec-2] o.s.w.s.m.m.a.HttpEntityMethodProcessor  : Writing [[SubcategoryResponse[id=3, name=Skincare, categoryId=2, categoryName=Beauty], SubcategoryResponse[id (truncated)...]
2026-07-31T13:38:57.390+01:00 DEBUG 45886 --- [TuniRate] [http-nio-8080-exec-2] o.s.web.servlet.DispatcherServlet        : Completed 200 OK
2026-07-31T13:38:57.392+01:00 DEBUG 45886 --- [TuniRate] [http-nio-8080-exec-9] o.s.w.s.m.m.a.HttpEntityMethodProcessor  : Using 'application/json', given [application/json, text/plain, */*] and supported [application/json, application/*+json]
2026-07-31T13:38:57.392+01:00 DEBUG 45886 --- [TuniRate] [http-nio-8080-exec-9] o.s.w.s.m.m.a.HttpEntityMethodProcessor  : Writing [ProductReviewsResponse[myReview=null, reviews=Page 1 of 1 containing tn.anasazx.tunirate.review.dto. (truncated)...]
2026-07-31T13:38:57.393+01:00 DEBUG 45886 --- [TuniRate] [http-nio-8080-exec-9] o.s.web.servlet.DispatcherServlet        : Completed 200 OK
2026-07-31T13:38:57.396+01:00 DEBUG 45886 --- [TuniRate] [http-nio-8080-exec-7] o.s.web.servlet.DispatcherServlet        : GET "/subcategories", parameters={}
2026-07-31T13:38:57.396+01:00 DEBUG 45886 --- [TuniRate] [http-nio-8080-exec-7] s.w.s.m.m.a.RequestMappingHandlerMapping : Mapped to tn.anasazx.tunirate.subcategory.controller.SubcategoryController#getAll()
2026-07-31T13:38:57.400+01:00 DEBUG 45886 --- [TuniRate] [http-nio-8080-exec-7] o.s.w.s.m.m.a.HttpEntityMethodProcessor  : Using 'application/json', given [application/json, text/plain, */*] and supported [application/json, application/*+json]
2026-07-31T13:38:57.400+01:00 DEBUG 45886 --- [TuniRate] [http-nio-8080-exec-7] o.s.w.s.m.m.a.HttpEntityMethodProcessor  : Writing [[SubcategoryResponse[id=3, name=Skincare, categoryId=2, categoryName=Beauty], SubcategoryResponse[id (truncated)...]
2026-07-31T13:38:57.400+01:00 DEBUG 45886 --- [TuniRate] [http-nio-8080-exec-7] o.s.web.servlet.DispatcherServlet        : Completed 200 OK
2026-07-31T13:38:58.147+01:00 DEBUG 45886 --- [TuniRate] [http-nio-8080-exec-10] o.s.web.servlet.DispatcherServlet        : GET "/auth/me", parameters={}
2026-07-31T13:38:58.148+01:00 DEBUG 45886 --- [TuniRate] [http-nio-8080-exec-4] o.s.web.servlet.DispatcherServlet        : GET "/product/39/details", parameters={}
2026-07-31T13:38:58.148+01:00 DEBUG 45886 --- [TuniRate] [http-nio-8080-exec-10] s.w.s.m.m.a.RequestMappingHandlerMapping : Mapped to tn.anasazx.tunirate.authentication.controller.AuthController#authenticateUser()
2026-07-31T13:38:58.148+01:00 DEBUG 45886 --- [TuniRate] [http-nio-8080-exec-4] s.w.s.m.m.a.RequestMappingHandlerMapping : Mapped to tn.anasazx.tunirate.product.controller.ProductController#getProductDetails(Long)
2026-07-31T13:38:58.149+01:00 DEBUG 45886 --- [TuniRate] [http-nio-8080-exec-3] o.s.web.servlet.DispatcherServlet        : GET "/categories", parameters={}
2026-07-31T13:38:58.150+01:00 DEBUG 45886 --- [TuniRate] [http-nio-8080-exec-10] o.s.w.s.m.m.a.HttpEntityMethodProcessor  : Using 'application/json', given [application/json, text/plain, */*] and supported [application/json, application/*+json]
2026-07-31T13:38:58.150+01:00 DEBUG 45886 --- [TuniRate] [http-nio-8080-exec-10] o.s.w.s.m.m.a.HttpEntityMethodProcessor  : Writing [MinimizedUserResponse[id=1, name=Anasazx, email=anas.azizi2000@gmail.com, emailVerified=false, avata (truncated)...]
2026-07-31T13:38:58.151+01:00 DEBUG 45886 --- [TuniRate] [http-nio-8080-exec-10] o.s.web.servlet.DispatcherServlet        : Completed 200 OK
2026-07-31T13:38:58.149+01:00 DEBUG 45886 --- [TuniRate] [http-nio-8080-exec-3] s.w.s.m.m.a.RequestMappingHandlerMapping : Mapped to tn.anasazx.tunirate.category.controller.CategoryController#getAll()
2026-07-31T13:38:58.155+01:00 DEBUG 45886 --- [TuniRate] [http-nio-8080-exec-3] o.s.w.s.m.m.a.HttpEntityMethodProcessor  : Using 'application/json', given [application/json, text/plain, */*] and supported [application/json, application/*+json]
2026-07-31T13:38:58.155+01:00 DEBUG 45886 --- [TuniRate] [http-nio-8080-exec-3] o.s.w.s.m.m.a.HttpEntityMethodProcessor  : Writing [[CategoryResponse[id=2, name=Beauty]]]
2026-07-31T13:38:58.155+01:00 DEBUG 45886 --- [TuniRate] [http-nio-8080-exec-3] o.s.web.servlet.DispatcherServlet        : Completed 200 OK
2026-07-31T13:38:58.159+01:00 DEBUG 45886 --- [TuniRate] [http-nio-8080-exec-4] o.s.w.s.m.m.a.HttpEntityMethodProcessor  : Using 'application/json', given [application/json, text/plain, */*] and supported [application/json, application/*+json]
2026-07-31T13:38:58.160+01:00 DEBUG 45886 --- [TuniRate] [http-nio-8080-exec-4] o.s.w.s.m.m.a.HttpEntityMethodProcessor  : Writing [ProductDetailsResponse[id=39, name=Pochette beauté ciel, description=La trousse qui sublime votre ro (truncated)...]
2026-07-31T13:38:58.160+01:00 DEBUG 45886 --- [TuniRate] [http-nio-8080-exec-8] o.s.web.servlet.DispatcherServlet        : GET "/reviews/product/39?page=0&size=10", parameters={masked}
2026-07-31T13:38:58.161+01:00 DEBUG 45886 --- [TuniRate] [http-nio-8080-exec-4] o.s.web.servlet.DispatcherServlet        : Completed 200 OK
2026-07-31T13:38:58.161+01:00 DEBUG 45886 --- [TuniRate] [http-nio-8080-exec-8] s.w.s.m.m.a.RequestMappingHandlerMapping : Mapped to tn.anasazx.tunirate.review.controller.ReviewController#getReviewsByProductId(Long, Pageable)
2026-07-31T13:38:58.161+01:00 DEBUG 45886 --- [TuniRate] [http-nio-8080-exec-6] o.s.web.servlet.DispatcherServlet        : GET "/invitations/me", parameters={}
2026-07-31T13:38:58.161+01:00 DEBUG 45886 --- [TuniRate] [http-nio-8080-exec-6] s.w.s.m.m.a.RequestMappingHandlerMapping : Mapped to tn.anasazx.tunirate.invitation.controller.CompanyInvitationController#getMyInvitations()
2026-07-31T13:38:58.163+01:00 DEBUG 45886 --- [TuniRate] [http-nio-8080-exec-5] o.s.web.servlet.DispatcherServlet        : GET "/categories", parameters={}
2026-07-31T13:38:58.163+01:00 DEBUG 45886 --- [TuniRate] [http-nio-8080-exec-5] s.w.s.m.m.a.RequestMappingHandlerMapping : Mapped to tn.anasazx.tunirate.category.controller.CategoryController#getAll()
2026-07-31T13:38:58.166+01:00 DEBUG 45886 --- [TuniRate] [http-nio-8080-exec-5] o.s.w.s.m.m.a.HttpEntityMethodProcessor  : Using 'application/json', given [application/json, text/plain, */*] and supported [application/json, application/*+json]
2026-07-31T13:38:58.166+01:00 DEBUG 45886 --- [TuniRate] [http-nio-8080-exec-5] o.s.w.s.m.m.a.HttpEntityMethodProcessor  : Writing [[CategoryResponse[id=2, name=Beauty]]]
2026-07-31T13:38:58.168+01:00 DEBUG 45886 --- [TuniRate] [http-nio-8080-exec-6] o.s.w.s.m.m.a.HttpEntityMethodProcessor  : Using 'application/json', given [application/json, text/plain, */*] and supported [application/json, application/*+json]
2026-07-31T13:38:58.170+01:00 DEBUG 45886 --- [TuniRate] [http-nio-8080-exec-6] o.s.w.s.m.m.a.HttpEntityMethodProcessor  : Writing [[]]
2026-07-31T13:38:58.171+01:00 DEBUG 45886 --- [TuniRate] [http-nio-8080-exec-5] o.s.web.servlet.DispatcherServlet        : Completed 200 OK
2026-07-31T13:38:58.172+01:00 DEBUG 45886 --- [TuniRate] [http-nio-8080-exec-6] o.s.web.servlet.DispatcherServlet        : Completed 200 OK
2026-07-31T13:38:58.173+01:00 DEBUG 45886 --- [TuniRate] [http-nio-8080-exec-1] o.s.web.servlet.DispatcherServlet        : GET "/subcategories", parameters={}
2026-07-31T13:38:58.173+01:00 DEBUG 45886 --- [TuniRate] [http-nio-8080-exec-1] s.w.s.m.m.a.RequestMappingHandlerMapping : Mapped to tn.anasazx.tunirate.subcategory.controller.SubcategoryController#getAll()
2026-07-31T13:38:58.176+01:00 DEBUG 45886 --- [TuniRate] [http-nio-8080-exec-1] o.s.w.s.m.m.a.HttpEntityMethodProcessor  : Using 'application/json', given [application/json, text/plain, */*] and supported [application/json, application/*+json]
2026-07-31T13:38:58.177+01:00 DEBUG 45886 --- [TuniRate] [http-nio-8080-exec-1] o.s.w.s.m.m.a.HttpEntityMethodProcessor  : Writing [[SubcategoryResponse[id=3, name=Skincare, categoryId=2, categoryName=Beauty], SubcategoryResponse[id (truncated)...]
2026-07-31T13:38:58.177+01:00 DEBUG 45886 --- [TuniRate] [http-nio-8080-exec-1] o.s.web.servlet.DispatcherServlet        : Completed 200 OK
2026-07-31T13:38:58.179+01:00 DEBUG 45886 --- [TuniRate] [http-nio-8080-exec-8] o.s.w.s.m.m.a.HttpEntityMethodProcessor  : Using 'application/json', given [application/json, text/plain, */*] and supported [application/json, application/*+json]
2026-07-31T13:38:58.179+01:00 DEBUG 45886 --- [TuniRate] [http-nio-8080-exec-8] o.s.w.s.m.m.a.HttpEntityMethodProcessor  : Writing [ProductReviewsResponse[myReview=null, reviews=Page 1 of 1 containing tn.anasazx.tunirate.review.dto. (truncated)...]
2026-07-31T13:38:58.180+01:00 DEBUG 45886 --- [TuniRate] [http-nio-8080-exec-8] o.s.web.servlet.DispatcherServlet        : Completed 200 OK
2026-07-31T13:38:58.187+01:00 DEBUG 45886 --- [TuniRate] [http-nio-8080-exec-2] o.s.web.servlet.DispatcherServlet        : GET "/subcategories", parameters={}
2026-07-31T13:38:58.187+01:00 DEBUG 45886 --- [TuniRate] [http-nio-8080-exec-2] s.w.s.m.m.a.RequestMappingHandlerMapping : Mapped to tn.anasazx.tunirate.subcategory.controller.SubcategoryController#getAll()
2026-07-31T13:38:58.191+01:00 DEBUG 45886 --- [TuniRate] [http-nio-8080-exec-2] o.s.w.s.m.m.a.HttpEntityMethodProcessor  : Using 'application/json', given [application/json, text/plain, */*] and supported [application/json, application/*+json]
2026-07-31T13:38:58.191+01:00 DEBUG 45886 --- [TuniRate] [http-nio-8080-exec-2] o.s.w.s.m.m.a.HttpEntityMethodProcessor  : Writing [[SubcategoryResponse[id=3, name=Skincare, categoryId=2, categoryName=Beauty], SubcategoryResponse[id (truncated)...]
2026-07-31T13:38:58.191+01:00 DEBUG 45886 --- [TuniRate] [http-nio-8080-exec-2] o.s.web.servlet.DispatcherServlet        : Completed 200 OK
2026-07-31T13:38:59.067+01:00 DEBUG 45886 --- [TuniRate] [http-nio-8080-exec-7] o.s.web.servlet.DispatcherServlet        : GET "/comments/review/4?page=0&size=4", parameters={masked}
2026-07-31T13:38:59.067+01:00 DEBUG 45886 --- [TuniRate] [http-nio-8080-exec-7] s.w.s.m.m.a.RequestMappingHandlerMapping : Mapped to tn.anasazx.tunirate.comment.controller.CommentController#getCommentByReviewId(Long, Pageable)
2026-07-31T13:38:59.100+01:00 DEBUG 45886 --- [TuniRate] [http-nio-8080-exec-7] m.m.a.RequestResponseBodyMethodProcessor : Using 'application/json', given [application/json, text/plain, */*] and supported [application/json, application/*+json]
2026-07-31T13:38:59.100+01:00 DEBUG 45886 --- [TuniRate] [http-nio-8080-exec-7] m.m.a.RequestResponseBodyMethodProcessor : Writing [Page 1 of 1 containing tn.anasazx.tunirate.comment.dto.CommentResponse instances]
2026-07-31T13:38:59.101+01:00 DEBUG 45886 --- [TuniRate] [http-nio-8080-exec-7] o.s.web.servlet.DispatcherServlet        : Completed 200 OK
2026-07-31T13:39:03.700+01:00 DEBUG 45886 --- [TuniRate] [http-nio-8080-exec-3] o.s.web.servlet.DispatcherServlet        : POST "/comments/review/4", parameters={}
2026-07-31T13:39:03.701+01:00 DEBUG 45886 --- [TuniRate] [http-nio-8080-exec-3] s.w.s.m.m.a.RequestMappingHandlerMapping : Mapped to tn.anasazx.tunirate.comment.controller.CommentController#createComment(Long, CommentRequest)
2026-07-31T13:39:03.703+01:00 DEBUG 45886 --- [TuniRate] [http-nio-8080-exec-3] m.m.a.RequestResponseBodyMethodProcessor : Read "application/json;charset=UTF-8" to [CommentRequest[content=test]]
2026-07-31T13:39:03.726+01:00 DEBUG 45886 --- [TuniRate] [http-nio-8080-exec-3] m.m.a.RequestResponseBodyMethodProcessor : Using 'application/json', given [application/json, text/plain, */*] and supported [application/json, application/*+json]
2026-07-31T13:39:03.727+01:00 DEBUG 45886 --- [TuniRate] [http-nio-8080-exec-3] m.m.a.RequestResponseBodyMethodProcessor : Writing [CommentResponse[id=6, content=test, actorName=Anasazx, actorType=USER, actorId=1, actorAvatarUrl=23b (truncated)...]
2026-07-31T13:39:03.727+01:00 DEBUG 45886 --- [TuniRate] [http-nio-8080-exec-3] o.s.web.servlet.DispatcherServlet        : Completed 201 CREATED
2026-07-31T13:39:15.553+01:00 DEBUG 45886 --- [TuniRate] [http-nio-8080-exec-5] o.s.web.servlet.DispatcherServlet        : POST "/comments/reply/5", parameters={}
2026-07-31T13:39:15.554+01:00 DEBUG 45886 --- [TuniRate] [http-nio-8080-exec-5] s.w.s.m.m.a.RequestMappingHandlerMapping : Mapped to tn.anasazx.tunirate.comment.controller.CommentController#replyToComment(Long, CommentRequest)
2026-07-31T13:39:15.555+01:00 DEBUG 45886 --- [TuniRate] [http-nio-8080-exec-5] m.m.a.RequestResponseBodyMethodProcessor : Read "application/json;charset=UTF-8" to [CommentRequest[content=test]]
2026-07-31T13:39:15.603+01:00 DEBUG 45886 --- [TuniRate] [http-nio-8080-exec-5] m.m.a.RequestResponseBodyMethodProcessor : Using 'application/json', given [application/json, text/plain, */*] and supported [application/json, application/*+json]
2026-07-31T13:39:15.604+01:00 DEBUG 45886 --- [TuniRate] [http-nio-8080-exec-5] m.m.a.RequestResponseBodyMethodProcessor : Writing [CommentResponse[id=7, content=test, actorName=Anasazx, actorType=USER, actorId=1, actorAvatarUrl=23b (truncated)...]
2026-07-31T13:39:15.604+01:00 DEBUG 45886 --- [TuniRate] [http-nio-8080-exec-5] o.s.web.servlet.DispatcherServlet        : Completed 201 CREATED
2026-07-31T16:04:47.201+01:00 DEBUG 45886 --- [TuniRate] [http-nio-8080-exec-7] o.s.web.servlet.DispatcherServlet        : GET "/product/39/details", parameters={}
2026-07-31T16:04:47.201+01:00 DEBUG 45886 --- [TuniRate] [http-nio-8080-exec-3] o.s.web.servlet.DispatcherServlet        : GET "/reviews/product/39?page=0&size=10", parameters={masked}
2026-07-31T16:04:47.201+01:00 DEBUG 45886 --- [TuniRate] [http-nio-8080-exec-10] o.s.web.servlet.DispatcherServlet        : GET "/categories", parameters={}
2026-07-31T16:04:47.201+01:00 DEBUG 45886 --- [TuniRate] [http-nio-8080-exec-4] o.s.web.servlet.DispatcherServlet        : GET "/auth/me", parameters={}
2026-07-31T16:04:47.203+01:00 DEBUG 45886 --- [TuniRate] [http-nio-8080-exec-4] s.w.s.m.m.a.RequestMappingHandlerMapping : Mapped to tn.anasazx.tunirate.authentication.controller.AuthController#authenticateUser()
2026-07-31T16:04:47.203+01:00 DEBUG 45886 --- [TuniRate] [http-nio-8080-exec-10] s.w.s.m.m.a.RequestMappingHandlerMapping : Mapped to tn.anasazx.tunirate.category.controller.CategoryController#getAll()
2026-07-31T16:04:47.204+01:00 DEBUG 45886 --- [TuniRate] [http-nio-8080-exec-7] s.w.s.m.m.a.RequestMappingHandlerMapping : Mapped to tn.anasazx.tunirate.product.controller.ProductController#getProductDetails(Long)
2026-07-31T16:04:47.204+01:00 DEBUG 45886 --- [TuniRate] [http-nio-8080-exec-3] s.w.s.m.m.a.RequestMappingHandlerMapping : Mapped to tn.anasazx.tunirate.review.controller.ReviewController#getReviewsByProductId(Long, Pageable)
2026-07-31T16:04:47.236+01:00 DEBUG 45886 --- [TuniRate] [http-nio-8080-exec-4] o.s.w.s.m.m.a.HttpEntityMethodProcessor  : Using 'application/json', given [application/json, text/plain, */*] and supported [application/json, application/*+json]
2026-07-31T16:04:47.237+01:00 DEBUG 45886 --- [TuniRate] [http-nio-8080-exec-4] o.s.w.s.m.m.a.HttpEntityMethodProcessor  : Writing [MinimizedUserResponse[id=8, name=Anas Riadh Azizi, email=anasriad.azizi@gmail.com, emailVerified=tru (truncated)...]
2026-07-31T16:04:47.237+01:00 DEBUG 45886 --- [TuniRate] [http-nio-8080-exec-10] o.s.w.s.m.m.a.HttpEntityMethodProcessor  : Using 'application/json', given [application/json, text/plain, */*] and supported [application/json, application/*+json]
2026-07-31T16:04:47.237+01:00 DEBUG 45886 --- [TuniRate] [http-nio-8080-exec-10] o.s.w.s.m.m.a.HttpEntityMethodProcessor  : Writing [[CategoryResponse[id=2, name=Beauty]]]
2026-07-31T16:04:47.242+01:00 DEBUG 45886 --- [TuniRate] [http-nio-8080-exec-10] o.s.web.servlet.DispatcherServlet        : Completed 200 OK
2026-07-31T16:04:47.242+01:00 DEBUG 45886 --- [TuniRate] [http-nio-8080-exec-4] o.s.web.servlet.DispatcherServlet        : Completed 200 OK
2026-07-31T16:04:47.245+01:00 DEBUG 45886 --- [TuniRate] [http-nio-8080-exec-5] o.s.web.servlet.DispatcherServlet        : GET "/categories", parameters={}
2026-07-31T16:04:47.246+01:00 DEBUG 45886 --- [TuniRate] [http-nio-8080-exec-5] s.w.s.m.m.a.RequestMappingHandlerMapping : Mapped to tn.anasazx.tunirate.category.controller.CategoryController#getAll()
2026-07-31T16:04:47.250+01:00 DEBUG 45886 --- [TuniRate] [http-nio-8080-exec-5] o.s.w.s.m.m.a.HttpEntityMethodProcessor  : Using 'application/json', given [application/json, text/plain, */*] and supported [application/json, application/*+json]
2026-07-31T16:04:47.250+01:00 DEBUG 45886 --- [TuniRate] [http-nio-8080-exec-5] o.s.w.s.m.m.a.HttpEntityMethodProcessor  : Writing [[CategoryResponse[id=2, name=Beauty]]]
2026-07-31T16:04:47.250+01:00 DEBUG 45886 --- [TuniRate] [http-nio-8080-exec-5] o.s.web.servlet.DispatcherServlet        : Completed 200 OK
2026-07-31T16:04:47.255+01:00 DEBUG 45886 --- [TuniRate] [http-nio-8080-exec-7] o.s.w.s.m.m.a.HttpEntityMethodProcessor  : Using 'application/json', given [application/json, text/plain, */*] and supported [application/json, application/*+json]
2026-07-31T16:04:47.255+01:00 DEBUG 45886 --- [TuniRate] [http-nio-8080-exec-7] o.s.w.s.m.m.a.HttpEntityMethodProcessor  : Writing [ProductDetailsResponse[id=39, name=Pochette beauté ciel, description=La trousse qui sublime votre ro (truncated)...]
2026-07-31T16:04:47.256+01:00 DEBUG 45886 --- [TuniRate] [http-nio-8080-exec-2] o.s.web.servlet.DispatcherServlet        : GET "/subcategories", parameters={}
2026-07-31T16:04:47.256+01:00 DEBUG 45886 --- [TuniRate] [http-nio-8080-exec-2] s.w.s.m.m.a.RequestMappingHandlerMapping : Mapped to tn.anasazx.tunirate.subcategory.controller.SubcategoryController#getAll()
2026-07-31T16:04:47.256+01:00 DEBUG 45886 --- [TuniRate] [http-nio-8080-exec-8] o.s.web.servlet.DispatcherServlet        : GET "/invitations/me", parameters={}
2026-07-31T16:04:47.256+01:00 DEBUG 45886 --- [TuniRate] [http-nio-8080-exec-8] s.w.s.m.m.a.RequestMappingHandlerMapping : Mapped to tn.anasazx.tunirate.invitation.controller.CompanyInvitationController#getMyInvitations()
2026-07-31T16:04:47.257+01:00 DEBUG 45886 --- [TuniRate] [http-nio-8080-exec-7] o.s.web.servlet.DispatcherServlet        : Completed 200 OK
2026-07-31T16:04:47.266+01:00 DEBUG 45886 --- [TuniRate] [http-nio-8080-exec-8] o.s.w.s.m.m.a.HttpEntityMethodProcessor  : Using 'application/json', given [application/json, text/plain, */*] and supported [application/json, application/*+json]
2026-07-31T16:04:47.266+01:00 DEBUG 45886 --- [TuniRate] [http-nio-8080-exec-8] o.s.w.s.m.m.a.HttpEntityMethodProcessor  : Writing [[]]
2026-07-31T16:04:47.267+01:00 DEBUG 45886 --- [TuniRate] [http-nio-8080-exec-8] o.s.web.servlet.DispatcherServlet        : Completed 200 OK
2026-07-31T16:04:47.268+01:00 DEBUG 45886 --- [TuniRate] [http-nio-8080-exec-3] o.s.w.s.m.m.a.HttpEntityMethodProcessor  : Using 'application/json', given [application/json, text/plain, */*] and supported [application/json, application/*+json]
2026-07-31T16:04:47.268+01:00 DEBUG 45886 --- [TuniRate] [http-nio-8080-exec-3] o.s.w.s.m.m.a.HttpEntityMethodProcessor  : Writing [ProductReviewsResponse[myReview=ReviewResponse[id=4, rating=3, content=test with content, user=Minim (truncated)...]
2026-07-31T16:04:47.270+01:00 DEBUG 45886 --- [TuniRate] [http-nio-8080-exec-3] o.s.web.servlet.DispatcherServlet        : Completed 200 OK
2026-07-31T16:04:47.279+01:00 DEBUG 45886 --- [TuniRate] [http-nio-8080-exec-2] o.s.w.s.m.m.a.HttpEntityMethodProcessor  : Using 'application/json', given [application/json, text/plain, */*] and supported [application/json, application/*+json]
2026-07-31T16:04:47.279+01:00 DEBUG 45886 --- [TuniRate] [http-nio-8080-exec-2] o.s.w.s.m.m.a.HttpEntityMethodProcessor  : Writing [[SubcategoryResponse[id=3, name=Skincare, categoryId=2, categoryName=Beauty], SubcategoryResponse[id (truncated)...]
2026-07-31T16:04:47.279+01:00 DEBUG 45886 --- [TuniRate] [http-nio-8080-exec-2] o.s.web.servlet.DispatcherServlet        : Completed 200 OK
2026-07-31T16:04:47.287+01:00 DEBUG 45886 --- [TuniRate] [http-nio-8080-exec-6] o.s.web.servlet.DispatcherServlet        : GET "/subcategories", parameters={}
2026-07-31T16:04:47.287+01:00 DEBUG 45886 --- [TuniRate] [http-nio-8080-exec-6] s.w.s.m.m.a.RequestMappingHandlerMapping : Mapped to tn.anasazx.tunirate.subcategory.controller.SubcategoryController#getAll()
2026-07-31T16:04:47.290+01:00 DEBUG 45886 --- [TuniRate] [http-nio-8080-exec-6] o.s.w.s.m.m.a.HttpEntityMethodProcessor  : Using 'application/json', given [application/json, text/plain, */*] and supported [application/json, application/*+json]
2026-07-31T16:04:47.290+01:00 DEBUG 45886 --- [TuniRate] [http-nio-8080-exec-6] o.s.w.s.m.m.a.HttpEntityMethodProcessor  : Writing [[SubcategoryResponse[id=3, name=Skincare, categoryId=2, categoryName=Beauty], SubcategoryResponse[id (truncated)...]
2026-07-31T16:04:47.290+01:00 DEBUG 45886 --- [TuniRate] [http-nio-8080-exec-6] o.s.web.servlet.DispatcherServlet        : Completed 200 OK
2026-07-31T16:04:49.395+01:00 DEBUG 45886 --- [TuniRate] [http-nio-8080-exec-10] o.s.web.servlet.DispatcherServlet        : GET "/comments/review/4?page=0&size=4", parameters={masked}
2026-07-31T16:04:49.395+01:00 DEBUG 45886 --- [TuniRate] [http-nio-8080-exec-10] s.w.s.m.m.a.RequestMappingHandlerMapping : Mapped to tn.anasazx.tunirate.comment.controller.CommentController#getCommentByReviewId(Long, Pageable)
2026-07-31T16:04:49.431+01:00 DEBUG 45886 --- [TuniRate] [http-nio-8080-exec-10] m.m.a.RequestResponseBodyMethodProcessor : Using 'application/json', given [application/json, text/plain, */*] and supported [application/json, application/*+json]
2026-07-31T16:04:49.431+01:00 DEBUG 45886 --- [TuniRate] [http-nio-8080-exec-10] m.m.a.RequestResponseBodyMethodProcessor : Writing [Page 1 of 1 containing tn.anasazx.tunirate.comment.dto.CommentResponse instances]
2026-07-31T16:04:49.432+01:00 DEBUG 45886 --- [TuniRate] [http-nio-8080-exec-10] o.s.web.servlet.DispatcherServlet        : Completed 200 OK
2026-07-31T16:04:55.357+01:00 DEBUG 45886 --- [TuniRate] [http-nio-8080-exec-9] o.s.web.servlet.DispatcherServlet        : DELETE "/reviews/4", parameters={}
2026-07-31T16:04:55.357+01:00 DEBUG 45886 --- [TuniRate] [http-nio-8080-exec-9] s.w.s.m.m.a.RequestMappingHandlerMapping : Mapped to tn.anasazx.tunirate.review.controller.ReviewController#deleteReview(Long)
2026-07-31T16:04:55.401+01:00  WARN 45886 --- [TuniRate] [http-nio-8080-exec-9] org.hibernate.orm.jdbc.error             : HHH000247: ErrorCode: 0, SQLState: 23503
2026-07-31T16:04:55.402+01:00  WARN 45886 --- [TuniRate] [http-nio-8080-exec-9] org.hibernate.orm.jdbc.error             : ERROR: update or delete on table "reviews" violates foreign key constraint "fkdpo60i7auk5cudv7kkny8jrqb" on table "comments"
  Detail: Key (id)=(4) is still referenced from table "comments".
2026-07-31T16:04:55.436+01:00 DEBUG 45886 --- [TuniRate] [http-nio-8080-exec-9] o.s.web.servlet.DispatcherServlet        : Failed to complete request: org.springframework.dao.DataIntegrityViolationException: could not execute statement [ERROR: update or delete on table "reviews" violates foreign key constraint "fkdpo60i7auk5cudv7kkny8jrqb" on table "comments"
  Detail: Key (id)=(4) is still referenced from table "comments".] [delete from reviews where id=?]; SQL [delete from reviews where id=?]; constraint [fkdpo60i7auk5cudv7kkny8jrqb]
2026-07-31T16:04:55.438+01:00 ERROR 45886 --- [TuniRate] [http-nio-8080-exec-9] o.a.c.c.C.[.[.[/].[dispatcherServlet]    : Servlet.service() for servlet [dispatcherServlet] in context with path [] threw exception [Request processing failed: org.springframework.dao.DataIntegrityViolationException: could not execute statement [ERROR: update or delete on table "reviews" violates foreign key constraint "fkdpo60i7auk5cudv7kkny8jrqb" on table "comments"
  Detail: Key (id)=(4) is still referenced from table "comments".] [delete from reviews where id=?]; SQL [delete from reviews where id=?]; constraint [fkdpo60i7auk5cudv7kkny8jrqb]] with root cause

org.postgresql.util.PSQLException: ERROR: update or delete on table "reviews" violates foreign key constraint "fkdpo60i7auk5cudv7kkny8jrqb" on table "comments"
  Detail: Key (id)=(4) is still referenced from table "comments".
	at org.postgresql.core.v3.QueryExecutorImpl.receiveErrorResponse(QueryExecutorImpl.java:2875) ~[postgresql-42.7.10.jar:42.7.10]
	at org.postgresql.core.v3.QueryExecutorImpl.processResults(QueryExecutorImpl.java:2560) ~[postgresql-42.7.10.jar:42.7.10]
	at org.postgresql.core.v3.QueryExecutorImpl.execute(QueryExecutorImpl.java:429) ~[postgresql-42.7.10.jar:42.7.10]
	at org.postgresql.jdbc.PgStatement.executeInternal(PgStatement.java:526) ~[postgresql-42.7.10.jar:42.7.10]
	at org.postgresql.jdbc.PgStatement.execute(PgStatement.java:436) ~[postgresql-42.7.10.jar:42.7.10]
	at org.postgresql.jdbc.PgPreparedStatement.executeWithFlags(PgPreparedStatement.java:196) ~[postgresql-42.7.10.jar:42.7.10]
	at org.postgresql.jdbc.PgPreparedStatement.executeUpdate(PgPreparedStatement.java:157) ~[postgresql-42.7.10.jar:42.7.10]
	at com.zaxxer.hikari.pool.ProxyPreparedStatement.executeUpdate(ProxyPreparedStatement.java:61) ~[HikariCP-7.0.2.jar:na]
	at com.zaxxer.hikari.pool.HikariProxyPreparedStatement.executeUpdate(HikariProxyPreparedStatement.java) ~[HikariCP-7.0.2.jar:na]
	at org.hibernate.engine.jdbc.internal.ResultSetReturnImpl.executeUpdate(ResultSetReturnImpl.java:181) ~[hibernate-core-7.2.12.Final.jar:7.2.12.Final]
	at org.hibernate.engine.jdbc.mutation.internal.AbstractMutationExecutor.performNonBatchedMutation(AbstractMutationExecutor.java:145) ~[hibernate-core-7.2.12.Final.jar:7.2.12.Final]
	at org.hibernate.engine.jdbc.mutation.internal.MutationExecutorSingleNonBatched.performNonBatchedOperations(MutationExecutorSingleNonBatched.java:53) ~[hibernate-core-7.2.12.Final.jar:7.2.12.Final]
	at org.hibernate.engine.jdbc.mutation.internal.AbstractMutationExecutor.execute(AbstractMutationExecutor.java:66) ~[hibernate-core-7.2.12.Final.jar:7.2.12.Final]
	at org.hibernate.persister.entity.mutation.AbstractDeleteCoordinator.doStaticDelete(AbstractDeleteCoordinator.java:268) ~[hibernate-core-7.2.12.Final.jar:7.2.12.Final]
	at org.hibernate.persister.entity.mutation.AbstractDeleteCoordinator.delete(AbstractDeleteCoordinator.java:79) ~[hibernate-core-7.2.12.Final.jar:7.2.12.Final]
	at org.hibernate.action.internal.EntityDeleteAction.execute(EntityDeleteAction.java:119) ~[hibernate-core-7.2.12.Final.jar:7.2.12.Final]
	at org.hibernate.engine.spi.ActionQueue.executeActions(ActionQueue.java:634) ~[hibernate-core-7.2.12.Final.jar:7.2.12.Final]
	at org.hibernate.engine.spi.ActionQueue.executeActions(ActionQueue.java:505) ~[hibernate-core-7.2.12.Final.jar:7.2.12.Final]
	at org.hibernate.event.internal.AbstractFlushingEventListener.performExecutions(AbstractFlushingEventListener.java:381) ~[hibernate-core-7.2.12.Final.jar:7.2.12.Final]
	at org.hibernate.event.internal.DefaultFlushEventListener.onFlush(DefaultFlushEventListener.java:40) ~[hibernate-core-7.2.12.Final.jar:7.2.12.Final]
	at org.hibernate.event.service.internal.EventListenerGroupImpl.fireEventOnEachListener(EventListenerGroupImpl.java:138) ~[hibernate-core-7.2.12.Final.jar:7.2.12.Final]
	at org.hibernate.internal.SessionImpl.fireFlush(SessionImpl.java:1484) ~[hibernate-core-7.2.12.Final.jar:7.2.12.Final]
	at org.hibernate.internal.SessionImpl.flush(SessionImpl.java:1472) ~[hibernate-core-7.2.12.Final.jar:7.2.12.Final]
	at org.hibernate.query.sql.internal.NativeQueryImpl.prepareForExecution(NativeQueryImpl.java:726) ~[hibernate-core-7.2.12.Final.jar:7.2.12.Final]
	at org.hibernate.query.spi.AbstractSelectionQuery.beforeQuery(AbstractSelectionQuery.java:182) ~[hibernate-core-7.2.12.Final.jar:7.2.12.Final]
	at org.hibernate.query.spi.AbstractSelectionQuery.beforeQueryHandlingFetchProfiles(AbstractSelectionQuery.java:169) ~[hibernate-core-7.2.12.Final.jar:7.2.12.Final]
	at org.hibernate.query.spi.AbstractQuery.executeUpdate(AbstractQuery.java:639) ~[hibernate-core-7.2.12.Final.jar:7.2.12.Final]
	at org.springframework.data.jpa.repository.query.JpaQueryExecution$ModifyingExecution.doExecute(JpaQueryExecution.java:373) ~[spring-data-jpa-4.0.5.jar:4.0.5]
	at org.springframework.data.jpa.repository.query.JpaQueryExecution.execute(JpaQueryExecution.java:99) ~[spring-data-jpa-4.0.5.jar:4.0.5]
	at org.springframework.data.jpa.repository.query.AbstractJpaQuery.doExecute(AbstractJpaQuery.java:164) ~[spring-data-jpa-4.0.5.jar:4.0.5]
	at org.springframework.data.jpa.repository.query.AbstractJpaQuery.execute(AbstractJpaQuery.java:154) ~[spring-data-jpa-4.0.5.jar:4.0.5]
	at org.springframework.data.repository.core.support.RepositoryMethodInvoker.doInvoke(RepositoryMethodInvoker.java:169) ~[spring-data-commons-4.0.5.jar:4.0.5]
	at org.springframework.data.repository.core.support.RepositoryMethodInvoker.invoke(RepositoryMethodInvoker.java:158) ~[spring-data-commons-4.0.5.jar:4.0.5]
	at org.springframework.data.repository.core.support.QueryExecutorMethodInterceptor.doInvoke(QueryExecutorMethodInterceptor.java:167) ~[spring-data-commons-4.0.5.jar:4.0.5]
	at org.springframework.data.repository.core.support.QueryExecutorMethodInterceptor.invoke(QueryExecutorMethodInterceptor.java:146) ~[spring-data-commons-4.0.5.jar:4.0.5]
	at org.springframework.aop.framework.ReflectiveMethodInvocation.proceed(ReflectiveMethodInvocation.java:179) ~[spring-aop-7.0.7.jar:7.0.7]
	at org.springframework.data.projection.DefaultMethodInvokingMethodInterceptor.invoke(DefaultMethodInvokingMethodInterceptor.java:69) ~[spring-data-commons-4.0.5.jar:4.0.5]
	at org.springframework.aop.framework.ReflectiveMethodInvocation.proceed(ReflectiveMethodInvocation.java:179) ~[spring-aop-7.0.7.jar:7.0.7]
	at org.springframework.transaction.interceptor.TransactionInterceptor$1.proceedWithInvocation(TransactionInterceptor.java:133) ~[spring-tx-7.0.7.jar:7.0.7]
	at org.springframework.transaction.interceptor.TransactionAspectSupport.invokeWithinTransaction(TransactionAspectSupport.java:371) ~[spring-tx-7.0.7.jar:7.0.7]
	at org.springframework.transaction.interceptor.TransactionInterceptor.invoke(TransactionInterceptor.java:130) ~[spring-tx-7.0.7.jar:7.0.7]
	at org.springframework.aop.framework.ReflectiveMethodInvocation.proceed(ReflectiveMethodInvocation.java:179) ~[spring-aop-7.0.7.jar:7.0.7]
	at org.springframework.dao.support.PersistenceExceptionTranslationInterceptor.invoke(PersistenceExceptionTranslationInterceptor.java:135) ~[spring-tx-7.0.7.jar:7.0.7]
	at org.springframework.aop.framework.ReflectiveMethodInvocation.proceed(ReflectiveMethodInvocation.java:179) ~[spring-aop-7.0.7.jar:7.0.7]
	at org.springframework.data.jpa.repository.support.CrudMethodMetadataPostProcessor$CrudMethodMetadataPopulatingMethodInterceptor.invoke(CrudMethodMetadataPostProcessor.java:137) ~[spring-data-jpa-4.0.5.jar:4.0.5]
	at org.springframework.aop.framework.ReflectiveMethodInvocation.proceed(ReflectiveMethodInvocation.java:179) ~[spring-aop-7.0.7.jar:7.0.7]
	at org.springframework.aop.framework.JdkDynamicAopProxy.invoke(JdkDynamicAopProxy.java:222) ~[spring-aop-7.0.7.jar:7.0.7]
	at jdk.proxy2/jdk.proxy2.$Proxy174.recalculateReviewStats(Unknown Source) ~[na:na]
	at tn.anasazx.tunirate.review.service.implementation.ReviewServiceImpl.deleteReview(ReviewServiceImpl.java:121) ~[classes/:na]
	at java.base/jdk.internal.reflect.DirectMethodHandleAccessor.invoke(DirectMethodHandleAccessor.java:103) ~[na:na]
	at java.base/java.lang.reflect.Method.invoke(Method.java:580) ~[na:na]
	at org.springframework.aop.support.AopUtils.invokeJoinpointUsingReflection(AopUtils.java:359) ~[spring-aop-7.0.7.jar:7.0.7]
	at org.springframework.aop.framework.ReflectiveMethodInvocation.invokeJoinpoint(ReflectiveMethodInvocation.java:190) ~[spring-aop-7.0.7.jar:7.0.7]
	at org.springframework.aop.framework.ReflectiveMethodInvocation.proceed(ReflectiveMethodInvocation.java:158) ~[spring-aop-7.0.7.jar:7.0.7]
	at org.springframework.transaction.interceptor.TransactionInterceptor$1.proceedWithInvocation(TransactionInterceptor.java:133) ~[spring-tx-7.0.7.jar:7.0.7]
	at org.springframework.transaction.interceptor.TransactionAspectSupport.invokeWithinTransaction(TransactionAspectSupport.java:371) ~[spring-tx-7.0.7.jar:7.0.7]
	at org.springframework.transaction.interceptor.TransactionInterceptor.invoke(TransactionInterceptor.java:130) ~[spring-tx-7.0.7.jar:7.0.7]
	at org.springframework.aop.framework.ReflectiveMethodInvocation.proceed(ReflectiveMethodInvocation.java:179) ~[spring-aop-7.0.7.jar:7.0.7]
	at org.springframework.aop.framework.CglibAopProxy$DynamicAdvisedInterceptor.intercept(CglibAopProxy.java:719) ~[spring-aop-7.0.7.jar:7.0.7]
	at tn.anasazx.tunirate.review.service.implementation.ReviewServiceImpl$$SpringCGLIB$$0.deleteReview(<generated>) ~[classes/:na]
	at tn.anasazx.tunirate.review.controller.ReviewController.deleteReview(ReviewController.java:81) ~[classes/:na]
	at java.base/jdk.internal.reflect.DirectMethodHandleAccessor.invoke(DirectMethodHandleAccessor.java:103) ~[na:na]
	at java.base/java.lang.reflect.Method.invoke(Method.java:580) ~[na:na]
	at org.springframework.aop.support.AopUtils.invokeJoinpointUsingReflection(AopUtils.java:359) ~[spring-aop-7.0.7.jar:7.0.7]
	at org.springframework.aop.framework.CglibAopProxy$DynamicAdvisedInterceptor.intercept(CglibAopProxy.java:715) ~[spring-aop-7.0.7.jar:7.0.7]
	at tn.anasazx.tunirate.review.controller.ReviewController$$SpringCGLIB$$0.deleteReview(<generated>) ~[classes/:na]
	at java.base/jdk.internal.reflect.DirectMethodHandleAccessor.invoke(DirectMethodHandleAccessor.java:103) ~[na:na]
	at java.base/java.lang.reflect.Method.invoke(Method.java:580) ~[na:na]
	at org.springframework.web.method.support.InvocableHandlerMethod.doInvoke(InvocableHandlerMethod.java:252) ~[spring-web-7.0.7.jar:7.0.7]
	at org.springframework.web.method.support.InvocableHandlerMethod.invokeForRequest(InvocableHandlerMethod.java:184) ~[spring-web-7.0.7.jar:7.0.7]
	at org.springframework.web.servlet.mvc.method.annotation.ServletInvocableHandlerMethod.invokeAndHandle(ServletInvocableHandlerMethod.java:117) ~[spring-webmvc-7.0.7.jar:7.0.7]
	at org.springframework.web.servlet.mvc.method.annotation.RequestMappingHandlerAdapter.invokeHandlerMethod(RequestMappingHandlerAdapter.java:934) ~[spring-webmvc-7.0.7.jar:7.0.7]
	at org.springframework.web.servlet.mvc.method.annotation.RequestMappingHandlerAdapter.handleInternal(RequestMappingHandlerAdapter.java:853) ~[spring-webmvc-7.0.7.jar:7.0.7]
	at org.springframework.web.servlet.mvc.method.AbstractHandlerMethodAdapter.handle(AbstractHandlerMethodAdapter.java:86) ~[spring-webmvc-7.0.7.jar:7.0.7]
	at org.springframework.web.servlet.DispatcherServlet.doDispatch(DispatcherServlet.java:963) ~[spring-webmvc-7.0.7.jar:7.0.7]
	at org.springframework.web.servlet.DispatcherServlet.doService(DispatcherServlet.java:866) ~[spring-webmvc-7.0.7.jar:7.0.7]
	at org.springframework.web.servlet.FrameworkServlet.processRequest(FrameworkServlet.java:1000) ~[spring-webmvc-7.0.7.jar:7.0.7]
	at org.springframework.web.servlet.FrameworkServlet.doDelete(FrameworkServlet.java:925) ~[spring-webmvc-7.0.7.jar:7.0.7]
	at jakarta.servlet.http.HttpServlet.service(HttpServlet.java:651) ~[tomcat-embed-core-11.0.21.jar:6.1]
	at org.springframework.web.servlet.FrameworkServlet.service(FrameworkServlet.java:874) ~[spring-webmvc-7.0.7.jar:7.0.7]
	at jakarta.servlet.http.HttpServlet.service(HttpServlet.java:710) ~[tomcat-embed-core-11.0.21.jar:6.1]
	at org.apache.catalina.core.ApplicationFilterChain.doFilter(ApplicationFilterChain.java:128) ~[tomcat-embed-core-11.0.21.jar:11.0.21]
	at org.apache.tomcat.websocket.server.WsFilter.doFilter(WsFilter.java:53) ~[tomcat-embed-websocket-11.0.21.jar:11.0.21]
	at org.apache.catalina.core.ApplicationFilterChain.doFilter(ApplicationFilterChain.java:107) ~[tomcat-embed-core-11.0.21.jar:11.0.21]
	at org.springframework.web.filter.OncePerRequestFilter.doFilter(OncePerRequestFilter.java:110) ~[spring-web-7.0.7.jar:7.0.7]
	at org.apache.catalina.core.ApplicationFilterChain.doFilter(ApplicationFilterChain.java:107) ~[tomcat-embed-core-11.0.21.jar:11.0.21]
	at org.springframework.web.filter.CompositeFilter$VirtualFilterChain.doFilter(CompositeFilter.java:108) ~[spring-web-7.0.7.jar:7.0.7]
	at org.springframework.security.web.FilterChainProxy.lambda$doFilterInternal$3(FilterChainProxy.java:235) ~[spring-security-web-7.0.5.jar:7.0.5]
	at org.springframework.security.web.FilterChainProxy$VirtualFilterChain.doFilter(FilterChainProxy.java:376) ~[spring-security-web-7.0.5.jar:7.0.5]
	at org.springframework.security.web.access.intercept.AuthorizationFilter.doFilter(AuthorizationFilter.java:101) ~[spring-security-web-7.0.5.jar:7.0.5]
	at org.springframework.security.web.FilterChainProxy$VirtualFilterChain.doFilter(FilterChainProxy.java:385) ~[spring-security-web-7.0.5.jar:7.0.5]
	at org.springframework.security.web.access.ExceptionTranslationFilter.doFilter(ExceptionTranslationFilter.java:126) ~[spring-security-web-7.0.5.jar:7.0.5]
	at org.springframework.security.web.access.ExceptionTranslationFilter.doFilter(ExceptionTranslationFilter.java:120) ~[spring-security-web-7.0.5.jar:7.0.5]
	at org.springframework.security.web.FilterChainProxy$VirtualFilterChain.doFilter(FilterChainProxy.java:385) ~[spring-security-web-7.0.5.jar:7.0.5]
	at org.springframework.security.web.session.SessionManagementFilter.doFilter(SessionManagementFilter.java:132) ~[spring-security-web-7.0.5.jar:7.0.5]
	at org.springframework.security.web.session.SessionManagementFilter.doFilter(SessionManagementFilter.java:86) ~[spring-security-web-7.0.5.jar:7.0.5]
	at org.springframework.security.web.FilterChainProxy$VirtualFilterChain.doFilter(FilterChainProxy.java:385) ~[spring-security-web-7.0.5.jar:7.0.5]
	at org.springframework.security.web.authentication.AnonymousAuthenticationFilter.doFilter(AnonymousAuthenticationFilter.java:100) ~[spring-security-web-7.0.5.jar:7.0.5]
	at org.springframework.security.web.FilterChainProxy$VirtualFilterChain.doFilter(FilterChainProxy.java:385) ~[spring-security-web-7.0.5.jar:7.0.5]
	at org.springframework.security.web.servletapi.SecurityContextHolderAwareRequestFilter.doFilter(SecurityContextHolderAwareRequestFilter.java:181) ~[spring-security-web-7.0.5.jar:7.0.5]
	at org.springframework.security.web.FilterChainProxy$VirtualFilterChain.doFilter(FilterChainProxy.java:385) ~[spring-security-web-7.0.5.jar:7.0.5]
	at org.springframework.security.web.savedrequest.RequestCacheAwareFilter.doFilter(RequestCacheAwareFilter.java:63) ~[spring-security-web-7.0.5.jar:7.0.5]
	at org.springframework.security.web.FilterChainProxy$VirtualFilterChain.doFilter(FilterChainProxy.java:385) ~[spring-security-web-7.0.5.jar:7.0.5]
	at tn.anasazx.tunirate.security.JwtAuthFilter.doFilterInternal(JwtAuthFilter.java:69) ~[classes/:na]
	at org.springframework.web.filter.OncePerRequestFilter.doFilter(OncePerRequestFilter.java:116) ~[spring-web-7.0.7.jar:7.0.7]
	at org.springframework.security.web.FilterChainProxy$VirtualFilterChain.doFilter(FilterChainProxy.java:385) ~[spring-security-web-7.0.5.jar:7.0.5]
	at org.springframework.security.web.authentication.logout.LogoutFilter.doFilter(LogoutFilter.java:110) ~[spring-security-web-7.0.5.jar:7.0.5]
	at org.springframework.security.web.authentication.logout.LogoutFilter.doFilter(LogoutFilter.java:96) ~[spring-security-web-7.0.5.jar:7.0.5]
	at org.springframework.security.web.FilterChainProxy$VirtualFilterChain.doFilter(FilterChainProxy.java:385) ~[spring-security-web-7.0.5.jar:7.0.5]
	at org.springframework.web.filter.CorsFilter.doFilterInternal(CorsFilter.java:91) ~[spring-web-7.0.7.jar:7.0.7]
	at org.springframework.web.filter.OncePerRequestFilter.doFilter(OncePerRequestFilter.java:116) ~[spring-web-7.0.7.jar:7.0.7]
	at org.springframework.security.web.FilterChainProxy$VirtualFilterChain.doFilter(FilterChainProxy.java:385) ~[spring-security-web-7.0.5.jar:7.0.5]
	at org.springframework.security.web.header.HeaderWriterFilter.doHeadersAfter(HeaderWriterFilter.java:90) ~[spring-security-web-7.0.5.jar:7.0.5]
	at org.springframework.security.web.header.HeaderWriterFilter.doFilterInternal(HeaderWriterFilter.java:75) ~[spring-security-web-7.0.5.jar:7.0.5]
	at org.springframework.web.filter.OncePerRequestFilter.doFilter(OncePerRequestFilter.java:116) ~[spring-web-7.0.7.jar:7.0.7]
	at org.springframework.security.web.FilterChainProxy$VirtualFilterChain.doFilter(FilterChainProxy.java:385) ~[spring-security-web-7.0.5.jar:7.0.5]
	at org.springframework.security.web.context.SecurityContextHolderFilter.doFilter(SecurityContextHolderFilter.java:82) ~[spring-security-web-7.0.5.jar:7.0.5]
	at org.springframework.security.web.context.SecurityContextHolderFilter.doFilter(SecurityContextHolderFilter.java:69) ~[spring-security-web-7.0.5.jar:7.0.5]
	at org.springframework.security.web.FilterChainProxy$VirtualFilterChain.doFilter(FilterChainProxy.java:385) ~[spring-security-web-7.0.5.jar:7.0.5]
	at org.springframework.security.web.context.request.async.WebAsyncManagerIntegrationFilter.doFilterInternal(WebAsyncManagerIntegrationFilter.java:62) ~[spring-security-web-7.0.5.jar:7.0.5]
	at org.springframework.web.filter.OncePerRequestFilter.doFilter(OncePerRequestFilter.java:116) ~[spring-web-7.0.7.jar:7.0.7]
	at org.springframework.security.web.FilterChainProxy$VirtualFilterChain.doFilter(FilterChainProxy.java:385) ~[spring-security-web-7.0.5.jar:7.0.5]
	at org.springframework.security.web.session.DisableEncodeUrlFilter.doFilterInternal(DisableEncodeUrlFilter.java:42) ~[spring-security-web-7.0.5.jar:7.0.5]
	at org.springframework.web.filter.OncePerRequestFilter.doFilter(OncePerRequestFilter.java:116) ~[spring-web-7.0.7.jar:7.0.7]
	at org.springframework.security.web.FilterChainProxy$VirtualFilterChain.doFilter(FilterChainProxy.java:385) ~[spring-security-web-7.0.5.jar:7.0.5]
	at org.springframework.security.web.FilterChainProxy.doFilterInternal(FilterChainProxy.java:237) ~[spring-security-web-7.0.5.jar:7.0.5]
	at org.springframework.security.web.FilterChainProxy.doFilter(FilterChainProxy.java:195) ~[spring-security-web-7.0.5.jar:7.0.5]
	at org.springframework.web.filter.CompositeFilter$VirtualFilterChain.doFilter(CompositeFilter.java:113) ~[spring-web-7.0.7.jar:7.0.7]
	at org.springframework.web.filter.ServletRequestPathFilter.doFilter(ServletRequestPathFilter.java:52) ~[spring-web-7.0.7.jar:7.0.7]
	at org.springframework.web.filter.CompositeFilter$VirtualFilterChain.doFilter(CompositeFilter.java:113) ~[spring-web-7.0.7.jar:7.0.7]
	at org.springframework.web.filter.CompositeFilter.doFilter(CompositeFilter.java:74) ~[spring-web-7.0.7.jar:7.0.7]
	at org.springframework.security.config.annotation.web.configuration.WebSecurityConfiguration$CompositeFilterChainProxy.doFilter(WebSecurityConfiguration.java:317) ~[spring-security-config-7.0.5.jar:7.0.5]
	at org.springframework.web.filter.DelegatingFilterProxy.invokeDelegate(DelegatingFilterProxy.java:355) ~[spring-web-7.0.7.jar:7.0.7]
	at org.springframework.web.filter.DelegatingFilterProxy.doFilter(DelegatingFilterProxy.java:272) ~[spring-web-7.0.7.jar:7.0.7]
	at org.apache.catalina.core.ApplicationFilterChain.doFilter(ApplicationFilterChain.java:107) ~[tomcat-embed-core-11.0.21.jar:11.0.21]
	at org.springframework.web.filter.RequestContextFilter.doFilterInternal(RequestContextFilter.java:100) ~[spring-web-7.0.7.jar:7.0.7]
	at org.springframework.web.filter.OncePerRequestFilter.doFilter(OncePerRequestFilter.java:116) ~[spring-web-7.0.7.jar:7.0.7]
	at org.apache.catalina.core.ApplicationFilterChain.doFilter(ApplicationFilterChain.java:107) ~[tomcat-embed-core-11.0.21.jar:11.0.21]
	at org.springframework.web.filter.FormContentFilter.doFilterInternal(FormContentFilter.java:93) ~[spring-web-7.0.7.jar:7.0.7]
	at org.springframework.web.filter.OncePerRequestFilter.doFilter(OncePerRequestFilter.java:116) ~[spring-web-7.0.7.jar:7.0.7]
	at org.apache.catalina.core.ApplicationFilterChain.doFilter(ApplicationFilterChain.java:107) ~[tomcat-embed-core-11.0.21.jar:11.0.21]
	at org.springframework.web.filter.CharacterEncodingFilter.doFilterInternal(CharacterEncodingFilter.java:199) ~[spring-web-7.0.7.jar:7.0.7]
	at org.springframework.web.filter.OncePerRequestFilter.doFilter(OncePerRequestFilter.java:116) ~[spring-web-7.0.7.jar:7.0.7]
	at org.apache.catalina.core.ApplicationFilterChain.doFilter(ApplicationFilterChain.java:107) ~[tomcat-embed-core-11.0.21.jar:11.0.21]
	at org.apache.catalina.core.StandardWrapperValve.invoke(StandardWrapperValve.java:165) ~[tomcat-embed-core-11.0.21.jar:11.0.21]
	at org.apache.catalina.core.StandardContextValve.invoke(StandardContextValve.java:77) ~[tomcat-embed-core-11.0.21.jar:11.0.21]
	at org.apache.catalina.authenticator.AuthenticatorBase.invoke(AuthenticatorBase.java:492) ~[tomcat-embed-core-11.0.21.jar:11.0.21]
	at org.apache.catalina.core.StandardHostValve.invoke(StandardHostValve.java:113) ~[tomcat-embed-core-11.0.21.jar:11.0.21]
	at org.apache.catalina.valves.ErrorReportValve.invoke(ErrorReportValve.java:83) ~[tomcat-embed-core-11.0.21.jar:11.0.21]
	at org.apache.catalina.core.StandardEngineValve.invoke(StandardEngineValve.java:72) ~[tomcat-embed-core-11.0.21.jar:11.0.21]
	at org.apache.catalina.connector.CoyoteAdapter.service(CoyoteAdapter.java:341) ~[tomcat-embed-core-11.0.21.jar:11.0.21]
	at org.apache.coyote.http11.Http11Processor.service(Http11Processor.java:397) ~[tomcat-embed-core-11.0.21.jar:11.0.21]
	at org.apache.coyote.AbstractProcessorLight.process(AbstractProcessorLight.java:63) ~[tomcat-embed-core-11.0.21.jar:11.0.21]
	at org.apache.coyote.AbstractProtocol$ConnectionHandler.process(AbstractProtocol.java:903) ~[tomcat-embed-core-11.0.21.jar:11.0.21]
	at org.apache.tomcat.util.net.NioEndpoint$SocketProcessor.doRun(NioEndpoint.java:1801) ~[tomcat-embed-core-11.0.21.jar:11.0.21]
	at org.apache.tomcat.util.net.SocketProcessorBase.run(SocketProcessorBase.java:52) ~[tomcat-embed-core-11.0.21.jar:11.0.21]
	at org.apache.tomcat.util.threads.ThreadPoolExecutor.runWorker(ThreadPoolExecutor.java:946) ~[tomcat-embed-core-11.0.21.jar:11.0.21]
	at org.apache.tomcat.util.threads.ThreadPoolExecutor$Worker.run(ThreadPoolExecutor.java:480) ~[tomcat-embed-core-11.0.21.jar:11.0.21]
	at org.apache.tomcat.util.threads.TaskThread$WrappingRunnable.run(TaskThread.java:57) ~[tomcat-embed-core-11.0.21.jar:11.0.21]
	at java.base/java.lang.Thread.run(Thread.java:1583) ~[na:na]

2026-07-31T16:04:56.574+01:00 DEBUG 45886 --- [TuniRate] [http-nio-8080-exec-2] o.s.web.servlet.DispatcherServlet        : GET "/product/39/details", parameters={}
2026-07-31T16:04:56.575+01:00 DEBUG 45886 --- [TuniRate] [http-nio-8080-exec-2] s.w.s.m.m.a.RequestMappingHandlerMapping : Mapped to tn.anasazx.tunirate.product.controller.ProductController#getProductDetails(Long)
2026-07-31T16:04:56.575+01:00 DEBUG 45886 --- [TuniRate] [http-nio-8080-exec-8] o.s.web.servlet.DispatcherServlet        : GET "/auth/me", parameters={}
2026-07-31T16:04:56.575+01:00 DEBUG 45886 --- [TuniRate] [http-nio-8080-exec-8] s.w.s.m.m.a.RequestMappingHandlerMapping : Mapped to tn.anasazx.tunirate.authentication.controller.AuthController#authenticateUser()
2026-07-31T16:04:56.575+01:00 DEBUG 45886 --- [TuniRate] [http-nio-8080-exec-10] o.s.web.servlet.DispatcherServlet        : GET "/categories", parameters={}
2026-07-31T16:04:56.575+01:00 DEBUG 45886 --- [TuniRate] [http-nio-8080-exec-10] s.w.s.m.m.a.RequestMappingHandlerMapping : Mapped to tn.anasazx.tunirate.category.controller.CategoryController#getAll()
2026-07-31T16:04:56.575+01:00 DEBUG 45886 --- [TuniRate] [http-nio-8080-exec-1] o.s.web.servlet.DispatcherServlet        : GET "/reviews/product/39?page=0&size=10", parameters={masked}
2026-07-31T16:04:56.575+01:00 DEBUG 45886 --- [TuniRate] [http-nio-8080-exec-1] s.w.s.m.m.a.RequestMappingHandlerMapping : Mapped to tn.anasazx.tunirate.review.controller.ReviewController#getReviewsByProductId(Long, Pageable)
2026-07-31T16:04:56.578+01:00 DEBUG 45886 --- [TuniRate] [http-nio-8080-exec-10] o.s.w.s.m.m.a.HttpEntityMethodProcessor  : Using 'application/json', given [application/json, text/plain, */*] and supported [application/json, application/*+json]
2026-07-31T16:04:56.578+01:00 DEBUG 45886 --- [TuniRate] [http-nio-8080-exec-10] o.s.w.s.m.m.a.HttpEntityMethodProcessor  : Writing [[CategoryResponse[id=2, name=Beauty]]]
2026-07-31T16:04:56.579+01:00 DEBUG 45886 --- [TuniRate] [http-nio-8080-exec-8] o.s.w.s.m.m.a.HttpEntityMethodProcessor  : Using 'application/json', given [application/json, text/plain, */*] and supported [application/json, application/*+json]
2026-07-31T16:04:56.579+01:00 DEBUG 45886 --- [TuniRate] [http-nio-8080-exec-10] o.s.web.servlet.DispatcherServlet        : Completed 200 OK
2026-07-31T16:04:56.579+01:00 DEBUG 45886 --- [TuniRate] [http-nio-8080-exec-8] o.s.w.s.m.m.a.HttpEntityMethodProcessor  : Writing [MinimizedUserResponse[id=8, name=Anas Riadh Azizi, email=anasriad.azizi@gmail.com, emailVerified=tru (truncated)...]
2026-07-31T16:04:56.580+01:00 DEBUG 45886 --- [TuniRate] [http-nio-8080-exec-8] o.s.web.servlet.DispatcherServlet        : Completed 200 OK
2026-07-31T16:04:56.585+01:00 DEBUG 45886 --- [TuniRate] [http-nio-8080-exec-9] o.s.web.servlet.DispatcherServlet        : GET "/categories", parameters={}
2026-07-31T16:04:56.585+01:00 DEBUG 45886 --- [TuniRate] [http-nio-8080-exec-9] s.w.s.m.m.a.RequestMappingHandlerMapping : Mapped to tn.anasazx.tunirate.category.controller.CategoryController#getAll()
2026-07-31T16:04:56.587+01:00 DEBUG 45886 --- [TuniRate] [http-nio-8080-exec-4] o.s.web.servlet.DispatcherServlet        : GET "/invitations/me", parameters={}
2026-07-31T16:04:56.587+01:00 DEBUG 45886 --- [TuniRate] [http-nio-8080-exec-4] s.w.s.m.m.a.RequestMappingHandlerMapping : Mapped to tn.anasazx.tunirate.invitation.controller.CompanyInvitationController#getMyInvitations()
2026-07-31T16:04:56.589+01:00 DEBUG 45886 --- [TuniRate] [http-nio-8080-exec-3] o.s.web.servlet.DispatcherServlet        : GET "/subcategories", parameters={}
2026-07-31T16:04:56.589+01:00 DEBUG 45886 --- [TuniRate] [http-nio-8080-exec-3] s.w.s.m.m.a.RequestMappingHandlerMapping : Mapped to tn.anasazx.tunirate.subcategory.controller.SubcategoryController#getAll()
2026-07-31T16:04:56.590+01:00 DEBUG 45886 --- [TuniRate] [http-nio-8080-exec-9] o.s.w.s.m.m.a.HttpEntityMethodProcessor  : Using 'application/json', given [application/json, text/plain, */*] and supported [application/json, application/*+json]
2026-07-31T16:04:56.590+01:00 DEBUG 45886 --- [TuniRate] [http-nio-8080-exec-9] o.s.w.s.m.m.a.HttpEntityMethodProcessor  : Writing [[CategoryResponse[id=2, name=Beauty]]]
2026-07-31T16:04:56.591+01:00 DEBUG 45886 --- [TuniRate] [http-nio-8080-exec-9] o.s.web.servlet.DispatcherServlet        : Completed 200 OK
2026-07-31T16:04:56.594+01:00 DEBUG 45886 --- [TuniRate] [http-nio-8080-exec-4] o.s.w.s.m.m.a.HttpEntityMethodProcessor  : Using 'application/json', given [application/json, text/plain, */*] and supported [application/json, application/*+json]
2026-07-31T16:04:56.594+01:00 DEBUG 45886 --- [TuniRate] [http-nio-8080-exec-4] o.s.w.s.m.m.a.HttpEntityMethodProcessor  : Writing [[]]
2026-07-31T16:04:56.594+01:00 DEBUG 45886 --- [TuniRate] [http-nio-8080-exec-4] o.s.web.servlet.DispatcherServlet        : Completed 200 OK
2026-07-31T16:04:56.594+01:00 DEBUG 45886 --- [TuniRate] [http-nio-8080-exec-3] o.s.w.s.m.m.a.HttpEntityMethodProcessor  : Using 'application/json', given [application/json, text/plain, */*] and supported [application/json, application/*+json]
2026-07-31T16:04:56.594+01:00 DEBUG 45886 --- [TuniRate] [http-nio-8080-exec-3] o.s.w.s.m.m.a.HttpEntityMethodProcessor  : Writing [[SubcategoryResponse[id=3, name=Skincare, categoryId=2, categoryName=Beauty], SubcategoryResponse[id (truncated)...]
2026-07-31T16:04:56.595+01:00 DEBUG 45886 --- [TuniRate] [http-nio-8080-exec-3] o.s.web.servlet.DispatcherServlet        : Completed 200 OK
2026-07-31T16:04:56.595+01:00 DEBUG 45886 --- [TuniRate] [http-nio-8080-exec-2] o.s.w.s.m.m.a.HttpEntityMethodProcessor  : Using 'application/json', given [application/json, text/plain, */*] and supported [application/json, application/*+json]
2026-07-31T16:04:56.595+01:00 DEBUG 45886 --- [TuniRate] [http-nio-8080-exec-2] o.s.w.s.m.m.a.HttpEntityMethodProcessor  : Writing [ProductDetailsResponse[id=39, name=Pochette beauté ciel, description=La trousse qui sublime votre ro (truncated)...]
2026-07-31T16:04:56.596+01:00 DEBUG 45886 --- [TuniRate] [http-nio-8080-exec-2] o.s.web.servlet.DispatcherServlet        : Completed 200 OK
2026-07-31T16:04:56.601+01:00 DEBUG 45886 --- [TuniRate] [http-nio-8080-exec-6] o.s.web.servlet.DispatcherServlet        : GET "/subcategories", parameters={}
2026-07-31T16:04:56.601+01:00 DEBUG 45886 --- [TuniRate] [http-nio-8080-exec-6] s.w.s.m.m.a.RequestMappingHandlerMapping : Mapped to tn.anasazx.tunirate.subcategory.controller.SubcategoryController#getAll()
2026-07-31T16:04:56.606+01:00 DEBUG 45886 --- [TuniRate] [http-nio-8080-exec-6] o.s.w.s.m.m.a.HttpEntityMethodProcessor  : Using 'application/json', given [application/json, text/plain, */*] and supported [application/json, application/*+json]
2026-07-31T16:04:56.606+01:00 DEBUG 45886 --- [TuniRate] [http-nio-8080-exec-6] o.s.w.s.m.m.a.HttpEntityMethodProcessor  : Writing [[SubcategoryResponse[id=3, name=Skincare, categoryId=2, categoryName=Beauty], SubcategoryResponse[id (truncated)...]
2026-07-31T16:04:56.607+01:00 DEBUG 45886 --- [TuniRate] [http-nio-8080-exec-6] o.s.web.servlet.DispatcherServlet        : Completed 200 OK
2026-07-31T16:04:56.611+01:00 DEBUG 45886 --- [TuniRate] [http-nio-8080-exec-1] o.s.w.s.m.m.a.HttpEntityMethodProcessor  : Using 'application/json', given [application/json, text/plain, */*] and supported [application/json, application/*+json]
2026-07-31T16:04:56.611+01:00 DEBUG 45886 --- [TuniRate] [http-nio-8080-exec-1] o.s.w.s.m.m.a.HttpEntityMethodProcessor  : Writing [ProductReviewsResponse[myReview=ReviewResponse[id=4, rating=3, content=test with content, user=Minim (truncated)...]
2026-07-31T16:04:56.612+01:00 DEBUG 45886 --- [TuniRate] [http-nio-8080-exec-1] o.s.web.servlet.DispatcherServlet        : Completed 200 OK
2026-07-31T16:04:57.245+01:00 DEBUG 45886 --- [TuniRate] [http-nio-8080-exec-10] o.s.web.servlet.DispatcherServlet        : GET "/auth/me", parameters={}
2026-07-31T16:04:57.245+01:00 DEBUG 45886 --- [TuniRate] [http-nio-8080-exec-10] s.w.s.m.m.a.RequestMappingHandlerMapping : Mapped to tn.anasazx.tunirate.authentication.controller.AuthController#authenticateUser()
2026-07-31T16:04:57.255+01:00 DEBUG 45886 --- [TuniRate] [http-nio-8080-exec-10] o.s.w.s.m.m.a.HttpEntityMethodProcessor  : Using 'application/json', given [application/json, text/plain, */*] and supported [application/json, application/*+json]
2026-07-31T16:04:57.256+01:00 DEBUG 45886 --- [TuniRate] [http-nio-8080-exec-10] o.s.w.s.m.m.a.HttpEntityMethodProcessor  : Writing [MinimizedUserResponse[id=8, name=Anas Riadh Azizi, email=anasriad.azizi@gmail.com, emailVerified=tru (truncated)...]
2026-07-31T16:04:57.256+01:00 DEBUG 45886 --- [TuniRate] [http-nio-8080-exec-7] o.s.web.servlet.DispatcherServlet        : GET "/categories", parameters={}
2026-07-31T16:04:57.256+01:00 DEBUG 45886 --- [TuniRate] [http-nio-8080-exec-7] s.w.s.m.m.a.RequestMappingHandlerMapping : Mapped to tn.anasazx.tunirate.category.controller.CategoryController#getAll()
2026-07-31T16:04:57.256+01:00 DEBUG 45886 --- [TuniRate] [http-nio-8080-exec-10] o.s.web.servlet.DispatcherServlet        : Completed 200 OK
2026-07-31T16:04:57.257+01:00 DEBUG 45886 --- [TuniRate] [http-nio-8080-exec-8] o.s.web.servlet.DispatcherServlet        : GET "/product/39/details", parameters={}
2026-07-31T16:04:57.257+01:00 DEBUG 45886 --- [TuniRate] [http-nio-8080-exec-5] o.s.web.servlet.DispatcherServlet        : GET "/reviews/product/39?page=0&size=10", parameters={masked}
2026-07-31T16:04:57.258+01:00 DEBUG 45886 --- [TuniRate] [http-nio-8080-exec-5] s.w.s.m.m.a.RequestMappingHandlerMapping : Mapped to tn.anasazx.tunirate.review.controller.ReviewController#getReviewsByProductId(Long, Pageable)
2026-07-31T16:04:57.258+01:00 DEBUG 45886 --- [TuniRate] [http-nio-8080-exec-8] s.w.s.m.m.a.RequestMappingHandlerMapping : Mapped to tn.anasazx.tunirate.product.controller.ProductController#getProductDetails(Long)
2026-07-31T16:04:57.265+01:00 DEBUG 45886 --- [TuniRate] [http-nio-8080-exec-9] o.s.web.servlet.DispatcherServlet        : GET "/invitations/me", parameters={}
2026-07-31T16:04:57.265+01:00 DEBUG 45886 --- [TuniRate] [http-nio-8080-exec-9] s.w.s.m.m.a.RequestMappingHandlerMapping : Mapped to tn.anasazx.tunirate.invitation.controller.CompanyInvitationController#getMyInvitations()
2026-07-31T16:04:57.267+01:00 DEBUG 45886 --- [TuniRate] [http-nio-8080-exec-7] o.s.w.s.m.m.a.HttpEntityMethodProcessor  : Using 'application/json', given [application/json, text/plain, */*] and supported [application/json, application/*+json]
2026-07-31T16:04:57.267+01:00 DEBUG 45886 --- [TuniRate] [http-nio-8080-exec-7] o.s.w.s.m.m.a.HttpEntityMethodProcessor  : Writing [[CategoryResponse[id=2, name=Beauty]]]
2026-07-31T16:04:57.272+01:00 DEBUG 45886 --- [TuniRate] [http-nio-8080-exec-7] o.s.web.servlet.DispatcherServlet        : Completed 200 OK
2026-07-31T16:04:57.272+01:00 DEBUG 45886 --- [TuniRate] [http-nio-8080-exec-9] o.s.w.s.m.m.a.HttpEntityMethodProcessor  : Using 'application/json', given [application/json, text/plain, */*] and supported [application/json, application/*+json]
2026-07-31T16:04:57.272+01:00 DEBUG 45886 --- [TuniRate] [http-nio-8080-exec-9] o.s.w.s.m.m.a.HttpEntityMethodProcessor  : Writing [[]]
2026-07-31T16:04:57.274+01:00 DEBUG 45886 --- [TuniRate] [http-nio-8080-exec-9] o.s.web.servlet.DispatcherServlet        : Completed 200 OK
2026-07-31T16:04:57.276+01:00 DEBUG 45886 --- [TuniRate] [http-nio-8080-exec-7] o.s.web.servlet.DispatcherServlet        : GET "/categories", parameters={}
2026-07-31T16:04:57.276+01:00 DEBUG 45886 --- [TuniRate] [http-nio-8080-exec-7] s.w.s.m.m.a.RequestMappingHandlerMapping : Mapped to tn.anasazx.tunirate.category.controller.CategoryController#getAll()
2026-07-31T16:04:57.278+01:00 DEBUG 45886 --- [TuniRate] [http-nio-8080-exec-8] o.s.w.s.m.m.a.HttpEntityMethodProcessor  : Using 'application/json', given [application/json, text/plain, */*] and supported [application/json, application/*+json]
2026-07-31T16:04:57.278+01:00 DEBUG 45886 --- [TuniRate] [http-nio-8080-exec-7] o.s.w.s.m.m.a.HttpEntityMethodProcessor  : Using 'application/json', given [application/json, text/plain, */*] and supported [application/json, application/*+json]
2026-07-31T16:04:57.278+01:00 DEBUG 45886 --- [TuniRate] [http-nio-8080-exec-8] o.s.w.s.m.m.a.HttpEntityMethodProcessor  : Writing [ProductDetailsResponse[id=39, name=Pochette beauté ciel, description=La trousse qui sublime votre ro (truncated)...]
2026-07-31T16:04:57.278+01:00 DEBUG 45886 --- [TuniRate] [http-nio-8080-exec-7] o.s.w.s.m.m.a.HttpEntityMethodProcessor  : Writing [[CategoryResponse[id=2, name=Beauty]]]
2026-07-31T16:04:57.279+01:00 DEBUG 45886 --- [TuniRate] [http-nio-8080-exec-8] o.s.web.servlet.DispatcherServlet        : Completed 200 OK
2026-07-31T16:04:57.280+01:00 DEBUG 45886 --- [TuniRate] [http-nio-8080-exec-7] o.s.web.servlet.DispatcherServlet        : Completed 200 OK
2026-07-31T16:04:57.285+01:00 DEBUG 45886 --- [TuniRate] [http-nio-8080-exec-3] o.s.web.servlet.DispatcherServlet        : GET "/subcategories", parameters={}
2026-07-31T16:04:57.285+01:00 DEBUG 45886 --- [TuniRate] [http-nio-8080-exec-3] s.w.s.m.m.a.RequestMappingHandlerMapping : Mapped to tn.anasazx.tunirate.subcategory.controller.SubcategoryController#getAll()
2026-07-31T16:04:57.292+01:00 DEBUG 45886 --- [TuniRate] [http-nio-8080-exec-3] o.s.w.s.m.m.a.HttpEntityMethodProcessor  : Using 'application/json', given [application/json, text/plain, */*] and supported [application/json, application/*+json]
2026-07-31T16:04:57.292+01:00 DEBUG 45886 --- [TuniRate] [http-nio-8080-exec-5] o.s.w.s.m.m.a.HttpEntityMethodProcessor  : Using 'application/json', given [application/json, text/plain, */*] and supported [application/json, application/*+json]
2026-07-31T16:04:57.292+01:00 DEBUG 45886 --- [TuniRate] [http-nio-8080-exec-3] o.s.w.s.m.m.a.HttpEntityMethodProcessor  : Writing [[SubcategoryResponse[id=3, name=Skincare, categoryId=2, categoryName=Beauty], SubcategoryResponse[id (truncated)...]
2026-07-31T16:04:57.292+01:00 DEBUG 45886 --- [TuniRate] [http-nio-8080-exec-5] o.s.w.s.m.m.a.HttpEntityMethodProcessor  : Writing [ProductReviewsResponse[myReview=ReviewResponse[id=4, rating=3, content=test with content, user=Minim (truncated)...]
2026-07-31T16:04:57.293+01:00 DEBUG 45886 --- [TuniRate] [http-nio-8080-exec-5] o.s.web.servlet.DispatcherServlet        : Completed 200 OK
2026-07-31T16:04:57.296+01:00 DEBUG 45886 --- [TuniRate] [http-nio-8080-exec-3] o.s.web.servlet.DispatcherServlet        : Completed 200 OK
2026-07-31T16:04:57.299+01:00 DEBUG 45886 --- [TuniRate] [http-nio-8080-exec-2] o.s.web.servlet.DispatcherServlet        : GET "/subcategories", parameters={}
2026-07-31T16:04:57.300+01:00 DEBUG 45886 --- [TuniRate] [http-nio-8080-exec-2] s.w.s.m.m.a.RequestMappingHandlerMapping : Mapped to tn.anasazx.tunirate.subcategory.controller.SubcategoryController#getAll()
2026-07-31T16:04:57.304+01:00 DEBUG 45886 --- [TuniRate] [http-nio-8080-exec-2] o.s.w.s.m.m.a.HttpEntityMethodProcessor  : Using 'application/json', given [application/json, text/plain, */*] and supported [application/json, application/*+json]
2026-07-31T16:04:57.304+01:00 DEBUG 45886 --- [TuniRate] [http-nio-8080-exec-2] o.s.w.s.m.m.a.HttpEntityMethodProcessor  : Writing [[SubcategoryResponse[id=3, name=Skincare, categoryId=2, categoryName=Beauty], SubcategoryResponse[id (truncated)...]
2026-07-31T16:04:57.305+01:00 DEBUG 45886 --- [TuniRate] [http-nio-8080-exec-2] o.s.web.servlet.DispatcherServlet        : Completed 200 OK
2026-07-31T16:04:58.847+01:00 DEBUG 45886 --- [TuniRate] [http-nio-8080-exec-6] o.s.web.servlet.DispatcherServlet        : DELETE "/reviews/4", parameters={}
2026-07-31T16:04:58.847+01:00 DEBUG 45886 --- [TuniRate] [http-nio-8080-exec-6] s.w.s.m.m.a.RequestMappingHandlerMapping : Mapped to tn.anasazx.tunirate.review.controller.ReviewController#deleteReview(Long)
2026-07-31T16:04:58.875+01:00  WARN 45886 --- [TuniRate] [http-nio-8080-exec-6] org.hibernate.orm.jdbc.error             : HHH000247: ErrorCode: 0, SQLState: 23503
2026-07-31T16:04:58.876+01:00  WARN 45886 --- [TuniRate] [http-nio-8080-exec-6] org.hibernate.orm.jdbc.error             : ERROR: update or delete on table "reviews" violates foreign key constraint "fkdpo60i7auk5cudv7kkny8jrqb" on table "comments"
  Detail: Key (id)=(4) is still referenced from table "comments".
2026-07-31T16:04:58.878+01:00 DEBUG 45886 --- [TuniRate] [http-nio-8080-exec-6] o.s.web.servlet.DispatcherServlet        : Failed to complete request: org.springframework.dao.DataIntegrityViolationException: could not execute statement [ERROR: update or delete on table "reviews" violates foreign key constraint "fkdpo60i7auk5cudv7kkny8jrqb" on table "comments"
  Detail: Key (id)=(4) is still referenced from table "comments".] [delete from reviews where id=?]; SQL [delete from reviews where id=?]; constraint [fkdpo60i7auk5cudv7kkny8jrqb]
2026-07-31T16:04:58.878+01:00 ERROR 45886 --- [TuniRate] [http-nio-8080-exec-6] o.a.c.c.C.[.[.[/].[dispatcherServlet]    : Servlet.service() for servlet [dispatcherServlet] in context with path [] threw exception [Request processing failed: org.springframework.dao.DataIntegrityViolationException: could not execute statement [ERROR: update or delete on table "reviews" violates foreign key constraint "fkdpo60i7auk5cudv7kkny8jrqb" on table "comments"
  Detail: Key (id)=(4) is still referenced from table "comments".] [delete from reviews where id=?]; SQL [delete from reviews where id=?]; constraint [fkdpo60i7auk5cudv7kkny8jrqb]] with root cause

org.postgresql.util.PSQLException: ERROR: update or delete on table "reviews" violates foreign key constraint "fkdpo60i7auk5cudv7kkny8jrqb" on table "comments"
  Detail: Key (id)=(4) is still referenced from table "comments".
	at org.postgresql.core.v3.QueryExecutorImpl.receiveErrorResponse(QueryExecutorImpl.java:2875) ~[postgresql-42.7.10.jar:42.7.10]
	at org.postgresql.core.v3.QueryExecutorImpl.processResults(QueryExecutorImpl.java:2560) ~[postgresql-42.7.10.jar:42.7.10]
	at org.postgresql.core.v3.QueryExecutorImpl.execute(QueryExecutorImpl.java:429) ~[postgresql-42.7.10.jar:42.7.10]
	at org.postgresql.jdbc.PgStatement.executeInternal(PgStatement.java:526) ~[postgresql-42.7.10.jar:42.7.10]
	at org.postgresql.jdbc.PgStatement.execute(PgStatement.java:436) ~[postgresql-42.7.10.jar:42.7.10]
	at org.postgresql.jdbc.PgPreparedStatement.executeWithFlags(PgPreparedStatement.java:196) ~[postgresql-42.7.10.jar:42.7.10]
	at org.postgresql.jdbc.PgPreparedStatement.executeUpdate(PgPreparedStatement.java:157) ~[postgresql-42.7.10.jar:42.7.10]
	at com.zaxxer.hikari.pool.ProxyPreparedStatement.executeUpdate(ProxyPreparedStatement.java:61) ~[HikariCP-7.0.2.jar:na]
	at com.zaxxer.hikari.pool.HikariProxyPreparedStatement.executeUpdate(HikariProxyPreparedStatement.java) ~[HikariCP-7.0.2.jar:na]
	at org.hibernate.engine.jdbc.internal.ResultSetReturnImpl.executeUpdate(ResultSetReturnImpl.java:181) ~[hibernate-core-7.2.12.Final.jar:7.2.12.Final]
	at org.hibernate.engine.jdbc.mutation.internal.AbstractMutationExecutor.performNonBatchedMutation(AbstractMutationExecutor.java:145) ~[hibernate-core-7.2.12.Final.jar:7.2.12.Final]
	at org.hibernate.engine.jdbc.mutation.internal.MutationExecutorSingleNonBatched.performNonBatchedOperations(MutationExecutorSingleNonBatched.java:53) ~[hibernate-core-7.2.12.Final.jar:7.2.12.Final]
	at org.hibernate.engine.jdbc.mutation.internal.AbstractMutationExecutor.execute(AbstractMutationExecutor.java:66) ~[hibernate-core-7.2.12.Final.jar:7.2.12.Final]
	at org.hibernate.persister.entity.mutation.AbstractDeleteCoordinator.doStaticDelete(AbstractDeleteCoordinator.java:268) ~[hibernate-core-7.2.12.Final.jar:7.2.12.Final]
	at org.hibernate.persister.entity.mutation.AbstractDeleteCoordinator.delete(AbstractDeleteCoordinator.java:79) ~[hibernate-core-7.2.12.Final.jar:7.2.12.Final]
	at org.hibernate.action.internal.EntityDeleteAction.execute(EntityDeleteAction.java:119) ~[hibernate-core-7.2.12.Final.jar:7.2.12.Final]
	at org.hibernate.engine.spi.ActionQueue.executeActions(ActionQueue.java:634) ~[hibernate-core-7.2.12.Final.jar:7.2.12.Final]
	at org.hibernate.engine.spi.ActionQueue.executeActions(ActionQueue.java:505) ~[hibernate-core-7.2.12.Final.jar:7.2.12.Final]
	at org.hibernate.event.internal.AbstractFlushingEventListener.performExecutions(AbstractFlushingEventListener.java:381) ~[hibernate-core-7.2.12.Final.jar:7.2.12.Final]
	at org.hibernate.event.internal.DefaultFlushEventListener.onFlush(DefaultFlushEventListener.java:40) ~[hibernate-core-7.2.12.Final.jar:7.2.12.Final]
	at org.hibernate.event.service.internal.EventListenerGroupImpl.fireEventOnEachListener(EventListenerGroupImpl.java:138) ~[hibernate-core-7.2.12.Final.jar:7.2.12.Final]
	at org.hibernate.internal.SessionImpl.fireFlush(SessionImpl.java:1484) ~[hibernate-core-7.2.12.Final.jar:7.2.12.Final]
	at org.hibernate.internal.SessionImpl.flush(SessionImpl.java:1472) ~[hibernate-core-7.2.12.Final.jar:7.2.12.Final]
	at org.hibernate.query.sql.internal.NativeQueryImpl.prepareForExecution(NativeQueryImpl.java:726) ~[hibernate-core-7.2.12.Final.jar:7.2.12.Final]
	at org.hibernate.query.spi.AbstractSelectionQuery.beforeQuery(AbstractSelectionQuery.java:182) ~[hibernate-core-7.2.12.Final.jar:7.2.12.Final]
	at org.hibernate.query.spi.AbstractSelectionQuery.beforeQueryHandlingFetchProfiles(AbstractSelectionQuery.java:169) ~[hibernate-core-7.2.12.Final.jar:7.2.12.Final]
	at org.hibernate.query.spi.AbstractQuery.executeUpdate(AbstractQuery.java:639) ~[hibernate-core-7.2.12.Final.jar:7.2.12.Final]
	at org.springframework.data.jpa.repository.query.JpaQueryExecution$ModifyingExecution.doExecute(JpaQueryExecution.java:373) ~[spring-data-jpa-4.0.5.jar:4.0.5]
	at org.springframework.data.jpa.repository.query.JpaQueryExecution.execute(JpaQueryExecution.java:99) ~[spring-data-jpa-4.0.5.jar:4.0.5]
	at org.springframework.data.jpa.repository.query.AbstractJpaQuery.doExecute(AbstractJpaQuery.java:164) ~[spring-data-jpa-4.0.5.jar:4.0.5]
	at org.springframework.data.jpa.repository.query.AbstractJpaQuery.execute(AbstractJpaQuery.java:154) ~[spring-data-jpa-4.0.5.jar:4.0.5]
	at org.springframework.data.repository.core.support.RepositoryMethodInvoker.doInvoke(RepositoryMethodInvoker.java:169) ~[spring-data-commons-4.0.5.jar:4.0.5]
	at org.springframework.data.repository.core.support.RepositoryMethodInvoker.invoke(RepositoryMethodInvoker.java:158) ~[spring-data-commons-4.0.5.jar:4.0.5]
	at org.springframework.data.repository.core.support.QueryExecutorMethodInterceptor.doInvoke(QueryExecutorMethodInterceptor.java:167) ~[spring-data-commons-4.0.5.jar:4.0.5]
	at org.springframework.data.repository.core.support.QueryExecutorMethodInterceptor.invoke(QueryExecutorMethodInterceptor.java:146) ~[spring-data-commons-4.0.5.jar:4.0.5]
	at org.springframework.aop.framework.ReflectiveMethodInvocation.proceed(ReflectiveMethodInvocation.java:179) ~[spring-aop-7.0.7.jar:7.0.7]
	at org.springframework.data.projection.DefaultMethodInvokingMethodInterceptor.invoke(DefaultMethodInvokingMethodInterceptor.java:69) ~[spring-data-commons-4.0.5.jar:4.0.5]
	at org.springframework.aop.framework.ReflectiveMethodInvocation.proceed(ReflectiveMethodInvocation.java:179) ~[spring-aop-7.0.7.jar:7.0.7]
	at org.springframework.transaction.interceptor.TransactionInterceptor$1.proceedWithInvocation(TransactionInterceptor.java:133) ~[spring-tx-7.0.7.jar:7.0.7]
	at org.springframework.transaction.interceptor.TransactionAspectSupport.invokeWithinTransaction(TransactionAspectSupport.java:371) ~[spring-tx-7.0.7.jar:7.0.7]
	at org.springframework.transaction.interceptor.TransactionInterceptor.invoke(TransactionInterceptor.java:130) ~[spring-tx-7.0.7.jar:7.0.7]
	at org.springframework.aop.framework.ReflectiveMethodInvocation.proceed(ReflectiveMethodInvocation.java:179) ~[spring-aop-7.0.7.jar:7.0.7]
	at org.springframework.dao.support.PersistenceExceptionTranslationInterceptor.invoke(PersistenceExceptionTranslationInterceptor.java:135) ~[spring-tx-7.0.7.jar:7.0.7]
	at org.springframework.aop.framework.ReflectiveMethodInvocation.proceed(ReflectiveMethodInvocation.java:179) ~[spring-aop-7.0.7.jar:7.0.7]
	at org.springframework.data.jpa.repository.support.CrudMethodMetadataPostProcessor$CrudMethodMetadataPopulatingMethodInterceptor.invoke(CrudMethodMetadataPostProcessor.java:137) ~[spring-data-jpa-4.0.5.jar:4.0.5]
	at org.springframework.aop.framework.ReflectiveMethodInvocation.proceed(ReflectiveMethodInvocation.java:179) ~[spring-aop-7.0.7.jar:7.0.7]
	at org.springframework.aop.framework.JdkDynamicAopProxy.invoke(JdkDynamicAopProxy.java:222) ~[spring-aop-7.0.7.jar:7.0.7]
	at jdk.proxy2/jdk.proxy2.$Proxy174.recalculateReviewStats(Unknown Source) ~[na:na]
	at tn.anasazx.tunirate.review.service.implementation.ReviewServiceImpl.deleteReview(ReviewServiceImpl.java:121) ~[classes/:na]
	at java.base/jdk.internal.reflect.DirectMethodHandleAccessor.invoke(DirectMethodHandleAccessor.java:103) ~[na:na]
	at java.base/java.lang.reflect.Method.invoke(Method.java:580) ~[na:na]
	at org.springframework.aop.support.AopUtils.invokeJoinpointUsingReflection(AopUtils.java:359) ~[spring-aop-7.0.7.jar:7.0.7]
	at org.springframework.aop.framework.ReflectiveMethodInvocation.invokeJoinpoint(ReflectiveMethodInvocation.java:190) ~[spring-aop-7.0.7.jar:7.0.7]
	at org.springframework.aop.framework.ReflectiveMethodInvocation.proceed(ReflectiveMethodInvocation.java:158) ~[spring-aop-7.0.7.jar:7.0.7]
	at org.springframework.transaction.interceptor.TransactionInterceptor$1.proceedWithInvocation(TransactionInterceptor.java:133) ~[spring-tx-7.0.7.jar:7.0.7]
	at org.springframework.transaction.interceptor.TransactionAspectSupport.invokeWithinTransaction(TransactionAspectSupport.java:371) ~[spring-tx-7.0.7.jar:7.0.7]
	at org.springframework.transaction.interceptor.TransactionInterceptor.invoke(TransactionInterceptor.java:130) ~[spring-tx-7.0.7.jar:7.0.7]
	at org.springframework.aop.framework.ReflectiveMethodInvocation.proceed(ReflectiveMethodInvocation.java:179) ~[spring-aop-7.0.7.jar:7.0.7]
	at org.springframework.aop.framework.CglibAopProxy$DynamicAdvisedInterceptor.intercept(CglibAopProxy.java:719) ~[spring-aop-7.0.7.jar:7.0.7]
	at tn.anasazx.tunirate.review.service.implementation.ReviewServiceImpl$$SpringCGLIB$$0.deleteReview(<generated>) ~[classes/:na]
	at tn.anasazx.tunirate.review.controller.ReviewController.deleteReview(ReviewController.java:81) ~[classes/:na]
	at java.base/jdk.internal.reflect.DirectMethodHandleAccessor.invoke(DirectMethodHandleAccessor.java:103) ~[na:na]
	at java.base/java.lang.reflect.Method.invoke(Method.java:580) ~[na:na]
	at org.springframework.aop.support.AopUtils.invokeJoinpointUsingReflection(AopUtils.java:359) ~[spring-aop-7.0.7.jar:7.0.7]
	at org.springframework.aop.framework.CglibAopProxy$DynamicAdvisedInterceptor.intercept(CglibAopProxy.java:715) ~[spring-aop-7.0.7.jar:7.0.7]
	at tn.anasazx.tunirate.review.controller.ReviewController$$SpringCGLIB$$0.deleteReview(<generated>) ~[classes/:na]
	at java.base/jdk.internal.reflect.DirectMethodHandleAccessor.invoke(DirectMethodHandleAccessor.java:103) ~[na:na]
	at java.base/java.lang.reflect.Method.invoke(Method.java:580) ~[na:na]
	at org.springframework.web.method.support.InvocableHandlerMethod.doInvoke(InvocableHandlerMethod.java:252) ~[spring-web-7.0.7.jar:7.0.7]
	at org.springframework.web.method.support.InvocableHandlerMethod.invokeForRequest(InvocableHandlerMethod.java:184) ~[spring-web-7.0.7.jar:7.0.7]
	at org.springframework.web.servlet.mvc.method.annotation.ServletInvocableHandlerMethod.invokeAndHandle(ServletInvocableHandlerMethod.java:117) ~[spring-webmvc-7.0.7.jar:7.0.7]
	at org.springframework.web.servlet.mvc.method.annotation.RequestMappingHandlerAdapter.invokeHandlerMethod(RequestMappingHandlerAdapter.java:934) ~[spring-webmvc-7.0.7.jar:7.0.7]
	at org.springframework.web.servlet.mvc.method.annotation.RequestMappingHandlerAdapter.handleInternal(RequestMappingHandlerAdapter.java:853) ~[spring-webmvc-7.0.7.jar:7.0.7]
	at org.springframework.web.servlet.mvc.method.AbstractHandlerMethodAdapter.handle(AbstractHandlerMethodAdapter.java:86) ~[spring-webmvc-7.0.7.jar:7.0.7]
	at org.springframework.web.servlet.DispatcherServlet.doDispatch(DispatcherServlet.java:963) ~[spring-webmvc-7.0.7.jar:7.0.7]
	at org.springframework.web.servlet.DispatcherServlet.doService(DispatcherServlet.java:866) ~[spring-webmvc-7.0.7.jar:7.0.7]
	at org.springframework.web.servlet.FrameworkServlet.processRequest(FrameworkServlet.java:1000) ~[spring-webmvc-7.0.7.jar:7.0.7]
	at org.springframework.web.servlet.FrameworkServlet.doDelete(FrameworkServlet.java:925) ~[spring-webmvc-7.0.7.jar:7.0.7]
	at jakarta.servlet.http.HttpServlet.service(HttpServlet.java:651) ~[tomcat-embed-core-11.0.21.jar:6.1]
	at org.springframework.web.servlet.FrameworkServlet.service(FrameworkServlet.java:874) ~[spring-webmvc-7.0.7.jar:7.0.7]
	at jakarta.servlet.http.HttpServlet.service(HttpServlet.java:710) ~[tomcat-embed-core-11.0.21.jar:6.1]
	at org.apache.catalina.core.ApplicationFilterChain.doFilter(ApplicationFilterChain.java:128) ~[tomcat-embed-core-11.0.21.jar:11.0.21]
	at org.apache.tomcat.websocket.server.WsFilter.doFilter(WsFilter.java:53) ~[tomcat-embed-websocket-11.0.21.jar:11.0.21]
	at org.apache.catalina.core.ApplicationFilterChain.doFilter(ApplicationFilterChain.java:107) ~[tomcat-embed-core-11.0.21.jar:11.0.21]
	at org.springframework.web.filter.OncePerRequestFilter.doFilter(OncePerRequestFilter.java:110) ~[spring-web-7.0.7.jar:7.0.7]
	at org.apache.catalina.core.ApplicationFilterChain.doFilter(ApplicationFilterChain.java:107) ~[tomcat-embed-core-11.0.21.jar:11.0.21]
	at org.springframework.web.filter.CompositeFilter$VirtualFilterChain.doFilter(CompositeFilter.java:108) ~[spring-web-7.0.7.jar:7.0.7]
	at org.springframework.security.web.FilterChainProxy.lambda$doFilterInternal$3(FilterChainProxy.java:235) ~[spring-security-web-7.0.5.jar:7.0.5]
	at org.springframework.security.web.FilterChainProxy$VirtualFilterChain.doFilter(FilterChainProxy.java:376) ~[spring-security-web-7.0.5.jar:7.0.5]
	at org.springframework.security.web.access.intercept.AuthorizationFilter.doFilter(AuthorizationFilter.java:101) ~[spring-security-web-7.0.5.jar:7.0.5]
	at org.springframework.security.web.FilterChainProxy$VirtualFilterChain.doFilter(FilterChainProxy.java:385) ~[spring-security-web-7.0.5.jar:7.0.5]
	at org.springframework.security.web.access.ExceptionTranslationFilter.doFilter(ExceptionTranslationFilter.java:126) ~[spring-security-web-7.0.5.jar:7.0.5]
	at org.springframework.security.web.access.ExceptionTranslationFilter.doFilter(ExceptionTranslationFilter.java:120) ~[spring-security-web-7.0.5.jar:7.0.5]
	at org.springframework.security.web.FilterChainProxy$VirtualFilterChain.doFilter(FilterChainProxy.java:385) ~[spring-security-web-7.0.5.jar:7.0.5]
	at org.springframework.security.web.session.SessionManagementFilter.doFilter(SessionManagementFilter.java:132) ~[spring-security-web-7.0.5.jar:7.0.5]
	at org.springframework.security.web.session.SessionManagementFilter.doFilter(SessionManagementFilter.java:86) ~[spring-security-web-7.0.5.jar:7.0.5]
	at org.springframework.security.web.FilterChainProxy$VirtualFilterChain.doFilter(FilterChainProxy.java:385) ~[spring-security-web-7.0.5.jar:7.0.5]
	at org.springframework.security.web.authentication.AnonymousAuthenticationFilter.doFilter(AnonymousAuthenticationFilter.java:100) ~[spring-security-web-7.0.5.jar:7.0.5]
	at org.springframework.security.web.FilterChainProxy$VirtualFilterChain.doFilter(FilterChainProxy.java:385) ~[spring-security-web-7.0.5.jar:7.0.5]
	at org.springframework.security.web.servletapi.SecurityContextHolderAwareRequestFilter.doFilter(SecurityContextHolderAwareRequestFilter.java:181) ~[spring-security-web-7.0.5.jar:7.0.5]
	at org.springframework.security.web.FilterChainProxy$VirtualFilterChain.doFilter(FilterChainProxy.java:385) ~[spring-security-web-7.0.5.jar:7.0.5]
	at org.springframework.security.web.savedrequest.RequestCacheAwareFilter.doFilter(RequestCacheAwareFilter.java:63) ~[spring-security-web-7.0.5.jar:7.0.5]
	at org.springframework.security.web.FilterChainProxy$VirtualFilterChain.doFilter(FilterChainProxy.java:385) ~[spring-security-web-7.0.5.jar:7.0.5]
	at tn.anasazx.tunirate.security.JwtAuthFilter.doFilterInternal(JwtAuthFilter.java:69) ~[classes/:na]
	at org.springframework.web.filter.OncePerRequestFilter.doFilter(OncePerRequestFilter.java:116) ~[spring-web-7.0.7.jar:7.0.7]
	at org.springframework.security.web.FilterChainProxy$VirtualFilterChain.doFilter(FilterChainProxy.java:385) ~[spring-security-web-7.0.5.jar:7.0.5]
	at org.springframework.security.web.authentication.logout.LogoutFilter.doFilter(LogoutFilter.java:110) ~[spring-security-web-7.0.5.jar:7.0.5]
	at org.springframework.security.web.authentication.logout.LogoutFilter.doFilter(LogoutFilter.java:96) ~[spring-security-web-7.0.5.jar:7.0.5]
	at org.springframework.security.web.FilterChainProxy$VirtualFilterChain.doFilter(FilterChainProxy.java:385) ~[spring-security-web-7.0.5.jar:7.0.5]
	at org.springframework.web.filter.CorsFilter.doFilterInternal(CorsFilter.java:91) ~[spring-web-7.0.7.jar:7.0.7]
	at org.springframework.web.filter.OncePerRequestFilter.doFilter(OncePerRequestFilter.java:116) ~[spring-web-7.0.7.jar:7.0.7]
	at org.springframework.security.web.FilterChainProxy$VirtualFilterChain.doFilter(FilterChainProxy.java:385) ~[spring-security-web-7.0.5.jar:7.0.5]
	at org.springframework.security.web.header.HeaderWriterFilter.doHeadersAfter(HeaderWriterFilter.java:90) ~[spring-security-web-7.0.5.jar:7.0.5]
	at org.springframework.security.web.header.HeaderWriterFilter.doFilterInternal(HeaderWriterFilter.java:75) ~[spring-security-web-7.0.5.jar:7.0.5]
	at org.springframework.web.filter.OncePerRequestFilter.doFilter(OncePerRequestFilter.java:116) ~[spring-web-7.0.7.jar:7.0.7]
	at org.springframework.security.web.FilterChainProxy$VirtualFilterChain.doFilter(FilterChainProxy.java:385) ~[spring-security-web-7.0.5.jar:7.0.5]
	at org.springframework.security.web.context.SecurityContextHolderFilter.doFilter(SecurityContextHolderFilter.java:82) ~[spring-security-web-7.0.5.jar:7.0.5]
	at org.springframework.security.web.context.SecurityContextHolderFilter.doFilter(SecurityContextHolderFilter.java:69) ~[spring-security-web-7.0.5.jar:7.0.5]
	at org.springframework.security.web.FilterChainProxy$VirtualFilterChain.doFilter(FilterChainProxy.java:385) ~[spring-security-web-7.0.5.jar:7.0.5]
	at org.springframework.security.web.context.request.async.WebAsyncManagerIntegrationFilter.doFilterInternal(WebAsyncManagerIntegrationFilter.java:62) ~[spring-security-web-7.0.5.jar:7.0.5]
	at org.springframework.web.filter.OncePerRequestFilter.doFilter(OncePerRequestFilter.java:116) ~[spring-web-7.0.7.jar:7.0.7]
	at org.springframework.security.web.FilterChainProxy$VirtualFilterChain.doFilter(FilterChainProxy.java:385) ~[spring-security-web-7.0.5.jar:7.0.5]
	at org.springframework.security.web.session.DisableEncodeUrlFilter.doFilterInternal(DisableEncodeUrlFilter.java:42) ~[spring-security-web-7.0.5.jar:7.0.5]
	at org.springframework.web.filter.OncePerRequestFilter.doFilter(OncePerRequestFilter.java:116) ~[spring-web-7.0.7.jar:7.0.7]
	at org.springframework.security.web.FilterChainProxy$VirtualFilterChain.doFilter(FilterChainProxy.java:385) ~[spring-security-web-7.0.5.jar:7.0.5]
	at org.springframework.security.web.FilterChainProxy.doFilterInternal(FilterChainProxy.java:237) ~[spring-security-web-7.0.5.jar:7.0.5]
	at org.springframework.security.web.FilterChainProxy.doFilter(FilterChainProxy.java:195) ~[spring-security-web-7.0.5.jar:7.0.5]
	at org.springframework.web.filter.CompositeFilter$VirtualFilterChain.doFilter(CompositeFilter.java:113) ~[spring-web-7.0.7.jar:7.0.7]
	at org.springframework.web.filter.ServletRequestPathFilter.doFilter(ServletRequestPathFilter.java:52) ~[spring-web-7.0.7.jar:7.0.7]
	at org.springframework.web.filter.CompositeFilter$VirtualFilterChain.doFilter(CompositeFilter.java:113) ~[spring-web-7.0.7.jar:7.0.7]
	at org.springframework.web.filter.CompositeFilter.doFilter(CompositeFilter.java:74) ~[spring-web-7.0.7.jar:7.0.7]
	at org.springframework.security.config.annotation.web.configuration.WebSecurityConfiguration$CompositeFilterChainProxy.doFilter(WebSecurityConfiguration.java:317) ~[spring-security-config-7.0.5.jar:7.0.5]
	at org.springframework.web.filter.DelegatingFilterProxy.invokeDelegate(DelegatingFilterProxy.java:355) ~[spring-web-7.0.7.jar:7.0.7]
	at org.springframework.web.filter.DelegatingFilterProxy.doFilter(DelegatingFilterProxy.java:272) ~[spring-web-7.0.7.jar:7.0.7]
	at org.apache.catalina.core.ApplicationFilterChain.doFilter(ApplicationFilterChain.java:107) ~[tomcat-embed-core-11.0.21.jar:11.0.21]
	at org.springframework.web.filter.RequestContextFilter.doFilterInternal(RequestContextFilter.java:100) ~[spring-web-7.0.7.jar:7.0.7]
	at org.springframework.web.filter.OncePerRequestFilter.doFilter(OncePerRequestFilter.java:116) ~[spring-web-7.0.7.jar:7.0.7]
	at org.apache.catalina.core.ApplicationFilterChain.doFilter(ApplicationFilterChain.java:107) ~[tomcat-embed-core-11.0.21.jar:11.0.21]
	at org.springframework.web.filter.FormContentFilter.doFilterInternal(FormContentFilter.java:93) ~[spring-web-7.0.7.jar:7.0.7]
	at org.springframework.web.filter.OncePerRequestFilter.doFilter(OncePerRequestFilter.java:116) ~[spring-web-7.0.7.jar:7.0.7]
	at org.apache.catalina.core.ApplicationFilterChain.doFilter(ApplicationFilterChain.java:107) ~[tomcat-embed-core-11.0.21.jar:11.0.21]
	at org.springframework.web.filter.CharacterEncodingFilter.doFilterInternal(CharacterEncodingFilter.java:199) ~[spring-web-7.0.7.jar:7.0.7]
	at org.springframework.web.filter.OncePerRequestFilter.doFilter(OncePerRequestFilter.java:116) ~[spring-web-7.0.7.jar:7.0.7]
	at org.apache.catalina.core.ApplicationFilterChain.doFilter(ApplicationFilterChain.java:107) ~[tomcat-embed-core-11.0.21.jar:11.0.21]
	at org.apache.catalina.core.StandardWrapperValve.invoke(StandardWrapperValve.java:165) ~[tomcat-embed-core-11.0.21.jar:11.0.21]
	at org.apache.catalina.core.StandardContextValve.invoke(StandardContextValve.java:77) ~[tomcat-embed-core-11.0.21.jar:11.0.21]
	at org.apache.catalina.authenticator.AuthenticatorBase.invoke(AuthenticatorBase.java:492) ~[tomcat-embed-core-11.0.21.jar:11.0.21]
	at org.apache.catalina.core.StandardHostValve.invoke(StandardHostValve.java:113) ~[tomcat-embed-core-11.0.21.jar:11.0.21]
	at org.apache.catalina.valves.ErrorReportValve.invoke(ErrorReportValve.java:83) ~[tomcat-embed-core-11.0.21.jar:11.0.21]
	at org.apache.catalina.core.StandardEngineValve.invoke(StandardEngineValve.java:72) ~[tomcat-embed-core-11.0.21.jar:11.0.21]
	at org.apache.catalina.connector.CoyoteAdapter.service(CoyoteAdapter.java:341) ~[tomcat-embed-core-11.0.21.jar:11.0.21]
	at org.apache.coyote.http11.Http11Processor.service(Http11Processor.java:397) ~[tomcat-embed-core-11.0.21.jar:11.0.21]
	at org.apache.coyote.AbstractProcessorLight.process(AbstractProcessorLight.java:63) ~[tomcat-embed-core-11.0.21.jar:11.0.21]
	at org.apache.coyote.AbstractProtocol$ConnectionHandler.process(AbstractProtocol.java:903) ~[tomcat-embed-core-11.0.21.jar:11.0.21]
	at org.apache.tomcat.util.net.NioEndpoint$SocketProcessor.doRun(NioEndpoint.java:1801) ~[tomcat-embed-core-11.0.21.jar:11.0.21]
	at org.apache.tomcat.util.net.SocketProcessorBase.run(SocketProcessorBase.java:52) ~[tomcat-embed-core-11.0.21.jar:11.0.21]
	at org.apache.tomcat.util.threads.ThreadPoolExecutor.runWorker(ThreadPoolExecutor.java:946) ~[tomcat-embed-core-11.0.21.jar:11.0.21]
	at org.apache.tomcat.util.threads.ThreadPoolExecutor$Worker.run(ThreadPoolExecutor.java:480) ~[tomcat-embed-core-11.0.21.jar:11.0.21]
	at org.apache.tomcat.util.threads.TaskThread$WrappingRunnable.run(TaskThread.java:57) ~[tomcat-embed-core-11.0.21.jar:11.0.21]
	at java.base/java.lang.Thread.run(Thread.java:1583) ~[na:na]

2026-07-31T16:04:59.242+01:00 DEBUG 45886 --- [TuniRate] [http-nio-8080-exec-1] o.s.web.servlet.DispatcherServlet        : GET "/auth/me", parameters={}
2026-07-31T16:04:59.242+01:00 DEBUG 45886 --- [TuniRate] [http-nio-8080-exec-1] s.w.s.m.m.a.RequestMappingHandlerMapping : Mapped to tn.anasazx.tunirate.authentication.controller.AuthController#authenticateUser()
2026-07-31T16:04:59.245+01:00 DEBUG 45886 --- [TuniRate] [http-nio-8080-exec-1] o.s.w.s.m.m.a.HttpEntityMethodProcessor  : Using 'application/json', given [application/json, text/plain, */*] and supported [application/json, application/*+json]
2026-07-31T16:04:59.245+01:00 DEBUG 45886 --- [TuniRate] [http-nio-8080-exec-1] o.s.w.s.m.m.a.HttpEntityMethodProcessor  : Writing [MinimizedUserResponse[id=8, name=Anas Riadh Azizi, email=anasriad.azizi@gmail.com, emailVerified=tru (truncated)...]
2026-07-31T16:04:59.246+01:00 DEBUG 45886 --- [TuniRate] [http-nio-8080-exec-1] o.s.web.servlet.DispatcherServlet        : Completed 200 OK
2026-07-31T16:04:59.248+01:00 DEBUG 45886 --- [TuniRate] [http-nio-8080-exec-10] o.s.web.servlet.DispatcherServlet        : GET "/product/39/details", parameters={}
2026-07-31T16:04:59.248+01:00 DEBUG 45886 --- [TuniRate] [http-nio-8080-exec-10] s.w.s.m.m.a.RequestMappingHandlerMapping : Mapped to tn.anasazx.tunirate.product.controller.ProductController#getProductDetails(Long)
2026-07-31T16:04:59.249+01:00 DEBUG 45886 --- [TuniRate] [http-nio-8080-exec-4] o.s.web.servlet.DispatcherServlet        : GET "/categories", parameters={}
2026-07-31T16:04:59.249+01:00 DEBUG 45886 --- [TuniRate] [http-nio-8080-exec-4] s.w.s.m.m.a.RequestMappingHandlerMapping : Mapped to tn.anasazx.tunirate.category.controller.CategoryController#getAll()
2026-07-31T16:04:59.251+01:00 DEBUG 45886 --- [TuniRate] [http-nio-8080-exec-4] o.s.w.s.m.m.a.HttpEntityMethodProcessor  : Using 'application/json', given [application/json, text/plain, */*] and supported [application/json, application/*+json]
2026-07-31T16:04:59.251+01:00 DEBUG 45886 --- [TuniRate] [http-nio-8080-exec-4] o.s.w.s.m.m.a.HttpEntityMethodProcessor  : Writing [[CategoryResponse[id=2, name=Beauty]]]
2026-07-31T16:04:59.251+01:00 DEBUG 45886 --- [TuniRate] [http-nio-8080-exec-4] o.s.web.servlet.DispatcherServlet        : Completed 200 OK
2026-07-31T16:04:59.255+01:00 DEBUG 45886 --- [TuniRate] [http-nio-8080-exec-9] o.s.web.servlet.DispatcherServlet        : GET "/categories", parameters={}
2026-07-31T16:04:59.255+01:00 DEBUG 45886 --- [TuniRate] [http-nio-8080-exec-9] s.w.s.m.m.a.RequestMappingHandlerMapping : Mapped to tn.anasazx.tunirate.category.controller.CategoryController#getAll()
2026-07-31T16:04:59.258+01:00 DEBUG 45886 --- [TuniRate] [http-nio-8080-exec-7] o.s.web.servlet.DispatcherServlet        : GET "/reviews/product/39?page=0&size=10", parameters={masked}
2026-07-31T16:04:59.258+01:00 DEBUG 45886 --- [TuniRate] [http-nio-8080-exec-7] s.w.s.m.m.a.RequestMappingHandlerMapping : Mapped to tn.anasazx.tunirate.review.controller.ReviewController#getReviewsByProductId(Long, Pageable)
2026-07-31T16:04:59.259+01:00 DEBUG 45886 --- [TuniRate] [http-nio-8080-exec-8] o.s.web.servlet.DispatcherServlet        : GET "/invitations/me", parameters={}
2026-07-31T16:04:59.259+01:00 DEBUG 45886 --- [TuniRate] [http-nio-8080-exec-8] s.w.s.m.m.a.RequestMappingHandlerMapping : Mapped to tn.anasazx.tunirate.invitation.controller.CompanyInvitationController#getMyInvitations()
2026-07-31T16:04:59.260+01:00 DEBUG 45886 --- [TuniRate] [http-nio-8080-exec-9] o.s.w.s.m.m.a.HttpEntityMethodProcessor  : Using 'application/json', given [application/json, text/plain, */*] and supported [application/json, application/*+json]
2026-07-31T16:04:59.260+01:00 DEBUG 45886 --- [TuniRate] [http-nio-8080-exec-9] o.s.w.s.m.m.a.HttpEntityMethodProcessor  : Writing [[CategoryResponse[id=2, name=Beauty]]]
2026-07-31T16:04:59.261+01:00 DEBUG 45886 --- [TuniRate] [http-nio-8080-exec-9] o.s.web.servlet.DispatcherServlet        : Completed 200 OK
2026-07-31T16:04:59.263+01:00 DEBUG 45886 --- [TuniRate] [http-nio-8080-exec-5] o.s.web.servlet.DispatcherServlet        : GET "/subcategories", parameters={}
2026-07-31T16:04:59.263+01:00 DEBUG 45886 --- [TuniRate] [http-nio-8080-exec-5] s.w.s.m.m.a.RequestMappingHandlerMapping : Mapped to tn.anasazx.tunirate.subcategory.controller.SubcategoryController#getAll()
2026-07-31T16:04:59.268+01:00 DEBUG 45886 --- [TuniRate] [http-nio-8080-exec-10] o.s.w.s.m.m.a.HttpEntityMethodProcessor  : Using 'application/json', given [application/json, text/plain, */*] and supported [application/json, application/*+json]
2026-07-31T16:04:59.268+01:00 DEBUG 45886 --- [TuniRate] [http-nio-8080-exec-10] o.s.w.s.m.m.a.HttpEntityMethodProcessor  : Writing [ProductDetailsResponse[id=39, name=Pochette beauté ciel, description=La trousse qui sublime votre ro (truncated)...]
2026-07-31T16:04:59.268+01:00 DEBUG 45886 --- [TuniRate] [http-nio-8080-exec-10] o.s.web.servlet.DispatcherServlet        : Completed 200 OK
2026-07-31T16:04:59.269+01:00 DEBUG 45886 --- [TuniRate] [http-nio-8080-exec-5] o.s.w.s.m.m.a.HttpEntityMethodProcessor  : Using 'application/json', given [application/json, text/plain, */*] and supported [application/json, application/*+json]
2026-07-31T16:04:59.269+01:00 DEBUG 45886 --- [TuniRate] [http-nio-8080-exec-5] o.s.w.s.m.m.a.HttpEntityMethodProcessor  : Writing [[SubcategoryResponse[id=3, name=Skincare, categoryId=2, categoryName=Beauty], SubcategoryResponse[id (truncated)...]
2026-07-31T16:04:59.270+01:00 DEBUG 45886 --- [TuniRate] [http-nio-8080-exec-8] o.s.w.s.m.m.a.HttpEntityMethodProcessor  : Using 'application/json', given [application/json, text/plain, */*] and supported [application/json, application/*+json]
2026-07-31T16:04:59.271+01:00 DEBUG 45886 --- [TuniRate] [http-nio-8080-exec-8] o.s.w.s.m.m.a.HttpEntityMethodProcessor  : Writing [[]]
2026-07-31T16:04:59.273+01:00 DEBUG 45886 --- [TuniRate] [http-nio-8080-exec-8] o.s.web.servlet.DispatcherServlet        : Completed 200 OK
2026-07-31T16:04:59.270+01:00 DEBUG 45886 --- [TuniRate] [http-nio-8080-exec-5] o.s.web.servlet.DispatcherServlet        : Completed 200 OK
2026-07-31T16:04:59.279+01:00 DEBUG 45886 --- [TuniRate] [http-nio-8080-exec-3] o.s.web.servlet.DispatcherServlet        : GET "/subcategories", parameters={}
2026-07-31T16:04:59.279+01:00 DEBUG 45886 --- [TuniRate] [http-nio-8080-exec-3] s.w.s.m.m.a.RequestMappingHandlerMapping : Mapped to tn.anasazx.tunirate.subcategory.controller.SubcategoryController#getAll()
2026-07-31T16:04:59.288+01:00 DEBUG 45886 --- [TuniRate] [http-nio-8080-exec-3] o.s.w.s.m.m.a.HttpEntityMethodProcessor  : Using 'application/json', given [application/json, text/plain, */*] and supported [application/json, application/*+json]
2026-07-31T16:04:59.288+01:00 DEBUG 45886 --- [TuniRate] [http-nio-8080-exec-3] o.s.w.s.m.m.a.HttpEntityMethodProcessor  : Writing [[SubcategoryResponse[id=3, name=Skincare, categoryId=2, categoryName=Beauty], SubcategoryResponse[id (truncated)...]
2026-07-31T16:04:59.289+01:00 DEBUG 45886 --- [TuniRate] [http-nio-8080-exec-3] o.s.web.servlet.DispatcherServlet        : Completed 200 OK
2026-07-31T16:04:59.290+01:00 DEBUG 45886 --- [TuniRate] [http-nio-8080-exec-7] o.s.w.s.m.m.a.HttpEntityMethodProcessor  : Using 'application/json', given [application/json, text/plain, */*] and supported [application/json, application/*+json]
2026-07-31T16:04:59.291+01:00 DEBUG 45886 --- [TuniRate] [http-nio-8080-exec-7] o.s.w.s.m.m.a.HttpEntityMethodProcessor  : Writing [ProductReviewsResponse[myReview=ReviewResponse[id=4, rating=3, content=test with content, user=Minim (truncated)...]
2026-07-31T16:04:59.291+01:00 DEBUG 45886 --- [TuniRate] [http-nio-8080-exec-7] o.s.web.servlet.DispatcherServlet        : Completed 200 OK
2026-07-31T16:04:59.692+01:00 DEBUG 45886 --- [TuniRate] [http-nio-8080-exec-2] o.s.web.servlet.DispatcherServlet        : GET "/auth/me", parameters={}
2026-07-31T16:04:59.692+01:00 DEBUG 45886 --- [TuniRate] [http-nio-8080-exec-2] s.w.s.m.m.a.RequestMappingHandlerMapping : Mapped to tn.anasazx.tunirate.authentication.controller.AuthController#authenticateUser()
2026-07-31T16:04:59.694+01:00 DEBUG 45886 --- [TuniRate] [http-nio-8080-exec-2] o.s.w.s.m.m.a.HttpEntityMethodProcessor  : Using 'application/json', given [application/json, text/plain, */*] and supported [application/json, application/*+json]
2026-07-31T16:04:59.695+01:00 DEBUG 45886 --- [TuniRate] [http-nio-8080-exec-2] o.s.w.s.m.m.a.HttpEntityMethodProcessor  : Writing [MinimizedUserResponse[id=8, name=Anas Riadh Azizi, email=anasriad.azizi@gmail.com, emailVerified=tru (truncated)...]
2026-07-31T16:04:59.695+01:00 DEBUG 45886 --- [TuniRate] [http-nio-8080-exec-2] o.s.web.servlet.DispatcherServlet        : Completed 200 OK
2026-07-31T16:04:59.699+01:00 DEBUG 45886 --- [TuniRate] [http-nio-8080-exec-6] o.s.web.servlet.DispatcherServlet        : GET "/product/39/details", parameters={}
2026-07-31T16:04:59.699+01:00 DEBUG 45886 --- [TuniRate] [http-nio-8080-exec-6] s.w.s.m.m.a.RequestMappingHandlerMapping : Mapped to tn.anasazx.tunirate.product.controller.ProductController#getProductDetails(Long)
2026-07-31T16:04:59.704+01:00 DEBUG 45886 --- [TuniRate] [http-nio-8080-exec-1] o.s.web.servlet.DispatcherServlet        : GET "/categories", parameters={}
2026-07-31T16:04:59.704+01:00 DEBUG 45886 --- [TuniRate] [http-nio-8080-exec-1] s.w.s.m.m.a.RequestMappingHandlerMapping : Mapped to tn.anasazx.tunirate.category.controller.CategoryController#getAll()
2026-07-31T16:04:59.705+01:00 DEBUG 45886 --- [TuniRate] [http-nio-8080-exec-1] o.s.w.s.m.m.a.HttpEntityMethodProcessor  : Using 'application/json', given [application/json, text/plain, */*] and supported [application/json, application/*+json]
2026-07-31T16:04:59.706+01:00 DEBUG 45886 --- [TuniRate] [http-nio-8080-exec-1] o.s.w.s.m.m.a.HttpEntityMethodProcessor  : Writing [[CategoryResponse[id=2, name=Beauty]]]
2026-07-31T16:04:59.706+01:00 DEBUG 45886 --- [TuniRate] [http-nio-8080-exec-1] o.s.web.servlet.DispatcherServlet        : Completed 200 OK
2026-07-31T16:04:59.710+01:00 DEBUG 45886 --- [TuniRate] [http-nio-8080-exec-4] o.s.web.servlet.DispatcherServlet        : GET "/categories", parameters={}
2026-07-31T16:04:59.710+01:00 DEBUG 45886 --- [TuniRate] [http-nio-8080-exec-4] s.w.s.m.m.a.RequestMappingHandlerMapping : Mapped to tn.anasazx.tunirate.category.controller.CategoryController#getAll()
2026-07-31T16:04:59.712+01:00 DEBUG 45886 --- [TuniRate] [http-nio-8080-exec-6] o.s.w.s.m.m.a.HttpEntityMethodProcessor  : Using 'application/json', given [application/json, text/plain, */*] and supported [application/json, application/*+json]
2026-07-31T16:04:59.713+01:00 DEBUG 45886 --- [TuniRate] [http-nio-8080-exec-6] o.s.w.s.m.m.a.HttpEntityMethodProcessor  : Writing [ProductDetailsResponse[id=39, name=Pochette beauté ciel, description=La trousse qui sublime votre ro (truncated)...]
2026-07-31T16:04:59.714+01:00 DEBUG 45886 --- [TuniRate] [http-nio-8080-exec-6] o.s.web.servlet.DispatcherServlet        : Completed 200 OK
2026-07-31T16:04:59.717+01:00 DEBUG 45886 --- [TuniRate] [http-nio-8080-exec-9] o.s.web.servlet.DispatcherServlet        : GET "/reviews/product/39?page=0&size=10", parameters={masked}
2026-07-31T16:04:59.717+01:00 DEBUG 45886 --- [TuniRate] [http-nio-8080-exec-9] s.w.s.m.m.a.RequestMappingHandlerMapping : Mapped to tn.anasazx.tunirate.review.controller.ReviewController#getReviewsByProductId(Long, Pageable)
2026-07-31T16:04:59.718+01:00 DEBUG 45886 --- [TuniRate] [http-nio-8080-exec-8] o.s.web.servlet.DispatcherServlet        : GET "/invitations/me", parameters={}
2026-07-31T16:04:59.718+01:00 DEBUG 45886 --- [TuniRate] [http-nio-8080-exec-8] s.w.s.m.m.a.RequestMappingHandlerMapping : Mapped to tn.anasazx.tunirate.invitation.controller.CompanyInvitationController#getMyInvitations()
2026-07-31T16:04:59.718+01:00 DEBUG 45886 --- [TuniRate] [http-nio-8080-exec-10] o.s.web.servlet.DispatcherServlet        : GET "/subcategories", parameters={}
2026-07-31T16:04:59.718+01:00 DEBUG 45886 --- [TuniRate] [http-nio-8080-exec-10] s.w.s.m.m.a.RequestMappingHandlerMapping : Mapped to tn.anasazx.tunirate.subcategory.controller.SubcategoryController#getAll()
2026-07-31T16:04:59.723+01:00 DEBUG 45886 --- [TuniRate] [http-nio-8080-exec-4] o.s.w.s.m.m.a.HttpEntityMethodProcessor  : Using 'application/json', given [application/json, text/plain, */*] and supported [application/json, application/*+json]
2026-07-31T16:04:59.724+01:00 DEBUG 45886 --- [TuniRate] [http-nio-8080-exec-4] o.s.w.s.m.m.a.HttpEntityMethodProcessor  : Writing [[CategoryResponse[id=2, name=Beauty]]]
2026-07-31T16:04:59.724+01:00 DEBUG 45886 --- [TuniRate] [http-nio-8080-exec-4] o.s.web.servlet.DispatcherServlet        : Completed 200 OK
2026-07-31T16:04:59.724+01:00 DEBUG 45886 --- [TuniRate] [http-nio-8080-exec-8] o.s.w.s.m.m.a.HttpEntityMethodProcessor  : Using 'application/json', given [application/json, text/plain, */*] and supported [application/json, application/*+json]
2026-07-31T16:04:59.725+01:00 DEBUG 45886 --- [TuniRate] [http-nio-8080-exec-8] o.s.w.s.m.m.a.HttpEntityMethodProcessor  : Writing [[]]
2026-07-31T16:04:59.726+01:00 DEBUG 45886 --- [TuniRate] [http-nio-8080-exec-8] o.s.web.servlet.DispatcherServlet        : Completed 200 OK
2026-07-31T16:04:59.726+01:00 DEBUG 45886 --- [TuniRate] [http-nio-8080-exec-10] o.s.w.s.m.m.a.HttpEntityMethodProcessor  : Using 'application/json', given [application/json, text/plain, */*] and supported [application/json, application/*+json]
2026-07-31T16:04:59.726+01:00 DEBUG 45886 --- [TuniRate] [http-nio-8080-exec-10] o.s.w.s.m.m.a.HttpEntityMethodProcessor  : Writing [[SubcategoryResponse[id=3, name=Skincare, categoryId=2, categoryName=Beauty], SubcategoryResponse[id (truncated)...]
2026-07-31T16:04:59.727+01:00 DEBUG 45886 --- [TuniRate] [http-nio-8080-exec-10] o.s.web.servlet.DispatcherServlet        : Completed 200 OK
2026-07-31T16:04:59.732+01:00 DEBUG 45886 --- [TuniRate] [http-nio-8080-exec-9] o.s.w.s.m.m.a.HttpEntityMethodProcessor  : Using 'application/json', given [application/json, text/plain, */*] and supported [application/json, application/*+json]
2026-07-31T16:04:59.732+01:00 DEBUG 45886 --- [TuniRate] [http-nio-8080-exec-9] o.s.w.s.m.m.a.HttpEntityMethodProcessor  : Writing [ProductReviewsResponse[myReview=ReviewResponse[id=4, rating=3, content=test with content, user=Minim (truncated)...]
2026-07-31T16:04:59.733+01:00 DEBUG 45886 --- [TuniRate] [http-nio-8080-exec-9] o.s.web.servlet.DispatcherServlet        : Completed 200 OK
2026-07-31T16:04:59.743+01:00 DEBUG 45886 --- [TuniRate] [http-nio-8080-exec-5] o.s.web.servlet.DispatcherServlet        : GET "/subcategories", parameters={}
2026-07-31T16:04:59.744+01:00 DEBUG 45886 --- [TuniRate] [http-nio-8080-exec-5] s.w.s.m.m.a.RequestMappingHandlerMapping : Mapped to tn.anasazx.tunirate.subcategory.controller.SubcategoryController#getAll()
2026-07-31T16:04:59.750+01:00 DEBUG 45886 --- [TuniRate] [http-nio-8080-exec-5] o.s.w.s.m.m.a.HttpEntityMethodProcessor  : Using 'application/json', given [application/json, text/plain, */*] and supported [application/json, application/*+json]
2026-07-31T16:04:59.751+01:00 DEBUG 45886 --- [TuniRate] [http-nio-8080-exec-5] o.s.w.s.m.m.a.HttpEntityMethodProcessor  : Writing [[SubcategoryResponse[id=3, name=Skincare, categoryId=2, categoryName=Beauty], SubcategoryResponse[id (truncated)...]
2026-07-31T16:04:59.751+01:00 DEBUG 45886 --- [TuniRate] [http-nio-8080-exec-5] o.s.web.servlet.DispatcherServlet        : Completed 200 OK
2026-07-31T16:04:59.907+01:00 DEBUG 45886 --- [TuniRate] [http-nio-8080-exec-3] o.s.web.servlet.DispatcherServlet        : GET "/auth/me", parameters={}
2026-07-31T16:04:59.907+01:00 DEBUG 45886 --- [TuniRate] [http-nio-8080-exec-3] s.w.s.m.m.a.RequestMappingHandlerMapping : Mapped to tn.anasazx.tunirate.authentication.controller.AuthController#authenticateUser()
2026-07-31T16:04:59.909+01:00 DEBUG 45886 --- [TuniRate] [http-nio-8080-exec-3] o.s.w.s.m.m.a.HttpEntityMethodProcessor  : Using 'application/json', given [application/json, text/plain, */*] and supported [application/json, application/*+json]
2026-07-31T16:04:59.909+01:00 DEBUG 45886 --- [TuniRate] [http-nio-8080-exec-3] o.s.w.s.m.m.a.HttpEntityMethodProcessor  : Writing [MinimizedUserResponse[id=8, name=Anas Riadh Azizi, email=anasriad.azizi@gmail.com, emailVerified=tru (truncated)...]
2026-07-31T16:04:59.910+01:00 DEBUG 45886 --- [TuniRate] [http-nio-8080-exec-3] o.s.web.servlet.DispatcherServlet        : Completed 200 OK
2026-07-31T16:04:59.913+01:00 DEBUG 45886 --- [TuniRate] [http-nio-8080-exec-3] o.s.web.servlet.DispatcherServlet        : GET "/product/39/details", parameters={}
2026-07-31T16:04:59.913+01:00 DEBUG 45886 --- [TuniRate] [http-nio-8080-exec-3] s.w.s.m.m.a.RequestMappingHandlerMapping : Mapped to tn.anasazx.tunirate.product.controller.ProductController#getProductDetails(Long)
2026-07-31T16:04:59.916+01:00 DEBUG 45886 --- [TuniRate] [http-nio-8080-exec-2] o.s.web.servlet.DispatcherServlet        : GET "/categories", parameters={}
2026-07-31T16:04:59.916+01:00 DEBUG 45886 --- [TuniRate] [http-nio-8080-exec-2] s.w.s.m.m.a.RequestMappingHandlerMapping : Mapped to tn.anasazx.tunirate.category.controller.CategoryController#getAll()
2026-07-31T16:04:59.917+01:00 DEBUG 45886 --- [TuniRate] [http-nio-8080-exec-2] o.s.w.s.m.m.a.HttpEntityMethodProcessor  : Using 'application/json', given [application/json, text/plain, */*] and supported [application/json, application/*+json]
2026-07-31T16:04:59.918+01:00 DEBUG 45886 --- [TuniRate] [http-nio-8080-exec-2] o.s.w.s.m.m.a.HttpEntityMethodProcessor  : Writing [[CategoryResponse[id=2, name=Beauty]]]
2026-07-31T16:04:59.918+01:00 DEBUG 45886 --- [TuniRate] [http-nio-8080-exec-2] o.s.web.servlet.DispatcherServlet        : Completed 200 OK
2026-07-31T16:04:59.922+01:00 DEBUG 45886 --- [TuniRate] [http-nio-8080-exec-1] o.s.web.servlet.DispatcherServlet        : GET "/categories", parameters={}
2026-07-31T16:04:59.922+01:00 DEBUG 45886 --- [TuniRate] [http-nio-8080-exec-1] s.w.s.m.m.a.RequestMappingHandlerMapping : Mapped to tn.anasazx.tunirate.category.controller.CategoryController#getAll()
2026-07-31T16:04:59.922+01:00 DEBUG 45886 --- [TuniRate] [http-nio-8080-exec-3] o.s.w.s.m.m.a.HttpEntityMethodProcessor  : Using 'application/json', given [application/json, text/plain, */*] and supported [application/json, application/*+json]
2026-07-31T16:04:59.924+01:00 DEBUG 45886 --- [TuniRate] [http-nio-8080-exec-3] o.s.w.s.m.m.a.HttpEntityMethodProcessor  : Writing [ProductDetailsResponse[id=39, name=Pochette beauté ciel, description=La trousse qui sublime votre ro (truncated)...]
2026-07-31T16:04:59.924+01:00 DEBUG 45886 --- [TuniRate] [http-nio-8080-exec-1] o.s.w.s.m.m.a.HttpEntityMethodProcessor  : Using 'application/json', given [application/json, text/plain, */*] and supported [application/json, application/*+json]
2026-07-31T16:04:59.926+01:00 DEBUG 45886 --- [TuniRate] [http-nio-8080-exec-1] o.s.w.s.m.m.a.HttpEntityMethodProcessor  : Writing [[CategoryResponse[id=2, name=Beauty]]]
2026-07-31T16:04:59.928+01:00 DEBUG 45886 --- [TuniRate] [http-nio-8080-exec-1] o.s.web.servlet.DispatcherServlet        : Completed 200 OK
2026-07-31T16:04:59.928+01:00 DEBUG 45886 --- [TuniRate] [http-nio-8080-exec-3] o.s.web.servlet.DispatcherServlet        : Completed 200 OK
2026-07-31T16:04:59.933+01:00 DEBUG 45886 --- [TuniRate] [http-nio-8080-exec-6] o.s.web.servlet.DispatcherServlet        : GET "/reviews/product/39?page=0&size=10", parameters={masked}
2026-07-31T16:04:59.936+01:00 DEBUG 45886 --- [TuniRate] [http-nio-8080-exec-6] s.w.s.m.m.a.RequestMappingHandlerMapping : Mapped to tn.anasazx.tunirate.review.controller.ReviewController#getReviewsByProductId(Long, Pageable)
2026-07-31T16:04:59.937+01:00 DEBUG 45886 --- [TuniRate] [http-nio-8080-exec-8] o.s.web.servlet.DispatcherServlet        : GET "/invitations/me", parameters={}
2026-07-31T16:04:59.937+01:00 DEBUG 45886 --- [TuniRate] [http-nio-8080-exec-4] o.s.web.servlet.DispatcherServlet        : GET "/subcategories", parameters={}
2026-07-31T16:04:59.937+01:00 DEBUG 45886 --- [TuniRate] [http-nio-8080-exec-8] s.w.s.m.m.a.RequestMappingHandlerMapping : Mapped to tn.anasazx.tunirate.invitation.controller.CompanyInvitationController#getMyInvitations()
2026-07-31T16:04:59.937+01:00 DEBUG 45886 --- [TuniRate] [http-nio-8080-exec-4] s.w.s.m.m.a.RequestMappingHandlerMapping : Mapped to tn.anasazx.tunirate.subcategory.controller.SubcategoryController#getAll()
2026-07-31T16:04:59.940+01:00 DEBUG 45886 --- [TuniRate] [http-nio-8080-exec-8] o.s.w.s.m.m.a.HttpEntityMethodProcessor  : Using 'application/json', given [application/json, text/plain, */*] and supported [application/json, application/*+json]
2026-07-31T16:04:59.940+01:00 DEBUG 45886 --- [TuniRate] [http-nio-8080-exec-8] o.s.w.s.m.m.a.HttpEntityMethodProcessor  : Writing [[]]
2026-07-31T16:04:59.942+01:00 DEBUG 45886 --- [TuniRate] [http-nio-8080-exec-8] o.s.web.servlet.DispatcherServlet        : Completed 200 OK
2026-07-31T16:04:59.949+01:00 DEBUG 45886 --- [TuniRate] [http-nio-8080-exec-4] o.s.w.s.m.m.a.HttpEntityMethodProcessor  : Using 'application/json', given [application/json, text/plain, */*] and supported [application/json, application/*+json]
2026-07-31T16:04:59.950+01:00 DEBUG 45886 --- [TuniRate] [http-nio-8080-exec-4] o.s.w.s.m.m.a.HttpEntityMethodProcessor  : Writing [[SubcategoryResponse[id=3, name=Skincare, categoryId=2, categoryName=Beauty], SubcategoryResponse[id (truncated)...]
2026-07-31T16:04:59.952+01:00 DEBUG 45886 --- [TuniRate] [http-nio-8080-exec-4] o.s.web.servlet.DispatcherServlet        : Completed 200 OK
2026-07-31T16:04:59.958+01:00 DEBUG 45886 --- [TuniRate] [http-nio-8080-exec-10] o.s.web.servlet.DispatcherServlet        : GET "/subcategories", parameters={}
2026-07-31T16:04:59.958+01:00 DEBUG 45886 --- [TuniRate] [http-nio-8080-exec-10] s.w.s.m.m.a.RequestMappingHandlerMapping : Mapped to tn.anasazx.tunirate.subcategory.controller.SubcategoryController#getAll()
2026-07-31T16:04:59.967+01:00 DEBUG 45886 --- [TuniRate] [http-nio-8080-exec-10] o.s.w.s.m.m.a.HttpEntityMethodProcessor  : Using 'application/json', given [application/json, text/plain, */*] and supported [application/json, application/*+json]
2026-07-31T16:04:59.967+01:00 DEBUG 45886 --- [TuniRate] [http-nio-8080-exec-10] o.s.w.s.m.m.a.HttpEntityMethodProcessor  : Writing [[SubcategoryResponse[id=3, name=Skincare, categoryId=2, categoryName=Beauty], SubcategoryResponse[id (truncated)...]
2026-07-31T16:04:59.968+01:00 DEBUG 45886 --- [TuniRate] [http-nio-8080-exec-10] o.s.web.servlet.DispatcherServlet        : Completed 200 OK
2026-07-31T16:04:59.970+01:00 DEBUG 45886 --- [TuniRate] [http-nio-8080-exec-6] o.s.w.s.m.m.a.HttpEntityMethodProcessor  : Using 'application/json', given [application/json, text/plain, */*] and supported [application/json, application/*+json]
2026-07-31T16:04:59.970+01:00 DEBUG 45886 --- [TuniRate] [http-nio-8080-exec-6] o.s.w.s.m.m.a.HttpEntityMethodProcessor  : Writing [ProductReviewsResponse[myReview=ReviewResponse[id=4, rating=3, content=test with content, user=Minim (truncated)...]
2026-07-31T16:04:59.970+01:00 DEBUG 45886 --- [TuniRate] [http-nio-8080-exec-6] o.s.web.servlet.DispatcherServlet        : Completed 200 OK
2026-07-31T16:05:28.845+01:00 DEBUG 45886 --- [TuniRate] [http-nio-8080-exec-5] o.s.web.servlet.DispatcherServlet        : DELETE "/reviews/4", parameters={}
2026-07-31T16:05:28.846+01:00 DEBUG 45886 --- [TuniRate] [http-nio-8080-exec-5] s.w.s.m.m.a.RequestMappingHandlerMapping : Mapped to tn.anasazx.tunirate.review.controller.ReviewController#deleteReview(Long)
2026-07-31T16:05:28.871+01:00  WARN 45886 --- [TuniRate] [http-nio-8080-exec-5] org.hibernate.orm.jdbc.error             : HHH000247: ErrorCode: 0, SQLState: 23503
2026-07-31T16:05:28.871+01:00  WARN 45886 --- [TuniRate] [http-nio-8080-exec-5] org.hibernate.orm.jdbc.error             : ERROR: update or delete on table "reviews" violates foreign key constraint "fkdpo60i7auk5cudv7kkny8jrqb" on table "comments"
  Detail: Key (id)=(4) is still referenced from table "comments".
2026-07-31T16:05:28.873+01:00 DEBUG 45886 --- [TuniRate] [http-nio-8080-exec-5] o.s.web.servlet.DispatcherServlet        : Failed to complete request: org.springframework.dao.DataIntegrityViolationException: could not execute statement [ERROR: update or delete on table "reviews" violates foreign key constraint "fkdpo60i7auk5cudv7kkny8jrqb" on table "comments"
  Detail: Key (id)=(4) is still referenced from table "comments".] [delete from reviews where id=?]; SQL [delete from reviews where id=?]; constraint [fkdpo60i7auk5cudv7kkny8jrqb]
2026-07-31T16:05:28.873+01:00 ERROR 45886 --- [TuniRate] [http-nio-8080-exec-5] o.a.c.c.C.[.[.[/].[dispatcherServlet]    : Servlet.service() for servlet [dispatcherServlet] in context with path [] threw exception [Request processing failed: org.springframework.dao.DataIntegrityViolationException: could not execute statement [ERROR: update or delete on table "reviews" violates foreign key constraint "fkdpo60i7auk5cudv7kkny8jrqb" on table "comments"
  Detail: Key (id)=(4) is still referenced from table "comments".] [delete from reviews where id=?]; SQL [delete from reviews where id=?]; constraint [fkdpo60i7auk5cudv7kkny8jrqb]] with root cause

org.postgresql.util.PSQLException: ERROR: update or delete on table "reviews" violates foreign key constraint "fkdpo60i7auk5cudv7kkny8jrqb" on table "comments"
  Detail: Key (id)=(4) is still referenced from table "comments".
	at org.postgresql.core.v3.QueryExecutorImpl.receiveErrorResponse(QueryExecutorImpl.java:2875) ~[postgresql-42.7.10.jar:42.7.10]
	at org.postgresql.core.v3.QueryExecutorImpl.processResults(QueryExecutorImpl.java:2560) ~[postgresql-42.7.10.jar:42.7.10]
	at org.postgresql.core.v3.QueryExecutorImpl.execute(QueryExecutorImpl.java:429) ~[postgresql-42.7.10.jar:42.7.10]
	at org.postgresql.jdbc.PgStatement.executeInternal(PgStatement.java:526) ~[postgresql-42.7.10.jar:42.7.10]
	at org.postgresql.jdbc.PgStatement.execute(PgStatement.java:436) ~[postgresql-42.7.10.jar:42.7.10]
	at org.postgresql.jdbc.PgPreparedStatement.executeWithFlags(PgPreparedStatement.java:196) ~[postgresql-42.7.10.jar:42.7.10]
	at org.postgresql.jdbc.PgPreparedStatement.executeUpdate(PgPreparedStatement.java:157) ~[postgresql-42.7.10.jar:42.7.10]
	at com.zaxxer.hikari.pool.ProxyPreparedStatement.executeUpdate(ProxyPreparedStatement.java:61) ~[HikariCP-7.0.2.jar:na]
	at com.zaxxer.hikari.pool.HikariProxyPreparedStatement.executeUpdate(HikariProxyPreparedStatement.java) ~[HikariCP-7.0.2.jar:na]
	at org.hibernate.engine.jdbc.internal.ResultSetReturnImpl.executeUpdate(ResultSetReturnImpl.java:181) ~[hibernate-core-7.2.12.Final.jar:7.2.12.Final]
	at org.hibernate.engine.jdbc.mutation.internal.AbstractMutationExecutor.performNonBatchedMutation(AbstractMutationExecutor.java:145) ~[hibernate-core-7.2.12.Final.jar:7.2.12.Final]
	at org.hibernate.engine.jdbc.mutation.internal.MutationExecutorSingleNonBatched.performNonBatchedOperations(MutationExecutorSingleNonBatched.java:53) ~[hibernate-core-7.2.12.Final.jar:7.2.12.Final]
	at org.hibernate.engine.jdbc.mutation.internal.AbstractMutationExecutor.execute(AbstractMutationExecutor.java:66) ~[hibernate-core-7.2.12.Final.jar:7.2.12.Final]
	at org.hibernate.persister.entity.mutation.AbstractDeleteCoordinator.doStaticDelete(AbstractDeleteCoordinator.java:268) ~[hibernate-core-7.2.12.Final.jar:7.2.12.Final]
	at org.hibernate.persister.entity.mutation.AbstractDeleteCoordinator.delete(AbstractDeleteCoordinator.java:79) ~[hibernate-core-7.2.12.Final.jar:7.2.12.Final]
	at org.hibernate.action.internal.EntityDeleteAction.execute(EntityDeleteAction.java:119) ~[hibernate-core-7.2.12.Final.jar:7.2.12.Final]
	at org.hibernate.engine.spi.ActionQueue.executeActions(ActionQueue.java:634) ~[hibernate-core-7.2.12.Final.jar:7.2.12.Final]
	at org.hibernate.engine.spi.ActionQueue.executeActions(ActionQueue.java:505) ~[hibernate-core-7.2.12.Final.jar:7.2.12.Final]
	at org.hibernate.event.internal.AbstractFlushingEventListener.performExecutions(AbstractFlushingEventListener.java:381) ~[hibernate-core-7.2.12.Final.jar:7.2.12.Final]
	at org.hibernate.event.internal.DefaultFlushEventListener.onFlush(DefaultFlushEventListener.java:40) ~[hibernate-core-7.2.12.Final.jar:7.2.12.Final]
	at org.hibernate.event.service.internal.EventListenerGroupImpl.fireEventOnEachListener(EventListenerGroupImpl.java:138) ~[hibernate-core-7.2.12.Final.jar:7.2.12.Final]
	at org.hibernate.internal.SessionImpl.fireFlush(SessionImpl.java:1484) ~[hibernate-core-7.2.12.Final.jar:7.2.12.Final]
	at org.hibernate.internal.SessionImpl.flush(SessionImpl.java:1472) ~[hibernate-core-7.2.12.Final.jar:7.2.12.Final]
	at org.hibernate.query.sql.internal.NativeQueryImpl.prepareForExecution(NativeQueryImpl.java:726) ~[hibernate-core-7.2.12.Final.jar:7.2.12.Final]
	at org.hibernate.query.spi.AbstractSelectionQuery.beforeQuery(AbstractSelectionQuery.java:182) ~[hibernate-core-7.2.12.Final.jar:7.2.12.Final]
	at org.hibernate.query.spi.AbstractSelectionQuery.beforeQueryHandlingFetchProfiles(AbstractSelectionQuery.java:169) ~[hibernate-core-7.2.12.Final.jar:7.2.12.Final]
	at org.hibernate.query.spi.AbstractQuery.executeUpdate(AbstractQuery.java:639) ~[hibernate-core-7.2.12.Final.jar:7.2.12.Final]
	at org.springframework.data.jpa.repository.query.JpaQueryExecution$ModifyingExecution.doExecute(JpaQueryExecution.java:373) ~[spring-data-jpa-4.0.5.jar:4.0.5]
	at org.springframework.data.jpa.repository.query.JpaQueryExecution.execute(JpaQueryExecution.java:99) ~[spring-data-jpa-4.0.5.jar:4.0.5]
	at org.springframework.data.jpa.repository.query.AbstractJpaQuery.doExecute(AbstractJpaQuery.java:164) ~[spring-data-jpa-4.0.5.jar:4.0.5]
	at org.springframework.data.jpa.repository.query.AbstractJpaQuery.execute(AbstractJpaQuery.java:154) ~[spring-data-jpa-4.0.5.jar:4.0.5]
	at org.springframework.data.repository.core.support.RepositoryMethodInvoker.doInvoke(RepositoryMethodInvoker.java:169) ~[spring-data-commons-4.0.5.jar:4.0.5]
	at org.springframework.data.repository.core.support.RepositoryMethodInvoker.invoke(RepositoryMethodInvoker.java:158) ~[spring-data-commons-4.0.5.jar:4.0.5]
	at org.springframework.data.repository.core.support.QueryExecutorMethodInterceptor.doInvoke(QueryExecutorMethodInterceptor.java:167) ~[spring-data-commons-4.0.5.jar:4.0.5]
	at org.springframework.data.repository.core.support.QueryExecutorMethodInterceptor.invoke(QueryExecutorMethodInterceptor.java:146) ~[spring-data-commons-4.0.5.jar:4.0.5]
	at org.springframework.aop.framework.ReflectiveMethodInvocation.proceed(ReflectiveMethodInvocation.java:179) ~[spring-aop-7.0.7.jar:7.0.7]
	at org.springframework.data.projection.DefaultMethodInvokingMethodInterceptor.invoke(DefaultMethodInvokingMethodInterceptor.java:69) ~[spring-data-commons-4.0.5.jar:4.0.5]
	at org.springframework.aop.framework.ReflectiveMethodInvocation.proceed(ReflectiveMethodInvocation.java:179) ~[spring-aop-7.0.7.jar:7.0.7]
	at org.springframework.transaction.interceptor.TransactionInterceptor$1.proceedWithInvocation(TransactionInterceptor.java:133) ~[spring-tx-7.0.7.jar:7.0.7]
	at org.springframework.transaction.interceptor.TransactionAspectSupport.invokeWithinTransaction(TransactionAspectSupport.java:371) ~[spring-tx-7.0.7.jar:7.0.7]
	at org.springframework.transaction.interceptor.TransactionInterceptor.invoke(TransactionInterceptor.java:130) ~[spring-tx-7.0.7.jar:7.0.7]
	at org.springframework.aop.framework.ReflectiveMethodInvocation.proceed(ReflectiveMethodInvocation.java:179) ~[spring-aop-7.0.7.jar:7.0.7]
	at org.springframework.dao.support.PersistenceExceptionTranslationInterceptor.invoke(PersistenceExceptionTranslationInterceptor.java:135) ~[spring-tx-7.0.7.jar:7.0.7]
	at org.springframework.aop.framework.ReflectiveMethodInvocation.proceed(ReflectiveMethodInvocation.java:179) ~[spring-aop-7.0.7.jar:7.0.7]
	at org.springframework.data.jpa.repository.support.CrudMethodMetadataPostProcessor$CrudMethodMetadataPopulatingMethodInterceptor.invoke(CrudMethodMetadataPostProcessor.java:137) ~[spring-data-jpa-4.0.5.jar:4.0.5]
	at org.springframework.aop.framework.ReflectiveMethodInvocation.proceed(ReflectiveMethodInvocation.java:179) ~[spring-aop-7.0.7.jar:7.0.7]
	at org.springframework.aop.framework.JdkDynamicAopProxy.invoke(JdkDynamicAopProxy.java:222) ~[spring-aop-7.0.7.jar:7.0.7]
	at jdk.proxy2/jdk.proxy2.$Proxy174.recalculateReviewStats(Unknown Source) ~[na:na]
	at tn.anasazx.tunirate.review.service.implementation.ReviewServiceImpl.deleteReview(ReviewServiceImpl.java:121) ~[classes/:na]
	at java.base/jdk.internal.reflect.DirectMethodHandleAccessor.invoke(DirectMethodHandleAccessor.java:103) ~[na:na]
	at java.base/java.lang.reflect.Method.invoke(Method.java:580) ~[na:na]
	at org.springframework.aop.support.AopUtils.invokeJoinpointUsingReflection(AopUtils.java:359) ~[spring-aop-7.0.7.jar:7.0.7]
	at org.springframework.aop.framework.ReflectiveMethodInvocation.invokeJoinpoint(ReflectiveMethodInvocation.java:190) ~[spring-aop-7.0.7.jar:7.0.7]
	at org.springframework.aop.framework.ReflectiveMethodInvocation.proceed(ReflectiveMethodInvocation.java:158) ~[spring-aop-7.0.7.jar:7.0.7]
	at org.springframework.transaction.interceptor.TransactionInterceptor$1.proceedWithInvocation(TransactionInterceptor.java:133) ~[spring-tx-7.0.7.jar:7.0.7]
	at org.springframework.transaction.interceptor.TransactionAspectSupport.invokeWithinTransaction(TransactionAspectSupport.java:371) ~[spring-tx-7.0.7.jar:7.0.7]
	at org.springframework.transaction.interceptor.TransactionInterceptor.invoke(TransactionInterceptor.java:130) ~[spring-tx-7.0.7.jar:7.0.7]
	at org.springframework.aop.framework.ReflectiveMethodInvocation.proceed(ReflectiveMethodInvocation.java:179) ~[spring-aop-7.0.7.jar:7.0.7]
	at org.springframework.aop.framework.CglibAopProxy$DynamicAdvisedInterceptor.intercept(CglibAopProxy.java:719) ~[spring-aop-7.0.7.jar:7.0.7]
	at tn.anasazx.tunirate.review.service.implementation.ReviewServiceImpl$$SpringCGLIB$$0.deleteReview(<generated>) ~[classes/:na]
	at tn.anasazx.tunirate.review.controller.ReviewController.deleteReview(ReviewController.java:81) ~[classes/:na]
	at java.base/jdk.internal.reflect.DirectMethodHandleAccessor.invoke(DirectMethodHandleAccessor.java:103) ~[na:na]
	at java.base/java.lang.reflect.Method.invoke(Method.java:580) ~[na:na]
	at org.springframework.aop.support.AopUtils.invokeJoinpointUsingReflection(AopUtils.java:359) ~[spring-aop-7.0.7.jar:7.0.7]
	at org.springframework.aop.framework.CglibAopProxy$DynamicAdvisedInterceptor.intercept(CglibAopProxy.java:715) ~[spring-aop-7.0.7.jar:7.0.7]
	at tn.anasazx.tunirate.review.controller.ReviewController$$SpringCGLIB$$0.deleteReview(<generated>) ~[classes/:na]
	at java.base/jdk.internal.reflect.DirectMethodHandleAccessor.invoke(DirectMethodHandleAccessor.java:103) ~[na:na]
	at java.base/java.lang.reflect.Method.invoke(Method.java:580) ~[na:na]
	at org.springframework.web.method.support.InvocableHandlerMethod.doInvoke(InvocableHandlerMethod.java:252) ~[spring-web-7.0.7.jar:7.0.7]
	at org.springframework.web.method.support.InvocableHandlerMethod.invokeForRequest(InvocableHandlerMethod.java:184) ~[spring-web-7.0.7.jar:7.0.7]
	at org.springframework.web.servlet.mvc.method.annotation.ServletInvocableHandlerMethod.invokeAndHandle(ServletInvocableHandlerMethod.java:117) ~[spring-webmvc-7.0.7.jar:7.0.7]
	at org.springframework.web.servlet.mvc.method.annotation.RequestMappingHandlerAdapter.invokeHandlerMethod(RequestMappingHandlerAdapter.java:934) ~[spring-webmvc-7.0.7.jar:7.0.7]
	at org.springframework.web.servlet.mvc.method.annotation.RequestMappingHandlerAdapter.handleInternal(RequestMappingHandlerAdapter.java:853) ~[spring-webmvc-7.0.7.jar:7.0.7]
	at org.springframework.web.servlet.mvc.method.AbstractHandlerMethodAdapter.handle(AbstractHandlerMethodAdapter.java:86) ~[spring-webmvc-7.0.7.jar:7.0.7]
	at org.springframework.web.servlet.DispatcherServlet.doDispatch(DispatcherServlet.java:963) ~[spring-webmvc-7.0.7.jar:7.0.7]
	at org.springframework.web.servlet.DispatcherServlet.doService(DispatcherServlet.java:866) ~[spring-webmvc-7.0.7.jar:7.0.7]
	at org.springframework.web.servlet.FrameworkServlet.processRequest(FrameworkServlet.java:1000) ~[spring-webmvc-7.0.7.jar:7.0.7]
	at org.springframework.web.servlet.FrameworkServlet.doDelete(FrameworkServlet.java:925) ~[spring-webmvc-7.0.7.jar:7.0.7]
	at jakarta.servlet.http.HttpServlet.service(HttpServlet.java:651) ~[tomcat-embed-core-11.0.21.jar:6.1]
	at org.springframework.web.servlet.FrameworkServlet.service(FrameworkServlet.java:874) ~[spring-webmvc-7.0.7.jar:7.0.7]
	at jakarta.servlet.http.HttpServlet.service(HttpServlet.java:710) ~[tomcat-embed-core-11.0.21.jar:6.1]
	at org.apache.catalina.core.ApplicationFilterChain.doFilter(ApplicationFilterChain.java:128) ~[tomcat-embed-core-11.0.21.jar:11.0.21]
	at org.apache.tomcat.websocket.server.WsFilter.doFilter(WsFilter.java:53) ~[tomcat-embed-websocket-11.0.21.jar:11.0.21]
	at org.apache.catalina.core.ApplicationFilterChain.doFilter(ApplicationFilterChain.java:107) ~[tomcat-embed-core-11.0.21.jar:11.0.21]
	at org.springframework.web.filter.OncePerRequestFilter.doFilter(OncePerRequestFilter.java:110) ~[spring-web-7.0.7.jar:7.0.7]
	at org.apache.catalina.core.ApplicationFilterChain.doFilter(ApplicationFilterChain.java:107) ~[tomcat-embed-core-11.0.21.jar:11.0.21]
	at org.springframework.web.filter.CompositeFilter$VirtualFilterChain.doFilter(CompositeFilter.java:108) ~[spring-web-7.0.7.jar:7.0.7]
	at org.springframework.security.web.FilterChainProxy.lambda$doFilterInternal$3(FilterChainProxy.java:235) ~[spring-security-web-7.0.5.jar:7.0.5]
	at org.springframework.security.web.FilterChainProxy$VirtualFilterChain.doFilter(FilterChainProxy.java:376) ~[spring-security-web-7.0.5.jar:7.0.5]
	at org.springframework.security.web.access.intercept.AuthorizationFilter.doFilter(AuthorizationFilter.java:101) ~[spring-security-web-7.0.5.jar:7.0.5]
	at org.springframework.security.web.FilterChainProxy$VirtualFilterChain.doFilter(FilterChainProxy.java:385) ~[spring-security-web-7.0.5.jar:7.0.5]
	at org.springframework.security.web.access.ExceptionTranslationFilter.doFilter(ExceptionTranslationFilter.java:126) ~[spring-security-web-7.0.5.jar:7.0.5]
	at org.springframework.security.web.access.ExceptionTranslationFilter.doFilter(ExceptionTranslationFilter.java:120) ~[spring-security-web-7.0.5.jar:7.0.5]
	at org.springframework.security.web.FilterChainProxy$VirtualFilterChain.doFilter(FilterChainProxy.java:385) ~[spring-security-web-7.0.5.jar:7.0.5]
	at org.springframework.security.web.session.SessionManagementFilter.doFilter(SessionManagementFilter.java:132) ~[spring-security-web-7.0.5.jar:7.0.5]
	at org.springframework.security.web.session.SessionManagementFilter.doFilter(SessionManagementFilter.java:86) ~[spring-security-web-7.0.5.jar:7.0.5]
	at org.springframework.security.web.FilterChainProxy$VirtualFilterChain.doFilter(FilterChainProxy.java:385) ~[spring-security-web-7.0.5.jar:7.0.5]
	at org.springframework.security.web.authentication.AnonymousAuthenticationFilter.doFilter(AnonymousAuthenticationFilter.java:100) ~[spring-security-web-7.0.5.jar:7.0.5]
	at org.springframework.security.web.FilterChainProxy$VirtualFilterChain.doFilter(FilterChainProxy.java:385) ~[spring-security-web-7.0.5.jar:7.0.5]
	at org.springframework.security.web.servletapi.SecurityContextHolderAwareRequestFilter.doFilter(SecurityContextHolderAwareRequestFilter.java:181) ~[spring-security-web-7.0.5.jar:7.0.5]
	at org.springframework.security.web.FilterChainProxy$VirtualFilterChain.doFilter(FilterChainProxy.java:385) ~[spring-security-web-7.0.5.jar:7.0.5]
	at org.springframework.security.web.savedrequest.RequestCacheAwareFilter.doFilter(RequestCacheAwareFilter.java:63) ~[spring-security-web-7.0.5.jar:7.0.5]
	at org.springframework.security.web.FilterChainProxy$VirtualFilterChain.doFilter(FilterChainProxy.java:385) ~[spring-security-web-7.0.5.jar:7.0.5]
	at tn.anasazx.tunirate.security.JwtAuthFilter.doFilterInternal(JwtAuthFilter.java:69) ~[classes/:na]
	at org.springframework.web.filter.OncePerRequestFilter.doFilter(OncePerRequestFilter.java:116) ~[spring-web-7.0.7.jar:7.0.7]
	at org.springframework.security.web.FilterChainProxy$VirtualFilterChain.doFilter(FilterChainProxy.java:385) ~[spring-security-web-7.0.5.jar:7.0.5]
	at org.springframework.security.web.authentication.logout.LogoutFilter.doFilter(LogoutFilter.java:110) ~[spring-security-web-7.0.5.jar:7.0.5]
	at org.springframework.security.web.authentication.logout.LogoutFilter.doFilter(LogoutFilter.java:96) ~[spring-security-web-7.0.5.jar:7.0.5]
	at org.springframework.security.web.FilterChainProxy$VirtualFilterChain.doFilter(FilterChainProxy.java:385) ~[spring-security-web-7.0.5.jar:7.0.5]
	at org.springframework.web.filter.CorsFilter.doFilterInternal(CorsFilter.java:91) ~[spring-web-7.0.7.jar:7.0.7]
	at org.springframework.web.filter.OncePerRequestFilter.doFilter(OncePerRequestFilter.java:116) ~[spring-web-7.0.7.jar:7.0.7]
	at org.springframework.security.web.FilterChainProxy$VirtualFilterChain.doFilter(FilterChainProxy.java:385) ~[spring-security-web-7.0.5.jar:7.0.5]
	at org.springframework.security.web.header.HeaderWriterFilter.doHeadersAfter(HeaderWriterFilter.java:90) ~[spring-security-web-7.0.5.jar:7.0.5]
	at org.springframework.security.web.header.HeaderWriterFilter.doFilterInternal(HeaderWriterFilter.java:75) ~[spring-security-web-7.0.5.jar:7.0.5]
	at org.springframework.web.filter.OncePerRequestFilter.doFilter(OncePerRequestFilter.java:116) ~[spring-web-7.0.7.jar:7.0.7]
	at org.springframework.security.web.FilterChainProxy$VirtualFilterChain.doFilter(FilterChainProxy.java:385) ~[spring-security-web-7.0.5.jar:7.0.5]
	at org.springframework.security.web.context.SecurityContextHolderFilter.doFilter(SecurityContextHolderFilter.java:82) ~[spring-security-web-7.0.5.jar:7.0.5]
	at org.springframework.security.web.context.SecurityContextHolderFilter.doFilter(SecurityContextHolderFilter.java:69) ~[spring-security-web-7.0.5.jar:7.0.5]
	at org.springframework.security.web.FilterChainProxy$VirtualFilterChain.doFilter(FilterChainProxy.java:385) ~[spring-security-web-7.0.5.jar:7.0.5]
	at org.springframework.security.web.context.request.async.WebAsyncManagerIntegrationFilter.doFilterInternal(WebAsyncManagerIntegrationFilter.java:62) ~[spring-security-web-7.0.5.jar:7.0.5]
	at org.springframework.web.filter.OncePerRequestFilter.doFilter(OncePerRequestFilter.java:116) ~[spring-web-7.0.7.jar:7.0.7]
	at org.springframework.security.web.FilterChainProxy$VirtualFilterChain.doFilter(FilterChainProxy.java:385) ~[spring-security-web-7.0.5.jar:7.0.5]
	at org.springframework.security.web.session.DisableEncodeUrlFilter.doFilterInternal(DisableEncodeUrlFilter.java:42) ~[spring-security-web-7.0.5.jar:7.0.5]
	at org.springframework.web.filter.OncePerRequestFilter.doFilter(OncePerRequestFilter.java:116) ~[spring-web-7.0.7.jar:7.0.7]
	at org.springframework.security.web.FilterChainProxy$VirtualFilterChain.doFilter(FilterChainProxy.java:385) ~[spring-security-web-7.0.5.jar:7.0.5]
	at org.springframework.security.web.FilterChainProxy.doFilterInternal(FilterChainProxy.java:237) ~[spring-security-web-7.0.5.jar:7.0.5]
	at org.springframework.security.web.FilterChainProxy.doFilter(FilterChainProxy.java:195) ~[spring-security-web-7.0.5.jar:7.0.5]
	at org.springframework.web.filter.CompositeFilter$VirtualFilterChain.doFilter(CompositeFilter.java:113) ~[spring-web-7.0.7.jar:7.0.7]
	at org.springframework.web.filter.ServletRequestPathFilter.doFilter(ServletRequestPathFilter.java:52) ~[spring-web-7.0.7.jar:7.0.7]
	at org.springframework.web.filter.CompositeFilter$VirtualFilterChain.doFilter(CompositeFilter.java:113) ~[spring-web-7.0.7.jar:7.0.7]
	at org.springframework.web.filter.CompositeFilter.doFilter(CompositeFilter.java:74) ~[spring-web-7.0.7.jar:7.0.7]
	at org.springframework.security.config.annotation.web.configuration.WebSecurityConfiguration$CompositeFilterChainProxy.doFilter(WebSecurityConfiguration.java:317) ~[spring-security-config-7.0.5.jar:7.0.5]
	at org.springframework.web.filter.DelegatingFilterProxy.invokeDelegate(DelegatingFilterProxy.java:355) ~[spring-web-7.0.7.jar:7.0.7]
	at org.springframework.web.filter.DelegatingFilterProxy.doFilter(DelegatingFilterProxy.java:272) ~[spring-web-7.0.7.jar:7.0.7]
	at org.apache.catalina.core.ApplicationFilterChain.doFilter(ApplicationFilterChain.java:107) ~[tomcat-embed-core-11.0.21.jar:11.0.21]
	at org.springframework.web.filter.RequestContextFilter.doFilterInternal(RequestContextFilter.java:100) ~[spring-web-7.0.7.jar:7.0.7]
	at org.springframework.web.filter.OncePerRequestFilter.doFilter(OncePerRequestFilter.java:116) ~[spring-web-7.0.7.jar:7.0.7]
	at org.apache.catalina.core.ApplicationFilterChain.doFilter(ApplicationFilterChain.java:107) ~[tomcat-embed-core-11.0.21.jar:11.0.21]
	at org.springframework.web.filter.FormContentFilter.doFilterInternal(FormContentFilter.java:93) ~[spring-web-7.0.7.jar:7.0.7]
	at org.springframework.web.filter.OncePerRequestFilter.doFilter(OncePerRequestFilter.java:116) ~[spring-web-7.0.7.jar:7.0.7]
	at org.apache.catalina.core.ApplicationFilterChain.doFilter(ApplicationFilterChain.java:107) ~[tomcat-embed-core-11.0.21.jar:11.0.21]
	at org.springframework.web.filter.CharacterEncodingFilter.doFilterInternal(CharacterEncodingFilter.java:199) ~[spring-web-7.0.7.jar:7.0.7]
	at org.springframework.web.filter.OncePerRequestFilter.doFilter(OncePerRequestFilter.java:116) ~[spring-web-7.0.7.jar:7.0.7]
	at org.apache.catalina.core.ApplicationFilterChain.doFilter(ApplicationFilterChain.java:107) ~[tomcat-embed-core-11.0.21.jar:11.0.21]
	at org.apache.catalina.core.StandardWrapperValve.invoke(StandardWrapperValve.java:165) ~[tomcat-embed-core-11.0.21.jar:11.0.21]
	at org.apache.catalina.core.StandardContextValve.invoke(StandardContextValve.java:77) ~[tomcat-embed-core-11.0.21.jar:11.0.21]
	at org.apache.catalina.authenticator.AuthenticatorBase.invoke(AuthenticatorBase.java:492) ~[tomcat-embed-core-11.0.21.jar:11.0.21]
	at org.apache.catalina.core.StandardHostValve.invoke(StandardHostValve.java:113) ~[tomcat-embed-core-11.0.21.jar:11.0.21]
	at org.apache.catalina.valves.ErrorReportValve.invoke(ErrorReportValve.java:83) ~[tomcat-embed-core-11.0.21.jar:11.0.21]
	at org.apache.catalina.core.StandardEngineValve.invoke(StandardEngineValve.java:72) ~[tomcat-embed-core-11.0.21.jar:11.0.21]
	at org.apache.catalina.connector.CoyoteAdapter.service(CoyoteAdapter.java:341) ~[tomcat-embed-core-11.0.21.jar:11.0.21]
	at org.apache.coyote.http11.Http11Processor.service(Http11Processor.java:397) ~[tomcat-embed-core-11.0.21.jar:11.0.21]
	at org.apache.coyote.AbstractProcessorLight.process(AbstractProcessorLight.java:63) ~[tomcat-embed-core-11.0.21.jar:11.0.21]
	at org.apache.coyote.AbstractProtocol$ConnectionHandler.process(AbstractProtocol.java:903) ~[tomcat-embed-core-11.0.21.jar:11.0.21]
	at org.apache.tomcat.util.net.NioEndpoint$SocketProcessor.doRun(NioEndpoint.java:1801) ~[tomcat-embed-core-11.0.21.jar:11.0.21]
	at org.apache.tomcat.util.net.SocketProcessorBase.run(SocketProcessorBase.java:52) ~[tomcat-embed-core-11.0.21.jar:11.0.21]
	at org.apache.tomcat.util.threads.ThreadPoolExecutor.runWorker(ThreadPoolExecutor.java:946) ~[tomcat-embed-core-11.0.21.jar:11.0.21]
	at org.apache.tomcat.util.threads.ThreadPoolExecutor$Worker.run(ThreadPoolExecutor.java:480) ~[tomcat-embed-core-11.0.21.jar:11.0.21]
	at org.apache.tomcat.util.threads.TaskThread$WrappingRunnable.run(TaskThread.java:57) ~[tomcat-embed-core-11.0.21.jar:11.0.21]
	at java.base/java.lang.Thread.run(Thread.java:1583) ~[na:na]

2026-07-31T16:05:38.651+01:00  INFO 51542 --- [TuniRate] [main] t.anasazx.tunirate.TuniRateApplication   : Starting TuniRateApplication using Java 21.0.8 with PID 51542 (/Users/anasaz/Dev/revision/TuniRate/target/classes started by anasaz in /Users/anasaz/Dev/revision/TuniRate)
2026-07-31T16:05:38.652+01:00 DEBUG 51542 --- [TuniRate] [main] t.anasazx.tunirate.TuniRateApplication   : Running with Spring Boot v4.0.6, Spring v7.0.7
2026-07-31T16:05:38.653+01:00  INFO 51542 --- [TuniRate] [main] t.anasazx.tunirate.TuniRateApplication   : No active profile set, falling back to 1 default profile: "default"
2026-07-31T16:05:39.677+01:00 DEBUG 51542 --- [TuniRate] [main] t.a.tunirate.security.JwtAuthFilter      : Filter 'jwtAuthFilter' configured for use
2026-07-31T16:05:42.283+01:00  WARN 51542 --- [TuniRate] [main] JpaBaseConfiguration$JpaWebConfiguration : spring.jpa.open-in-view is enabled by default. Therefore, database queries may be performed during view rendering. Explicitly configure spring.jpa.open-in-view to disable this warning
2026-07-31T16:05:42.352+01:00  WARN 51542 --- [TuniRate] [main] .s.a.UserDetailsServiceAutoConfiguration : 

Using generated security password: 00c6655c-c65b-4fd5-aa49-171563238324

This generated password is for development use only. Your security configuration must be updated before running your application in production.

2026-07-31T16:05:42.545+01:00 DEBUG 51542 --- [TuniRate] [main] s.w.s.m.m.a.RequestMappingHandlerMapping : 93 mappings in 'requestMappingHandlerMapping'
2026-07-31T16:05:42.580+01:00 DEBUG 51542 --- [TuniRate] [main] o.s.w.s.handler.SimpleUrlHandlerMapping  : Patterns [/webjars/**, /**, /uploads/**] in 'resourceHandlerMapping'
2026-07-31T16:05:42.604+01:00 DEBUG 51542 --- [TuniRate] [main] s.w.s.m.m.a.RequestMappingHandlerAdapter : ControllerAdvice beans: 0 @ModelAttribute, 0 @InitBinder, 2 RequestBodyAdvice, 1 ResponseBodyAdvice
2026-07-31T16:05:42.651+01:00 DEBUG 51542 --- [TuniRate] [main] .m.m.a.ExceptionHandlerExceptionResolver : ControllerAdvice beans: 0 @ExceptionHandler, 1 ResponseBodyAdvice
2026-07-31T16:05:42.786+01:00  INFO 51542 --- [TuniRate] [main] t.anasazx.tunirate.TuniRateApplication   : Started TuniRateApplication in 4.48 seconds (process running for 5.341)
2026-07-31T16:05:48.400+01:00  INFO 51542 --- [TuniRate] [http-nio-8080-exec-1] o.s.web.servlet.DispatcherServlet        : Initializing Servlet 'dispatcherServlet'
2026-07-31T16:05:48.400+01:00 DEBUG 51542 --- [TuniRate] [http-nio-8080-exec-1] o.s.web.servlet.DispatcherServlet        : Detected StandardServletMultipartResolver
2026-07-31T16:05:48.400+01:00 DEBUG 51542 --- [TuniRate] [http-nio-8080-exec-1] o.s.web.servlet.DispatcherServlet        : Detected AcceptHeaderLocaleResolver
2026-07-31T16:05:48.402+01:00 DEBUG 51542 --- [TuniRate] [http-nio-8080-exec-1] o.s.web.servlet.DispatcherServlet        : Detected org.springframework.web.servlet.view.DefaultRequestToViewNameTranslator@6ffd0aa8
2026-07-31T16:05:48.402+01:00 DEBUG 51542 --- [TuniRate] [http-nio-8080-exec-1] o.s.web.servlet.DispatcherServlet        : Detected org.springframework.web.servlet.support.SessionFlashMapManager@754f951a
2026-07-31T16:05:48.402+01:00 DEBUG 51542 --- [TuniRate] [http-nio-8080-exec-1] o.s.web.servlet.DispatcherServlet        : enableLoggingRequestDetails='false': request parameters and headers will be masked to prevent unsafe logging of potentially sensitive data
2026-07-31T16:05:48.402+01:00  INFO 51542 --- [TuniRate] [http-nio-8080-exec-1] o.s.web.servlet.DispatcherServlet        : Completed initialization in 2 ms
2026-07-31T16:05:48.460+01:00 DEBUG 51542 --- [TuniRate] [http-nio-8080-exec-2] o.s.web.servlet.DispatcherServlet        : DELETE "/reviews/4", parameters={}
2026-07-31T16:05:48.464+01:00 DEBUG 51542 --- [TuniRate] [http-nio-8080-exec-2] s.w.s.m.m.a.RequestMappingHandlerMapping : Mapped to tn.anasazx.tunirate.review.controller.ReviewController#deleteReview(Long)
2026-07-31T16:05:48.588+01:00  WARN 51542 --- [TuniRate] [http-nio-8080-exec-2] org.hibernate.orm.jdbc.error             : HHH000247: ErrorCode: 0, SQLState: 23503
2026-07-31T16:05:48.588+01:00  WARN 51542 --- [TuniRate] [http-nio-8080-exec-2] org.hibernate.orm.jdbc.error             : ERROR: update or delete on table "reviews" violates foreign key constraint "fkdpo60i7auk5cudv7kkny8jrqb" on table "comments"
  Detail: Key (id)=(4) is still referenced from table "comments".
2026-07-31T16:05:48.595+01:00 DEBUG 51542 --- [TuniRate] [http-nio-8080-exec-2] o.s.web.servlet.DispatcherServlet        : Failed to complete request: org.springframework.dao.DataIntegrityViolationException: could not execute statement [ERROR: update or delete on table "reviews" violates foreign key constraint "fkdpo60i7auk5cudv7kkny8jrqb" on table "comments"
  Detail: Key (id)=(4) is still referenced from table "comments".] [delete from reviews where id=?]; SQL [delete from reviews where id=?]; constraint [fkdpo60i7auk5cudv7kkny8jrqb]
2026-07-31T16:05:48.597+01:00 ERROR 51542 --- [TuniRate] [http-nio-8080-exec-2] o.a.c.c.C.[.[.[/].[dispatcherServlet]    : Servlet.service() for servlet [dispatcherServlet] in context with path [] threw exception [Request processing failed: org.springframework.dao.DataIntegrityViolationException: could not execute statement [ERROR: update or delete on table "reviews" violates foreign key constraint "fkdpo60i7auk5cudv7kkny8jrqb" on table "comments"
  Detail: Key (id)=(4) is still referenced from table "comments".] [delete from reviews where id=?]; SQL [delete from reviews where id=?]; constraint [fkdpo60i7auk5cudv7kkny8jrqb]] with root cause

org.postgresql.util.PSQLException: ERROR: update or delete on table "reviews" violates foreign key constraint "fkdpo60i7auk5cudv7kkny8jrqb" on table "comments"
  Detail: Key (id)=(4) is still referenced from table "comments".
	at org.postgresql.core.v3.QueryExecutorImpl.receiveErrorResponse(QueryExecutorImpl.java:2875) ~[postgresql-42.7.10.jar:42.7.10]
	at org.postgresql.core.v3.QueryExecutorImpl.processResults(QueryExecutorImpl.java:2560) ~[postgresql-42.7.10.jar:42.7.10]
	at org.postgresql.core.v3.QueryExecutorImpl.execute(QueryExecutorImpl.java:429) ~[postgresql-42.7.10.jar:42.7.10]
	at org.postgresql.jdbc.PgStatement.executeInternal(PgStatement.java:526) ~[postgresql-42.7.10.jar:42.7.10]
	at org.postgresql.jdbc.PgStatement.execute(PgStatement.java:436) ~[postgresql-42.7.10.jar:42.7.10]
	at org.postgresql.jdbc.PgPreparedStatement.executeWithFlags(PgPreparedStatement.java:196) ~[postgresql-42.7.10.jar:42.7.10]
	at org.postgresql.jdbc.PgPreparedStatement.executeUpdate(PgPreparedStatement.java:157) ~[postgresql-42.7.10.jar:42.7.10]
	at com.zaxxer.hikari.pool.ProxyPreparedStatement.executeUpdate(ProxyPreparedStatement.java:61) ~[HikariCP-7.0.2.jar:na]
	at com.zaxxer.hikari.pool.HikariProxyPreparedStatement.executeUpdate(HikariProxyPreparedStatement.java) ~[HikariCP-7.0.2.jar:na]
	at org.hibernate.engine.jdbc.internal.ResultSetReturnImpl.executeUpdate(ResultSetReturnImpl.java:181) ~[hibernate-core-7.2.12.Final.jar:7.2.12.Final]
	at org.hibernate.engine.jdbc.mutation.internal.AbstractMutationExecutor.performNonBatchedMutation(AbstractMutationExecutor.java:145) ~[hibernate-core-7.2.12.Final.jar:7.2.12.Final]
	at org.hibernate.engine.jdbc.mutation.internal.MutationExecutorSingleNonBatched.performNonBatchedOperations(MutationExecutorSingleNonBatched.java:53) ~[hibernate-core-7.2.12.Final.jar:7.2.12.Final]
	at org.hibernate.engine.jdbc.mutation.internal.AbstractMutationExecutor.execute(AbstractMutationExecutor.java:66) ~[hibernate-core-7.2.12.Final.jar:7.2.12.Final]
	at org.hibernate.persister.entity.mutation.AbstractDeleteCoordinator.doStaticDelete(AbstractDeleteCoordinator.java:268) ~[hibernate-core-7.2.12.Final.jar:7.2.12.Final]
	at org.hibernate.persister.entity.mutation.AbstractDeleteCoordinator.delete(AbstractDeleteCoordinator.java:79) ~[hibernate-core-7.2.12.Final.jar:7.2.12.Final]
	at org.hibernate.action.internal.EntityDeleteAction.execute(EntityDeleteAction.java:119) ~[hibernate-core-7.2.12.Final.jar:7.2.12.Final]
	at org.hibernate.engine.spi.ActionQueue.executeActions(ActionQueue.java:634) ~[hibernate-core-7.2.12.Final.jar:7.2.12.Final]
	at org.hibernate.engine.spi.ActionQueue.executeActions(ActionQueue.java:505) ~[hibernate-core-7.2.12.Final.jar:7.2.12.Final]
	at org.hibernate.event.internal.AbstractFlushingEventListener.performExecutions(AbstractFlushingEventListener.java:381) ~[hibernate-core-7.2.12.Final.jar:7.2.12.Final]
	at org.hibernate.event.internal.DefaultFlushEventListener.onFlush(DefaultFlushEventListener.java:40) ~[hibernate-core-7.2.12.Final.jar:7.2.12.Final]
	at org.hibernate.event.service.internal.EventListenerGroupImpl.fireEventOnEachListener(EventListenerGroupImpl.java:138) ~[hibernate-core-7.2.12.Final.jar:7.2.12.Final]
	at org.hibernate.internal.SessionImpl.fireFlush(SessionImpl.java:1484) ~[hibernate-core-7.2.12.Final.jar:7.2.12.Final]
	at org.hibernate.internal.SessionImpl.flush(SessionImpl.java:1472) ~[hibernate-core-7.2.12.Final.jar:7.2.12.Final]
	at org.hibernate.query.sql.internal.NativeQueryImpl.prepareForExecution(NativeQueryImpl.java:726) ~[hibernate-core-7.2.12.Final.jar:7.2.12.Final]
	at org.hibernate.query.spi.AbstractSelectionQuery.beforeQuery(AbstractSelectionQuery.java:182) ~[hibernate-core-7.2.12.Final.jar:7.2.12.Final]
	at org.hibernate.query.spi.AbstractSelectionQuery.beforeQueryHandlingFetchProfiles(AbstractSelectionQuery.java:169) ~[hibernate-core-7.2.12.Final.jar:7.2.12.Final]
	at org.hibernate.query.spi.AbstractQuery.executeUpdate(AbstractQuery.java:639) ~[hibernate-core-7.2.12.Final.jar:7.2.12.Final]
	at org.springframework.data.jpa.repository.query.JpaQueryExecution$ModifyingExecution.doExecute(JpaQueryExecution.java:373) ~[spring-data-jpa-4.0.5.jar:4.0.5]
	at org.springframework.data.jpa.repository.query.JpaQueryExecution.execute(JpaQueryExecution.java:99) ~[spring-data-jpa-4.0.5.jar:4.0.5]
	at org.springframework.data.jpa.repository.query.AbstractJpaQuery.doExecute(AbstractJpaQuery.java:164) ~[spring-data-jpa-4.0.5.jar:4.0.5]
	at org.springframework.data.jpa.repository.query.AbstractJpaQuery.execute(AbstractJpaQuery.java:154) ~[spring-data-jpa-4.0.5.jar:4.0.5]
	at org.springframework.data.repository.core.support.RepositoryMethodInvoker.doInvoke(RepositoryMethodInvoker.java:169) ~[spring-data-commons-4.0.5.jar:4.0.5]
	at org.springframework.data.repository.core.support.RepositoryMethodInvoker.invoke(RepositoryMethodInvoker.java:158) ~[spring-data-commons-4.0.5.jar:4.0.5]
	at org.springframework.data.repository.core.support.QueryExecutorMethodInterceptor.doInvoke(QueryExecutorMethodInterceptor.java:167) ~[spring-data-commons-4.0.5.jar:4.0.5]
	at org.springframework.data.repository.core.support.QueryExecutorMethodInterceptor.invoke(QueryExecutorMethodInterceptor.java:146) ~[spring-data-commons-4.0.5.jar:4.0.5]
	at org.springframework.aop.framework.ReflectiveMethodInvocation.proceed(ReflectiveMethodInvocation.java:179) ~[spring-aop-7.0.7.jar:7.0.7]
	at org.springframework.data.projection.DefaultMethodInvokingMethodInterceptor.invoke(DefaultMethodInvokingMethodInterceptor.java:69) ~[spring-data-commons-4.0.5.jar:4.0.5]
	at org.springframework.aop.framework.ReflectiveMethodInvocation.proceed(ReflectiveMethodInvocation.java:179) ~[spring-aop-7.0.7.jar:7.0.7]
	at org.springframework.transaction.interceptor.TransactionInterceptor$1.proceedWithInvocation(TransactionInterceptor.java:133) ~[spring-tx-7.0.7.jar:7.0.7]
	at org.springframework.transaction.interceptor.TransactionAspectSupport.invokeWithinTransaction(TransactionAspectSupport.java:371) ~[spring-tx-7.0.7.jar:7.0.7]
	at org.springframework.transaction.interceptor.TransactionInterceptor.invoke(TransactionInterceptor.java:130) ~[spring-tx-7.0.7.jar:7.0.7]
	at org.springframework.aop.framework.ReflectiveMethodInvocation.proceed(ReflectiveMethodInvocation.java:179) ~[spring-aop-7.0.7.jar:7.0.7]
	at org.springframework.dao.support.PersistenceExceptionTranslationInterceptor.invoke(PersistenceExceptionTranslationInterceptor.java:135) ~[spring-tx-7.0.7.jar:7.0.7]
	at org.springframework.aop.framework.ReflectiveMethodInvocation.proceed(ReflectiveMethodInvocation.java:179) ~[spring-aop-7.0.7.jar:7.0.7]
	at org.springframework.data.jpa.repository.support.CrudMethodMetadataPostProcessor$CrudMethodMetadataPopulatingMethodInterceptor.invoke(CrudMethodMetadataPostProcessor.java:137) ~[spring-data-jpa-4.0.5.jar:4.0.5]
	at org.springframework.aop.framework.ReflectiveMethodInvocation.proceed(ReflectiveMethodInvocation.java:179) ~[spring-aop-7.0.7.jar:7.0.7]
	at org.springframework.aop.framework.JdkDynamicAopProxy.invoke(JdkDynamicAopProxy.java:222) ~[spring-aop-7.0.7.jar:7.0.7]
	at jdk.proxy2/jdk.proxy2.$Proxy174.recalculateReviewStats(Unknown Source) ~[na:na]
	at tn.anasazx.tunirate.review.service.implementation.ReviewServiceImpl.deleteReview(ReviewServiceImpl.java:121) ~[classes/:na]
	at java.base/jdk.internal.reflect.DirectMethodHandleAccessor.invoke(DirectMethodHandleAccessor.java:103) ~[na:na]
	at java.base/java.lang.reflect.Method.invoke(Method.java:580) ~[na:na]
	at org.springframework.aop.support.AopUtils.invokeJoinpointUsingReflection(AopUtils.java:359) ~[spring-aop-7.0.7.jar:7.0.7]
	at org.springframework.aop.framework.ReflectiveMethodInvocation.invokeJoinpoint(ReflectiveMethodInvocation.java:190) ~[spring-aop-7.0.7.jar:7.0.7]
	at org.springframework.aop.framework.ReflectiveMethodInvocation.proceed(ReflectiveMethodInvocation.java:158) ~[spring-aop-7.0.7.jar:7.0.7]
	at org.springframework.transaction.interceptor.TransactionInterceptor$1.proceedWithInvocation(TransactionInterceptor.java:133) ~[spring-tx-7.0.7.jar:7.0.7]
	at org.springframework.transaction.interceptor.TransactionAspectSupport.invokeWithinTransaction(TransactionAspectSupport.java:371) ~[spring-tx-7.0.7.jar:7.0.7]
	at org.springframework.transaction.interceptor.TransactionInterceptor.invoke(TransactionInterceptor.java:130) ~[spring-tx-7.0.7.jar:7.0.7]
	at org.springframework.aop.framework.ReflectiveMethodInvocation.proceed(ReflectiveMethodInvocation.java:179) ~[spring-aop-7.0.7.jar:7.0.7]
	at org.springframework.aop.framework.CglibAopProxy$DynamicAdvisedInterceptor.intercept(CglibAopProxy.java:719) ~[spring-aop-7.0.7.jar:7.0.7]
	at tn.anasazx.tunirate.review.service.implementation.ReviewServiceImpl$$SpringCGLIB$$0.deleteReview(<generated>) ~[classes/:na]
	at tn.anasazx.tunirate.review.controller.ReviewController.deleteReview(ReviewController.java:81) ~[classes/:na]
	at java.base/jdk.internal.reflect.DirectMethodHandleAccessor.invoke(DirectMethodHandleAccessor.java:103) ~[na:na]
	at java.base/java.lang.reflect.Method.invoke(Method.java:580) ~[na:na]
	at org.springframework.aop.support.AopUtils.invokeJoinpointUsingReflection(AopUtils.java:359) ~[spring-aop-7.0.7.jar:7.0.7]
	at org.springframework.aop.framework.CglibAopProxy$DynamicAdvisedInterceptor.intercept(CglibAopProxy.java:715) ~[spring-aop-7.0.7.jar:7.0.7]
	at tn.anasazx.tunirate.review.controller.ReviewController$$SpringCGLIB$$0.deleteReview(<generated>) ~[classes/:na]
	at java.base/jdk.internal.reflect.DirectMethodHandleAccessor.invoke(DirectMethodHandleAccessor.java:103) ~[na:na]
	at java.base/java.lang.reflect.Method.invoke(Method.java:580) ~[na:na]
	at org.springframework.web.method.support.InvocableHandlerMethod.doInvoke(InvocableHandlerMethod.java:252) ~[spring-web-7.0.7.jar:7.0.7]
	at org.springframework.web.method.support.InvocableHandlerMethod.invokeForRequest(InvocableHandlerMethod.java:184) ~[spring-web-7.0.7.jar:7.0.7]
	at org.springframework.web.servlet.mvc.method.annotation.ServletInvocableHandlerMethod.invokeAndHandle(ServletInvocableHandlerMethod.java:117) ~[spring-webmvc-7.0.7.jar:7.0.7]
	at org.springframework.web.servlet.mvc.method.annotation.RequestMappingHandlerAdapter.invokeHandlerMethod(RequestMappingHandlerAdapter.java:934) ~[spring-webmvc-7.0.7.jar:7.0.7]
	at org.springframework.web.servlet.mvc.method.annotation.RequestMappingHandlerAdapter.handleInternal(RequestMappingHandlerAdapter.java:853) ~[spring-webmvc-7.0.7.jar:7.0.7]
	at org.springframework.web.servlet.mvc.method.AbstractHandlerMethodAdapter.handle(AbstractHandlerMethodAdapter.java:86) ~[spring-webmvc-7.0.7.jar:7.0.7]
	at org.springframework.web.servlet.DispatcherServlet.doDispatch(DispatcherServlet.java:963) ~[spring-webmvc-7.0.7.jar:7.0.7]
	at org.springframework.web.servlet.DispatcherServlet.doService(DispatcherServlet.java:866) ~[spring-webmvc-7.0.7.jar:7.0.7]
	at org.springframework.web.servlet.FrameworkServlet.processRequest(FrameworkServlet.java:1000) ~[spring-webmvc-7.0.7.jar:7.0.7]
	at org.springframework.web.servlet.FrameworkServlet.doDelete(FrameworkServlet.java:925) ~[spring-webmvc-7.0.7.jar:7.0.7]
	at jakarta.servlet.http.HttpServlet.service(HttpServlet.java:651) ~[tomcat-embed-core-11.0.21.jar:6.1]
	at org.springframework.web.servlet.FrameworkServlet.service(FrameworkServlet.java:874) ~[spring-webmvc-7.0.7.jar:7.0.7]
	at jakarta.servlet.http.HttpServlet.service(HttpServlet.java:710) ~[tomcat-embed-core-11.0.21.jar:6.1]
	at org.apache.catalina.core.ApplicationFilterChain.doFilter(ApplicationFilterChain.java:128) ~[tomcat-embed-core-11.0.21.jar:11.0.21]
	at org.apache.tomcat.websocket.server.WsFilter.doFilter(WsFilter.java:53) ~[tomcat-embed-websocket-11.0.21.jar:11.0.21]
	at org.apache.catalina.core.ApplicationFilterChain.doFilter(ApplicationFilterChain.java:107) ~[tomcat-embed-core-11.0.21.jar:11.0.21]
	at org.springframework.web.filter.OncePerRequestFilter.doFilter(OncePerRequestFilter.java:110) ~[spring-web-7.0.7.jar:7.0.7]
	at org.apache.catalina.core.ApplicationFilterChain.doFilter(ApplicationFilterChain.java:107) ~[tomcat-embed-core-11.0.21.jar:11.0.21]
	at org.springframework.web.filter.CompositeFilter$VirtualFilterChain.doFilter(CompositeFilter.java:108) ~[spring-web-7.0.7.jar:7.0.7]
	at org.springframework.security.web.FilterChainProxy.lambda$doFilterInternal$3(FilterChainProxy.java:235) ~[spring-security-web-7.0.5.jar:7.0.5]
	at org.springframework.security.web.FilterChainProxy$VirtualFilterChain.doFilter(FilterChainProxy.java:376) ~[spring-security-web-7.0.5.jar:7.0.5]
	at org.springframework.security.web.access.intercept.AuthorizationFilter.doFilter(AuthorizationFilter.java:101) ~[spring-security-web-7.0.5.jar:7.0.5]
	at org.springframework.security.web.FilterChainProxy$VirtualFilterChain.doFilter(FilterChainProxy.java:385) ~[spring-security-web-7.0.5.jar:7.0.5]
	at org.springframework.security.web.access.ExceptionTranslationFilter.doFilter(ExceptionTranslationFilter.java:126) ~[spring-security-web-7.0.5.jar:7.0.5]
	at org.springframework.security.web.access.ExceptionTranslationFilter.doFilter(ExceptionTranslationFilter.java:120) ~[spring-security-web-7.0.5.jar:7.0.5]
	at org.springframework.security.web.FilterChainProxy$VirtualFilterChain.doFilter(FilterChainProxy.java:385) ~[spring-security-web-7.0.5.jar:7.0.5]
	at org.springframework.security.web.session.SessionManagementFilter.doFilter(SessionManagementFilter.java:132) ~[spring-security-web-7.0.5.jar:7.0.5]
	at org.springframework.security.web.session.SessionManagementFilter.doFilter(SessionManagementFilter.java:86) ~[spring-security-web-7.0.5.jar:7.0.5]
	at org.springframework.security.web.FilterChainProxy$VirtualFilterChain.doFilter(FilterChainProxy.java:385) ~[spring-security-web-7.0.5.jar:7.0.5]
	at org.springframework.security.web.authentication.AnonymousAuthenticationFilter.doFilter(AnonymousAuthenticationFilter.java:100) ~[spring-security-web-7.0.5.jar:7.0.5]
	at org.springframework.security.web.FilterChainProxy$VirtualFilterChain.doFilter(FilterChainProxy.java:385) ~[spring-security-web-7.0.5.jar:7.0.5]
	at org.springframework.security.web.servletapi.SecurityContextHolderAwareRequestFilter.doFilter(SecurityContextHolderAwareRequestFilter.java:181) ~[spring-security-web-7.0.5.jar:7.0.5]
	at org.springframework.security.web.FilterChainProxy$VirtualFilterChain.doFilter(FilterChainProxy.java:385) ~[spring-security-web-7.0.5.jar:7.0.5]
	at org.springframework.security.web.savedrequest.RequestCacheAwareFilter.doFilter(RequestCacheAwareFilter.java:63) ~[spring-security-web-7.0.5.jar:7.0.5]
	at org.springframework.security.web.FilterChainProxy$VirtualFilterChain.doFilter(FilterChainProxy.java:385) ~[spring-security-web-7.0.5.jar:7.0.5]
	at tn.anasazx.tunirate.security.JwtAuthFilter.doFilterInternal(JwtAuthFilter.java:69) ~[classes/:na]
	at org.springframework.web.filter.OncePerRequestFilter.doFilter(OncePerRequestFilter.java:116) ~[spring-web-7.0.7.jar:7.0.7]
	at org.springframework.security.web.FilterChainProxy$VirtualFilterChain.doFilter(FilterChainProxy.java:385) ~[spring-security-web-7.0.5.jar:7.0.5]
	at org.springframework.security.web.authentication.logout.LogoutFilter.doFilter(LogoutFilter.java:110) ~[spring-security-web-7.0.5.jar:7.0.5]
	at org.springframework.security.web.authentication.logout.LogoutFilter.doFilter(LogoutFilter.java:96) ~[spring-security-web-7.0.5.jar:7.0.5]
	at org.springframework.security.web.FilterChainProxy$VirtualFilterChain.doFilter(FilterChainProxy.java:385) ~[spring-security-web-7.0.5.jar:7.0.5]
	at org.springframework.web.filter.CorsFilter.doFilterInternal(CorsFilter.java:91) ~[spring-web-7.0.7.jar:7.0.7]
	at org.springframework.web.filter.OncePerRequestFilter.doFilter(OncePerRequestFilter.java:116) ~[spring-web-7.0.7.jar:7.0.7]
	at org.springframework.security.web.FilterChainProxy$VirtualFilterChain.doFilter(FilterChainProxy.java:385) ~[spring-security-web-7.0.5.jar:7.0.5]
	at org.springframework.security.web.header.HeaderWriterFilter.doHeadersAfter(HeaderWriterFilter.java:90) ~[spring-security-web-7.0.5.jar:7.0.5]
	at org.springframework.security.web.header.HeaderWriterFilter.doFilterInternal(HeaderWriterFilter.java:75) ~[spring-security-web-7.0.5.jar:7.0.5]
	at org.springframework.web.filter.OncePerRequestFilter.doFilter(OncePerRequestFilter.java:116) ~[spring-web-7.0.7.jar:7.0.7]
	at org.springframework.security.web.FilterChainProxy$VirtualFilterChain.doFilter(FilterChainProxy.java:385) ~[spring-security-web-7.0.5.jar:7.0.5]
	at org.springframework.security.web.context.SecurityContextHolderFilter.doFilter(SecurityContextHolderFilter.java:82) ~[spring-security-web-7.0.5.jar:7.0.5]
	at org.springframework.security.web.context.SecurityContextHolderFilter.doFilter(SecurityContextHolderFilter.java:69) ~[spring-security-web-7.0.5.jar:7.0.5]
	at org.springframework.security.web.FilterChainProxy$VirtualFilterChain.doFilter(FilterChainProxy.java:385) ~[spring-security-web-7.0.5.jar:7.0.5]
	at org.springframework.security.web.context.request.async.WebAsyncManagerIntegrationFilter.doFilterInternal(WebAsyncManagerIntegrationFilter.java:62) ~[spring-security-web-7.0.5.jar:7.0.5]
	at org.springframework.web.filter.OncePerRequestFilter.doFilter(OncePerRequestFilter.java:116) ~[spring-web-7.0.7.jar:7.0.7]
	at org.springframework.security.web.FilterChainProxy$VirtualFilterChain.doFilter(FilterChainProxy.java:385) ~[spring-security-web-7.0.5.jar:7.0.5]
	at org.springframework.security.web.session.DisableEncodeUrlFilter.doFilterInternal(DisableEncodeUrlFilter.java:42) ~[spring-security-web-7.0.5.jar:7.0.5]
	at org.springframework.web.filter.OncePerRequestFilter.doFilter(OncePerRequestFilter.java:116) ~[spring-web-7.0.7.jar:7.0.7]
	at org.springframework.security.web.FilterChainProxy$VirtualFilterChain.doFilter(FilterChainProxy.java:385) ~[spring-security-web-7.0.5.jar:7.0.5]
	at org.springframework.security.web.FilterChainProxy.doFilterInternal(FilterChainProxy.java:237) ~[spring-security-web-7.0.5.jar:7.0.5]
	at org.springframework.security.web.FilterChainProxy.doFilter(FilterChainProxy.java:195) ~[spring-security-web-7.0.5.jar:7.0.5]
	at org.springframework.web.filter.CompositeFilter$VirtualFilterChain.doFilter(CompositeFilter.java:113) ~[spring-web-7.0.7.jar:7.0.7]
	at org.springframework.web.filter.ServletRequestPathFilter.doFilter(ServletRequestPathFilter.java:52) ~[spring-web-7.0.7.jar:7.0.7]
	at org.springframework.web.filter.CompositeFilter$VirtualFilterChain.doFilter(CompositeFilter.java:113) ~[spring-web-7.0.7.jar:7.0.7]
	at org.springframework.web.filter.CompositeFilter.doFilter(CompositeFilter.java:74) ~[spring-web-7.0.7.jar:7.0.7]
	at org.springframework.security.config.annotation.web.configuration.WebSecurityConfiguration$CompositeFilterChainProxy.doFilter(WebSecurityConfiguration.java:317) ~[spring-security-config-7.0.5.jar:7.0.5]
	at org.springframework.web.filter.DelegatingFilterProxy.invokeDelegate(DelegatingFilterProxy.java:355) ~[spring-web-7.0.7.jar:7.0.7]
	at org.springframework.web.filter.DelegatingFilterProxy.doFilter(DelegatingFilterProxy.java:272) ~[spring-web-7.0.7.jar:7.0.7]
	at org.apache.catalina.core.ApplicationFilterChain.doFilter(ApplicationFilterChain.java:107) ~[tomcat-embed-core-11.0.21.jar:11.0.21]
	at org.springframework.web.filter.RequestContextFilter.doFilterInternal(RequestContextFilter.java:100) ~[spring-web-7.0.7.jar:7.0.7]
	at org.springframework.web.filter.OncePerRequestFilter.doFilter(OncePerRequestFilter.java:116) ~[spring-web-7.0.7.jar:7.0.7]
	at org.apache.catalina.core.ApplicationFilterChain.doFilter(ApplicationFilterChain.java:107) ~[tomcat-embed-core-11.0.21.jar:11.0.21]
	at org.springframework.web.filter.FormContentFilter.doFilterInternal(FormContentFilter.java:93) ~[spring-web-7.0.7.jar:7.0.7]
	at org.springframework.web.filter.OncePerRequestFilter.doFilter(OncePerRequestFilter.java:116) ~[spring-web-7.0.7.jar:7.0.7]
	at org.apache.catalina.core.ApplicationFilterChain.doFilter(ApplicationFilterChain.java:107) ~[tomcat-embed-core-11.0.21.jar:11.0.21]
	at org.springframework.web.filter.CharacterEncodingFilter.doFilterInternal(CharacterEncodingFilter.java:199) ~[spring-web-7.0.7.jar:7.0.7]
	at org.springframework.web.filter.OncePerRequestFilter.doFilter(OncePerRequestFilter.java:116) ~[spring-web-7.0.7.jar:7.0.7]
	at org.apache.catalina.core.ApplicationFilterChain.doFilter(ApplicationFilterChain.java:107) ~[tomcat-embed-core-11.0.21.jar:11.0.21]
	at org.apache.catalina.core.StandardWrapperValve.invoke(StandardWrapperValve.java:165) ~[tomcat-embed-core-11.0.21.jar:11.0.21]
	at org.apache.catalina.core.StandardContextValve.invoke(StandardContextValve.java:77) ~[tomcat-embed-core-11.0.21.jar:11.0.21]
	at org.apache.catalina.authenticator.AuthenticatorBase.invoke(AuthenticatorBase.java:492) ~[tomcat-embed-core-11.0.21.jar:11.0.21]
	at org.apache.catalina.core.StandardHostValve.invoke(StandardHostValve.java:113) ~[tomcat-embed-core-11.0.21.jar:11.0.21]
	at org.apache.catalina.valves.ErrorReportValve.invoke(ErrorReportValve.java:83) ~[tomcat-embed-core-11.0.21.jar:11.0.21]
	at org.apache.catalina.core.StandardEngineValve.invoke(StandardEngineValve.java:72) ~[tomcat-embed-core-11.0.21.jar:11.0.21]
	at org.apache.catalina.connector.CoyoteAdapter.service(CoyoteAdapter.java:341) ~[tomcat-embed-core-11.0.21.jar:11.0.21]
	at org.apache.coyote.http11.Http11Processor.service(Http11Processor.java:397) ~[tomcat-embed-core-11.0.21.jar:11.0.21]
	at org.apache.coyote.AbstractProcessorLight.process(AbstractProcessorLight.java:63) ~[tomcat-embed-core-11.0.21.jar:11.0.21]
	at org.apache.coyote.AbstractProtocol$ConnectionHandler.process(AbstractProtocol.java:903) ~[tomcat-embed-core-11.0.21.jar:11.0.21]
	at org.apache.tomcat.util.net.NioEndpoint$SocketProcessor.doRun(NioEndpoint.java:1801) ~[tomcat-embed-core-11.0.21.jar:11.0.21]
	at org.apache.tomcat.util.net.SocketProcessorBase.run(SocketProcessorBase.java:52) ~[tomcat-embed-core-11.0.21.jar:11.0.21]
	at org.apache.tomcat.util.threads.ThreadPoolExecutor.runWorker(ThreadPoolExecutor.java:946) ~[tomcat-embed-core-11.0.21.jar:11.0.21]
	at org.apache.tomcat.util.threads.ThreadPoolExecutor$Worker.run(ThreadPoolExecutor.java:480) ~[tomcat-embed-core-11.0.21.jar:11.0.21]
	at org.apache.tomcat.util.threads.TaskThread$WrappingRunnable.run(TaskThread.java:57) ~[tomcat-embed-core-11.0.21.jar:11.0.21]
	at java.base/java.lang.Thread.run(Thread.java:1583) ~[na:na]

2026-07-31T16:12:22.140+01:00  INFO 51707 --- [TuniRate] [main] t.anasazx.tunirate.TuniRateApplication   : Starting TuniRateApplication using Java 21.0.8 with PID 51707 (/Users/anasaz/Dev/revision/TuniRate/target/classes started by anasaz in /Users/anasaz/Dev/revision/TuniRate)
2026-07-31T16:12:22.141+01:00 DEBUG 51707 --- [TuniRate] [main] t.anasazx.tunirate.TuniRateApplication   : Running with Spring Boot v4.0.6, Spring v7.0.7
2026-07-31T16:12:22.142+01:00  INFO 51707 --- [TuniRate] [main] t.anasazx.tunirate.TuniRateApplication   : No active profile set, falling back to 1 default profile: "default"
2026-07-31T16:12:23.062+01:00 DEBUG 51707 --- [TuniRate] [main] t.a.tunirate.security.JwtAuthFilter      : Filter 'jwtAuthFilter' configured for use
2026-07-31T16:12:24.224+01:00 ERROR 51707 --- [TuniRate] [main] j.LocalContainerEntityManagerFactoryBean : Failed to initialize JPA EntityManagerFactory: Association 'tn.anasazx.tunirate.comment.entity.Comment.comments' is 'mappedBy' a property named 'review' which references the wrong entity type 'tn.anasazx.tunirate.review.entity.Review', expected 'tn.anasazx.tunirate.comment.entity.Comment'
2026-07-31T16:12:24.225+01:00  WARN 51707 --- [TuniRate] [main] ConfigServletWebServerApplicationContext : Exception encountered during context initialization - cancelling refresh attempt: org.springframework.beans.factory.BeanCreationException: Error creating bean with name 'entityManagerFactory' defined in class path resource [org/springframework/boot/hibernate/autoconfigure/HibernateJpaConfiguration.class]: Association 'tn.anasazx.tunirate.comment.entity.Comment.comments' is 'mappedBy' a property named 'review' which references the wrong entity type 'tn.anasazx.tunirate.review.entity.Review', expected 'tn.anasazx.tunirate.comment.entity.Comment'
2026-07-31T16:12:24.260+01:00 ERROR 51707 --- [TuniRate] [main] o.s.boot.SpringApplication               : Application run failed

org.springframework.beans.factory.BeanCreationException: Error creating bean with name 'entityManagerFactory' defined in class path resource [org/springframework/boot/hibernate/autoconfigure/HibernateJpaConfiguration.class]: Association 'tn.anasazx.tunirate.comment.entity.Comment.comments' is 'mappedBy' a property named 'review' which references the wrong entity type 'tn.anasazx.tunirate.review.entity.Review', expected 'tn.anasazx.tunirate.comment.entity.Comment'
	at org.springframework.beans.factory.support.AbstractAutowireCapableBeanFactory.initializeBean(AbstractAutowireCapableBeanFactory.java:1817) ~[spring-beans-7.0.7.jar:7.0.7]
	at org.springframework.beans.factory.support.AbstractAutowireCapableBeanFactory.doCreateBean(AbstractAutowireCapableBeanFactory.java:603) ~[spring-beans-7.0.7.jar:7.0.7]
	at org.springframework.beans.factory.support.AbstractAutowireCapableBeanFactory.createBean(AbstractAutowireCapableBeanFactory.java:525) ~[spring-beans-7.0.7.jar:7.0.7]
	at org.springframework.beans.factory.support.AbstractBeanFactory.lambda$doGetBean$0(AbstractBeanFactory.java:333) ~[spring-beans-7.0.7.jar:7.0.7]
	at org.springframework.beans.factory.support.DefaultSingletonBeanRegistry.getSingleton(DefaultSingletonBeanRegistry.java:371) ~[spring-beans-7.0.7.jar:7.0.7]
	at org.springframework.beans.factory.support.AbstractBeanFactory.doGetBean(AbstractBeanFactory.java:331) ~[spring-beans-7.0.7.jar:7.0.7]
	at org.springframework.beans.factory.support.AbstractBeanFactory.getBean(AbstractBeanFactory.java:201) ~[spring-beans-7.0.7.jar:7.0.7]
	at org.springframework.context.support.AbstractApplicationContext.finishBeanFactoryInitialization(AbstractApplicationContext.java:977) ~[spring-context-7.0.7.jar:7.0.7]
	at org.springframework.context.support.AbstractApplicationContext.refresh(AbstractApplicationContext.java:621) ~[spring-context-7.0.7.jar:7.0.7]
	at org.springframework.boot.web.server.servlet.context.ServletWebServerApplicationContext.refresh(ServletWebServerApplicationContext.java:143) ~[spring-boot-web-server-4.0.6.jar:4.0.6]
	at org.springframework.boot.SpringApplication.refresh(SpringApplication.java:756) ~[spring-boot-4.0.6.jar:4.0.6]
	at org.springframework.boot.SpringApplication.refreshContext(SpringApplication.java:445) ~[spring-boot-4.0.6.jar:4.0.6]
	at org.springframework.boot.SpringApplication.run(SpringApplication.java:321) ~[spring-boot-4.0.6.jar:4.0.6]
	at org.springframework.boot.SpringApplication.run(SpringApplication.java:1365) ~[spring-boot-4.0.6.jar:4.0.6]
	at org.springframework.boot.SpringApplication.run(SpringApplication.java:1354) ~[spring-boot-4.0.6.jar:4.0.6]
	at tn.anasazx.tunirate.TuniRateApplication.main(TuniRateApplication.java:10) ~[classes/:na]
Caused by: org.hibernate.AnnotationException: Association 'tn.anasazx.tunirate.comment.entity.Comment.comments' is 'mappedBy' a property named 'review' which references the wrong entity type 'tn.anasazx.tunirate.review.entity.Review', expected 'tn.anasazx.tunirate.comment.entity.Comment'
	at org.hibernate.boot.model.internal.BinderHelper.checkMappedByType(BinderHelper.java:993) ~[hibernate-core-7.2.12.Final.jar:7.2.12.Final]
	at org.hibernate.boot.model.internal.BinderHelper.checkMappedByType(BinderHelper.java:968) ~[hibernate-core-7.2.12.Final.jar:7.2.12.Final]
	at org.hibernate.boot.model.internal.CollectionBinder.isReversePropertyInJoin(CollectionBinder.java:1507) ~[hibernate-core-7.2.12.Final.jar:7.2.12.Final]
	at org.hibernate.boot.model.internal.CollectionBinder.noAssociationTable(CollectionBinder.java:1531) ~[hibernate-core-7.2.12.Final.jar:7.2.12.Final]
	at org.hibernate.boot.model.internal.CollectionBinder.bindStarToManySecondPass(CollectionBinder.java:1489) ~[hibernate-core-7.2.12.Final.jar:7.2.12.Final]
	at org.hibernate.boot.model.internal.CollectionBinder$1.secondPass(CollectionBinder.java:1480) ~[hibernate-core-7.2.12.Final.jar:7.2.12.Final]
	at org.hibernate.boot.model.internal.CollectionSecondPass.doSecondPass(CollectionSecondPass.java:39) ~[hibernate-core-7.2.12.Final.jar:7.2.12.Final]
	at org.hibernate.boot.internal.InFlightMetadataCollectorImpl.processSecondPasses(InFlightMetadataCollectorImpl.java:1771) ~[hibernate-core-7.2.12.Final.jar:7.2.12.Final]
	at org.hibernate.boot.internal.InFlightMetadataCollectorImpl.processSecondPasses(InFlightMetadataCollectorImpl.java:1737) ~[hibernate-core-7.2.12.Final.jar:7.2.12.Final]
	at org.hibernate.boot.model.process.spi.MetadataBuildingProcess.coordinateProcessors(MetadataBuildingProcess.java:357) ~[hibernate-core-7.2.12.Final.jar:7.2.12.Final]
	at org.hibernate.boot.model.process.spi.MetadataBuildingProcess.complete(MetadataBuildingProcess.java:201) ~[hibernate-core-7.2.12.Final.jar:7.2.12.Final]
	at org.hibernate.jpa.boot.internal.EntityManagerFactoryBuilderImpl.metadata(EntityManagerFactoryBuilderImpl.java:1392) ~[hibernate-core-7.2.12.Final.jar:7.2.12.Final]
	at org.hibernate.jpa.boot.internal.EntityManagerFactoryBuilderImpl.populateSessionFactoryBuilder(EntityManagerFactoryBuilderImpl.java:1472) ~[hibernate-core-7.2.12.Final.jar:7.2.12.Final]
	at org.hibernate.jpa.boot.internal.EntityManagerFactoryBuilderImpl.build(EntityManagerFactoryBuilderImpl.java:1454) ~[hibernate-core-7.2.12.Final.jar:7.2.12.Final]
	at org.springframework.orm.jpa.vendor.SpringHibernateJpaPersistenceProvider.createContainerEntityManagerFactory(SpringHibernateJpaPersistenceProvider.java:93) ~[spring-orm-7.0.7.jar:7.0.7]
	at org.springframework.orm.jpa.LocalContainerEntityManagerFactoryBean.createNativeEntityManagerFactory(LocalContainerEntityManagerFactoryBean.java:443) ~[spring-orm-7.0.7.jar:7.0.7]
	at org.springframework.orm.jpa.AbstractEntityManagerFactoryBean.buildNativeEntityManagerFactory(AbstractEntityManagerFactoryBean.java:436) ~[spring-orm-7.0.7.jar:7.0.7]
	at org.springframework.orm.jpa.AbstractEntityManagerFactoryBean.afterPropertiesSet(AbstractEntityManagerFactoryBean.java:411) ~[spring-orm-7.0.7.jar:7.0.7]
	at org.springframework.orm.jpa.LocalContainerEntityManagerFactoryBean.afterPropertiesSet(LocalContainerEntityManagerFactoryBean.java:419) ~[spring-orm-7.0.7.jar:7.0.7]
	at org.springframework.beans.factory.support.AbstractAutowireCapableBeanFactory.invokeInitMethods(AbstractAutowireCapableBeanFactory.java:1864) ~[spring-beans-7.0.7.jar:7.0.7]
	at org.springframework.beans.factory.support.AbstractAutowireCapableBeanFactory.initializeBean(AbstractAutowireCapableBeanFactory.java:1813) ~[spring-beans-7.0.7.jar:7.0.7]
	... 15 common frames omitted

2026-07-31T16:13:02.251+01:00  INFO 51758 --- [TuniRate] [main] t.anasazx.tunirate.TuniRateApplication   : Starting TuniRateApplication using Java 21.0.8 with PID 51758 (/Users/anasaz/Dev/revision/TuniRate/target/classes started by anasaz in /Users/anasaz/Dev/revision/TuniRate)
2026-07-31T16:13:02.253+01:00 DEBUG 51758 --- [TuniRate] [main] t.anasazx.tunirate.TuniRateApplication   : Running with Spring Boot v4.0.6, Spring v7.0.7
2026-07-31T16:13:02.253+01:00  INFO 51758 --- [TuniRate] [main] t.anasazx.tunirate.TuniRateApplication   : No active profile set, falling back to 1 default profile: "default"
2026-07-31T16:13:03.162+01:00 DEBUG 51758 --- [TuniRate] [main] t.a.tunirate.security.JwtAuthFilter      : Filter 'jwtAuthFilter' configured for use
2026-07-31T16:13:04.052+01:00 ERROR 51758 --- [TuniRate] [main] j.LocalContainerEntityManagerFactoryBean : Failed to initialize JPA EntityManagerFactory: Collection 'tn.anasazx.tunirate.comment.entity.Comment.comments' is 'mappedBy' a property named 'reviews' which does not exist in the target entity 'tn.anasazx.tunirate.comment.entity.Comment'
2026-07-31T16:13:04.053+01:00  WARN 51758 --- [TuniRate] [main] ConfigServletWebServerApplicationContext : Exception encountered during context initialization - cancelling refresh attempt: org.springframework.beans.factory.BeanCreationException: Error creating bean with name 'entityManagerFactory' defined in class path resource [org/springframework/boot/hibernate/autoconfigure/HibernateJpaConfiguration.class]: Collection 'tn.anasazx.tunirate.comment.entity.Comment.comments' is 'mappedBy' a property named 'reviews' which does not exist in the target entity 'tn.anasazx.tunirate.comment.entity.Comment'
2026-07-31T16:13:04.089+01:00 ERROR 51758 --- [TuniRate] [main] o.s.boot.SpringApplication               : Application run failed

org.springframework.beans.factory.BeanCreationException: Error creating bean with name 'entityManagerFactory' defined in class path resource [org/springframework/boot/hibernate/autoconfigure/HibernateJpaConfiguration.class]: Collection 'tn.anasazx.tunirate.comment.entity.Comment.comments' is 'mappedBy' a property named 'reviews' which does not exist in the target entity 'tn.anasazx.tunirate.comment.entity.Comment'
	at org.springframework.beans.factory.support.AbstractAutowireCapableBeanFactory.initializeBean(AbstractAutowireCapableBeanFactory.java:1817) ~[spring-beans-7.0.7.jar:7.0.7]
	at org.springframework.beans.factory.support.AbstractAutowireCapableBeanFactory.doCreateBean(AbstractAutowireCapableBeanFactory.java:603) ~[spring-beans-7.0.7.jar:7.0.7]
	at org.springframework.beans.factory.support.AbstractAutowireCapableBeanFactory.createBean(AbstractAutowireCapableBeanFactory.java:525) ~[spring-beans-7.0.7.jar:7.0.7]
	at org.springframework.beans.factory.support.AbstractBeanFactory.lambda$doGetBean$0(AbstractBeanFactory.java:333) ~[spring-beans-7.0.7.jar:7.0.7]
	at org.springframework.beans.factory.support.DefaultSingletonBeanRegistry.getSingleton(DefaultSingletonBeanRegistry.java:371) ~[spring-beans-7.0.7.jar:7.0.7]
	at org.springframework.beans.factory.support.AbstractBeanFactory.doGetBean(AbstractBeanFactory.java:331) ~[spring-beans-7.0.7.jar:7.0.7]
	at org.springframework.beans.factory.support.AbstractBeanFactory.getBean(AbstractBeanFactory.java:201) ~[spring-beans-7.0.7.jar:7.0.7]
	at org.springframework.context.support.AbstractApplicationContext.finishBeanFactoryInitialization(AbstractApplicationContext.java:977) ~[spring-context-7.0.7.jar:7.0.7]
	at org.springframework.context.support.AbstractApplicationContext.refresh(AbstractApplicationContext.java:621) ~[spring-context-7.0.7.jar:7.0.7]
	at org.springframework.boot.web.server.servlet.context.ServletWebServerApplicationContext.refresh(ServletWebServerApplicationContext.java:143) ~[spring-boot-web-server-4.0.6.jar:4.0.6]
	at org.springframework.boot.SpringApplication.refresh(SpringApplication.java:756) ~[spring-boot-4.0.6.jar:4.0.6]
	at org.springframework.boot.SpringApplication.refreshContext(SpringApplication.java:445) ~[spring-boot-4.0.6.jar:4.0.6]
	at org.springframework.boot.SpringApplication.run(SpringApplication.java:321) ~[spring-boot-4.0.6.jar:4.0.6]
	at org.springframework.boot.SpringApplication.run(SpringApplication.java:1365) ~[spring-boot-4.0.6.jar:4.0.6]
	at org.springframework.boot.SpringApplication.run(SpringApplication.java:1354) ~[spring-boot-4.0.6.jar:4.0.6]
	at tn.anasazx.tunirate.TuniRateApplication.main(TuniRateApplication.java:10) ~[classes/:na]
Caused by: org.hibernate.AnnotationException: Collection 'tn.anasazx.tunirate.comment.entity.Comment.comments' is 'mappedBy' a property named 'reviews' which does not exist in the target entity 'tn.anasazx.tunirate.comment.entity.Comment'
	at org.hibernate.boot.model.internal.CollectionBinder.getMappedByProperty(CollectionBinder.java:1523) ~[hibernate-core-7.2.12.Final.jar:7.2.12.Final]
	at org.hibernate.boot.model.internal.CollectionBinder.isReversePropertyInJoin(CollectionBinder.java:1506) ~[hibernate-core-7.2.12.Final.jar:7.2.12.Final]
	at org.hibernate.boot.model.internal.CollectionBinder.noAssociationTable(CollectionBinder.java:1531) ~[hibernate-core-7.2.12.Final.jar:7.2.12.Final]
	at org.hibernate.boot.model.internal.CollectionBinder.bindStarToManySecondPass(CollectionBinder.java:1489) ~[hibernate-core-7.2.12.Final.jar:7.2.12.Final]
	at org.hibernate.boot.model.internal.CollectionBinder$1.secondPass(CollectionBinder.java:1480) ~[hibernate-core-7.2.12.Final.jar:7.2.12.Final]
	at org.hibernate.boot.model.internal.CollectionSecondPass.doSecondPass(CollectionSecondPass.java:39) ~[hibernate-core-7.2.12.Final.jar:7.2.12.Final]
	at org.hibernate.boot.internal.InFlightMetadataCollectorImpl.processSecondPasses(InFlightMetadataCollectorImpl.java:1771) ~[hibernate-core-7.2.12.Final.jar:7.2.12.Final]
	at org.hibernate.boot.internal.InFlightMetadataCollectorImpl.processSecondPasses(InFlightMetadataCollectorImpl.java:1737) ~[hibernate-core-7.2.12.Final.jar:7.2.12.Final]
	at org.hibernate.boot.model.process.spi.MetadataBuildingProcess.coordinateProcessors(MetadataBuildingProcess.java:357) ~[hibernate-core-7.2.12.Final.jar:7.2.12.Final]
	at org.hibernate.boot.model.process.spi.MetadataBuildingProcess.complete(MetadataBuildingProcess.java:201) ~[hibernate-core-7.2.12.Final.jar:7.2.12.Final]
	at org.hibernate.jpa.boot.internal.EntityManagerFactoryBuilderImpl.metadata(EntityManagerFactoryBuilderImpl.java:1392) ~[hibernate-core-7.2.12.Final.jar:7.2.12.Final]
	at org.hibernate.jpa.boot.internal.EntityManagerFactoryBuilderImpl.populateSessionFactoryBuilder(EntityManagerFactoryBuilderImpl.java:1472) ~[hibernate-core-7.2.12.Final.jar:7.2.12.Final]
	at org.hibernate.jpa.boot.internal.EntityManagerFactoryBuilderImpl.build(EntityManagerFactoryBuilderImpl.java:1454) ~[hibernate-core-7.2.12.Final.jar:7.2.12.Final]
	at org.springframework.orm.jpa.vendor.SpringHibernateJpaPersistenceProvider.createContainerEntityManagerFactory(SpringHibernateJpaPersistenceProvider.java:93) ~[spring-orm-7.0.7.jar:7.0.7]
	at org.springframework.orm.jpa.LocalContainerEntityManagerFactoryBean.createNativeEntityManagerFactory(LocalContainerEntityManagerFactoryBean.java:443) ~[spring-orm-7.0.7.jar:7.0.7]
	at org.springframework.orm.jpa.AbstractEntityManagerFactoryBean.buildNativeEntityManagerFactory(AbstractEntityManagerFactoryBean.java:436) ~[spring-orm-7.0.7.jar:7.0.7]
	at org.springframework.orm.jpa.AbstractEntityManagerFactoryBean.afterPropertiesSet(AbstractEntityManagerFactoryBean.java:411) ~[spring-orm-7.0.7.jar:7.0.7]
	at org.springframework.orm.jpa.LocalContainerEntityManagerFactoryBean.afterPropertiesSet(LocalContainerEntityManagerFactoryBean.java:419) ~[spring-orm-7.0.7.jar:7.0.7]
	at org.springframework.beans.factory.support.AbstractAutowireCapableBeanFactory.invokeInitMethods(AbstractAutowireCapableBeanFactory.java:1864) ~[spring-beans-7.0.7.jar:7.0.7]
	at org.springframework.beans.factory.support.AbstractAutowireCapableBeanFactory.initializeBean(AbstractAutowireCapableBeanFactory.java:1813) ~[spring-beans-7.0.7.jar:7.0.7]
	... 15 common frames omitted

2026-07-31T16:13:51.558+01:00  INFO 51791 --- [TuniRate] [main] t.anasazx.tunirate.TuniRateApplication   : Starting TuniRateApplication using Java 21.0.8 with PID 51791 (/Users/anasaz/Dev/revision/TuniRate/target/classes started by anasaz in /Users/anasaz/Dev/revision/TuniRate)
2026-07-31T16:13:51.560+01:00 DEBUG 51791 --- [TuniRate] [main] t.anasazx.tunirate.TuniRateApplication   : Running with Spring Boot v4.0.6, Spring v7.0.7
2026-07-31T16:13:51.560+01:00  INFO 51791 --- [TuniRate] [main] t.anasazx.tunirate.TuniRateApplication   : No active profile set, falling back to 1 default profile: "default"
2026-07-31T16:13:52.424+01:00 DEBUG 51791 --- [TuniRate] [main] t.a.tunirate.security.JwtAuthFilter      : Filter 'jwtAuthFilter' configured for use
2026-07-31T16:13:53.267+01:00 ERROR 51791 --- [TuniRate] [main] j.LocalContainerEntityManagerFactoryBean : Failed to initialize JPA EntityManagerFactory: Association 'tn.anasazx.tunirate.comment.entity.Comment.comments' is 'mappedBy' a property named 'review' which references the wrong entity type 'tn.anasazx.tunirate.review.entity.Review', expected 'tn.anasazx.tunirate.comment.entity.Comment'
2026-07-31T16:13:53.267+01:00  WARN 51791 --- [TuniRate] [main] ConfigServletWebServerApplicationContext : Exception encountered during context initialization - cancelling refresh attempt: org.springframework.beans.factory.BeanCreationException: Error creating bean with name 'entityManagerFactory' defined in class path resource [org/springframework/boot/hibernate/autoconfigure/HibernateJpaConfiguration.class]: Association 'tn.anasazx.tunirate.comment.entity.Comment.comments' is 'mappedBy' a property named 'review' which references the wrong entity type 'tn.anasazx.tunirate.review.entity.Review', expected 'tn.anasazx.tunirate.comment.entity.Comment'
2026-07-31T16:13:53.290+01:00 ERROR 51791 --- [TuniRate] [main] o.s.boot.SpringApplication               : Application run failed

org.springframework.beans.factory.BeanCreationException: Error creating bean with name 'entityManagerFactory' defined in class path resource [org/springframework/boot/hibernate/autoconfigure/HibernateJpaConfiguration.class]: Association 'tn.anasazx.tunirate.comment.entity.Comment.comments' is 'mappedBy' a property named 'review' which references the wrong entity type 'tn.anasazx.tunirate.review.entity.Review', expected 'tn.anasazx.tunirate.comment.entity.Comment'
	at org.springframework.beans.factory.support.AbstractAutowireCapableBeanFactory.initializeBean(AbstractAutowireCapableBeanFactory.java:1817) ~[spring-beans-7.0.7.jar:7.0.7]
	at org.springframework.beans.factory.support.AbstractAutowireCapableBeanFactory.doCreateBean(AbstractAutowireCapableBeanFactory.java:603) ~[spring-beans-7.0.7.jar:7.0.7]
	at org.springframework.beans.factory.support.AbstractAutowireCapableBeanFactory.createBean(AbstractAutowireCapableBeanFactory.java:525) ~[spring-beans-7.0.7.jar:7.0.7]
	at org.springframework.beans.factory.support.AbstractBeanFactory.lambda$doGetBean$0(AbstractBeanFactory.java:333) ~[spring-beans-7.0.7.jar:7.0.7]
	at org.springframework.beans.factory.support.DefaultSingletonBeanRegistry.getSingleton(DefaultSingletonBeanRegistry.java:371) ~[spring-beans-7.0.7.jar:7.0.7]
	at org.springframework.beans.factory.support.AbstractBeanFactory.doGetBean(AbstractBeanFactory.java:331) ~[spring-beans-7.0.7.jar:7.0.7]
	at org.springframework.beans.factory.support.AbstractBeanFactory.getBean(AbstractBeanFactory.java:201) ~[spring-beans-7.0.7.jar:7.0.7]
	at org.springframework.context.support.AbstractApplicationContext.finishBeanFactoryInitialization(AbstractApplicationContext.java:977) ~[spring-context-7.0.7.jar:7.0.7]
	at org.springframework.context.support.AbstractApplicationContext.refresh(AbstractApplicationContext.java:621) ~[spring-context-7.0.7.jar:7.0.7]
	at org.springframework.boot.web.server.servlet.context.ServletWebServerApplicationContext.refresh(ServletWebServerApplicationContext.java:143) ~[spring-boot-web-server-4.0.6.jar:4.0.6]
	at org.springframework.boot.SpringApplication.refresh(SpringApplication.java:756) ~[spring-boot-4.0.6.jar:4.0.6]
	at org.springframework.boot.SpringApplication.refreshContext(SpringApplication.java:445) ~[spring-boot-4.0.6.jar:4.0.6]
	at org.springframework.boot.SpringApplication.run(SpringApplication.java:321) ~[spring-boot-4.0.6.jar:4.0.6]
	at org.springframework.boot.SpringApplication.run(SpringApplication.java:1365) ~[spring-boot-4.0.6.jar:4.0.6]
	at org.springframework.boot.SpringApplication.run(SpringApplication.java:1354) ~[spring-boot-4.0.6.jar:4.0.6]
	at tn.anasazx.tunirate.TuniRateApplication.main(TuniRateApplication.java:10) ~[classes/:na]
Caused by: org.hibernate.AnnotationException: Association 'tn.anasazx.tunirate.comment.entity.Comment.comments' is 'mappedBy' a property named 'review' which references the wrong entity type 'tn.anasazx.tunirate.review.entity.Review', expected 'tn.anasazx.tunirate.comment.entity.Comment'
	at org.hibernate.boot.model.internal.BinderHelper.checkMappedByType(BinderHelper.java:993) ~[hibernate-core-7.2.12.Final.jar:7.2.12.Final]
	at org.hibernate.boot.model.internal.BinderHelper.checkMappedByType(BinderHelper.java:968) ~[hibernate-core-7.2.12.Final.jar:7.2.12.Final]
	at org.hibernate.boot.model.internal.CollectionBinder.isReversePropertyInJoin(CollectionBinder.java:1507) ~[hibernate-core-7.2.12.Final.jar:7.2.12.Final]
	at org.hibernate.boot.model.internal.CollectionBinder.noAssociationTable(CollectionBinder.java:1531) ~[hibernate-core-7.2.12.Final.jar:7.2.12.Final]
	at org.hibernate.boot.model.internal.CollectionBinder.bindStarToManySecondPass(CollectionBinder.java:1489) ~[hibernate-core-7.2.12.Final.jar:7.2.12.Final]
	at org.hibernate.boot.model.internal.CollectionBinder$1.secondPass(CollectionBinder.java:1480) ~[hibernate-core-7.2.12.Final.jar:7.2.12.Final]
	at org.hibernate.boot.model.internal.CollectionSecondPass.doSecondPass(CollectionSecondPass.java:39) ~[hibernate-core-7.2.12.Final.jar:7.2.12.Final]
	at org.hibernate.boot.internal.InFlightMetadataCollectorImpl.processSecondPasses(InFlightMetadataCollectorImpl.java:1771) ~[hibernate-core-7.2.12.Final.jar:7.2.12.Final]
	at org.hibernate.boot.internal.InFlightMetadataCollectorImpl.processSecondPasses(InFlightMetadataCollectorImpl.java:1737) ~[hibernate-core-7.2.12.Final.jar:7.2.12.Final]
	at org.hibernate.boot.model.process.spi.MetadataBuildingProcess.coordinateProcessors(MetadataBuildingProcess.java:357) ~[hibernate-core-7.2.12.Final.jar:7.2.12.Final]
	at org.hibernate.boot.model.process.spi.MetadataBuildingProcess.complete(MetadataBuildingProcess.java:201) ~[hibernate-core-7.2.12.Final.jar:7.2.12.Final]
	at org.hibernate.jpa.boot.internal.EntityManagerFactoryBuilderImpl.metadata(EntityManagerFactoryBuilderImpl.java:1392) ~[hibernate-core-7.2.12.Final.jar:7.2.12.Final]
	at org.hibernate.jpa.boot.internal.EntityManagerFactoryBuilderImpl.populateSessionFactoryBuilder(EntityManagerFactoryBuilderImpl.java:1472) ~[hibernate-core-7.2.12.Final.jar:7.2.12.Final]
	at org.hibernate.jpa.boot.internal.EntityManagerFactoryBuilderImpl.build(EntityManagerFactoryBuilderImpl.java:1454) ~[hibernate-core-7.2.12.Final.jar:7.2.12.Final]
	at org.springframework.orm.jpa.vendor.SpringHibernateJpaPersistenceProvider.createContainerEntityManagerFactory(SpringHibernateJpaPersistenceProvider.java:93) ~[spring-orm-7.0.7.jar:7.0.7]
	at org.springframework.orm.jpa.LocalContainerEntityManagerFactoryBean.createNativeEntityManagerFactory(LocalContainerEntityManagerFactoryBean.java:443) ~[spring-orm-7.0.7.jar:7.0.7]
	at org.springframework.orm.jpa.AbstractEntityManagerFactoryBean.buildNativeEntityManagerFactory(AbstractEntityManagerFactoryBean.java:436) ~[spring-orm-7.0.7.jar:7.0.7]
	at org.springframework.orm.jpa.AbstractEntityManagerFactoryBean.afterPropertiesSet(AbstractEntityManagerFactoryBean.java:411) ~[spring-orm-7.0.7.jar:7.0.7]
	at org.springframework.orm.jpa.LocalContainerEntityManagerFactoryBean.afterPropertiesSet(LocalContainerEntityManagerFactoryBean.java:419) ~[spring-orm-7.0.7.jar:7.0.7]
	at org.springframework.beans.factory.support.AbstractAutowireCapableBeanFactory.invokeInitMethods(AbstractAutowireCapableBeanFactory.java:1864) ~[spring-beans-7.0.7.jar:7.0.7]
	at org.springframework.beans.factory.support.AbstractAutowireCapableBeanFactory.initializeBean(AbstractAutowireCapableBeanFactory.java:1813) ~[spring-beans-7.0.7.jar:7.0.7]
	... 15 common frames omitted

2026-07-31T16:16:10.033+01:00  INFO 51869 --- [TuniRate] [main] t.anasazx.tunirate.TuniRateApplication   : Starting TuniRateApplication using Java 21.0.8 with PID 51869 (/Users/anasaz/Dev/revision/TuniRate/target/classes started by anasaz in /Users/anasaz/Dev/revision/TuniRate)
2026-07-31T16:16:10.035+01:00 DEBUG 51869 --- [TuniRate] [main] t.anasazx.tunirate.TuniRateApplication   : Running with Spring Boot v4.0.6, Spring v7.0.7
2026-07-31T16:16:10.035+01:00  INFO 51869 --- [TuniRate] [main] t.anasazx.tunirate.TuniRateApplication   : No active profile set, falling back to 1 default profile: "default"
2026-07-31T16:16:10.898+01:00 DEBUG 51869 --- [TuniRate] [main] t.a.tunirate.security.JwtAuthFilter      : Filter 'jwtAuthFilter' configured for use
2026-07-31T16:16:13.397+01:00  WARN 51869 --- [TuniRate] [main] JpaBaseConfiguration$JpaWebConfiguration : spring.jpa.open-in-view is enabled by default. Therefore, database queries may be performed during view rendering. Explicitly configure spring.jpa.open-in-view to disable this warning
2026-07-31T16:16:13.463+01:00  WARN 51869 --- [TuniRate] [main] .s.a.UserDetailsServiceAutoConfiguration : 

Using generated security password: 40870c76-64a2-4c55-b2a5-d4b67435dcd8

This generated password is for development use only. Your security configuration must be updated before running your application in production.

2026-07-31T16:16:13.644+01:00 DEBUG 51869 --- [TuniRate] [main] s.w.s.m.m.a.RequestMappingHandlerMapping : 93 mappings in 'requestMappingHandlerMapping'
2026-07-31T16:16:13.677+01:00 DEBUG 51869 --- [TuniRate] [main] o.s.w.s.handler.SimpleUrlHandlerMapping  : Patterns [/webjars/**, /**, /uploads/**] in 'resourceHandlerMapping'
2026-07-31T16:16:13.695+01:00 DEBUG 51869 --- [TuniRate] [main] s.w.s.m.m.a.RequestMappingHandlerAdapter : ControllerAdvice beans: 0 @ModelAttribute, 0 @InitBinder, 2 RequestBodyAdvice, 1 ResponseBodyAdvice
2026-07-31T16:16:13.731+01:00 DEBUG 51869 --- [TuniRate] [main] .m.m.a.ExceptionHandlerExceptionResolver : ControllerAdvice beans: 0 @ExceptionHandler, 1 ResponseBodyAdvice
2026-07-31T16:16:13.855+01:00  INFO 51869 --- [TuniRate] [main] t.anasazx.tunirate.TuniRateApplication   : Started TuniRateApplication in 4.037 seconds (process running for 4.381)
2026-07-31T16:16:18.975+01:00  INFO 51869 --- [TuniRate] [http-nio-8080-exec-4] o.s.web.servlet.DispatcherServlet        : Initializing Servlet 'dispatcherServlet'
2026-07-31T16:16:18.977+01:00 DEBUG 51869 --- [TuniRate] [http-nio-8080-exec-4] o.s.web.servlet.DispatcherServlet        : Detected StandardServletMultipartResolver
2026-07-31T16:16:18.977+01:00 DEBUG 51869 --- [TuniRate] [http-nio-8080-exec-4] o.s.web.servlet.DispatcherServlet        : Detected AcceptHeaderLocaleResolver
2026-07-31T16:16:18.981+01:00 DEBUG 51869 --- [TuniRate] [http-nio-8080-exec-4] o.s.web.servlet.DispatcherServlet        : Detected org.springframework.web.servlet.view.DefaultRequestToViewNameTranslator@66709528
2026-07-31T16:16:18.981+01:00 DEBUG 51869 --- [TuniRate] [http-nio-8080-exec-4] o.s.web.servlet.DispatcherServlet        : Detected org.springframework.web.servlet.support.SessionFlashMapManager@2f9a624c
2026-07-31T16:16:18.981+01:00 DEBUG 51869 --- [TuniRate] [http-nio-8080-exec-4] o.s.web.servlet.DispatcherServlet        : enableLoggingRequestDetails='false': request parameters and headers will be masked to prevent unsafe logging of potentially sensitive data
2026-07-31T16:16:18.982+01:00  INFO 51869 --- [TuniRate] [http-nio-8080-exec-4] o.s.web.servlet.DispatcherServlet        : Completed initialization in 5 ms
2026-07-31T16:16:19.073+01:00 DEBUG 51869 --- [TuniRate] [http-nio-8080-exec-6] o.s.web.servlet.DispatcherServlet        : GET "/auth/me", parameters={}
2026-07-31T16:16:19.073+01:00 DEBUG 51869 --- [TuniRate] [http-nio-8080-exec-7] o.s.web.servlet.DispatcherServlet        : GET "/reviews/product/39?page=0&size=10", parameters={masked}
2026-07-31T16:16:19.073+01:00 DEBUG 51869 --- [TuniRate] [http-nio-8080-exec-8] o.s.web.servlet.DispatcherServlet        : GET "/product/39/details", parameters={}
2026-07-31T16:16:19.073+01:00 DEBUG 51869 --- [TuniRate] [http-nio-8080-exec-9] o.s.web.servlet.DispatcherServlet        : GET "/categories", parameters={}
2026-07-31T16:16:19.077+01:00 DEBUG 51869 --- [TuniRate] [http-nio-8080-exec-6] s.w.s.m.m.a.RequestMappingHandlerMapping : Mapped to tn.anasazx.tunirate.authentication.controller.AuthController#authenticateUser()
2026-07-31T16:16:19.077+01:00 DEBUG 51869 --- [TuniRate] [http-nio-8080-exec-9] s.w.s.m.m.a.RequestMappingHandlerMapping : Mapped to tn.anasazx.tunirate.category.controller.CategoryController#getAll()
2026-07-31T16:16:19.077+01:00 DEBUG 51869 --- [TuniRate] [http-nio-8080-exec-7] s.w.s.m.m.a.RequestMappingHandlerMapping : Mapped to tn.anasazx.tunirate.review.controller.ReviewController#getReviewsByProductId(Long, Pageable)
2026-07-31T16:16:19.077+01:00 DEBUG 51869 --- [TuniRate] [http-nio-8080-exec-8] s.w.s.m.m.a.RequestMappingHandlerMapping : Mapped to tn.anasazx.tunirate.product.controller.ProductController#getProductDetails(Long)
2026-07-31T16:16:19.173+01:00 DEBUG 51869 --- [TuniRate] [http-nio-8080-exec-6] o.s.w.s.m.m.a.HttpEntityMethodProcessor  : Using 'application/json', given [application/json, text/plain, */*] and supported [application/json, application/*+json]
2026-07-31T16:16:19.173+01:00 DEBUG 51869 --- [TuniRate] [http-nio-8080-exec-9] o.s.w.s.m.m.a.HttpEntityMethodProcessor  : Using 'application/json', given [application/json, text/plain, */*] and supported [application/json, application/*+json]
2026-07-31T16:16:19.174+01:00 DEBUG 51869 --- [TuniRate] [http-nio-8080-exec-9] o.s.w.s.m.m.a.HttpEntityMethodProcessor  : Writing [[CategoryResponse[id=2, name=Beauty]]]
2026-07-31T16:16:19.176+01:00 DEBUG 51869 --- [TuniRate] [http-nio-8080-exec-6] o.s.w.s.m.m.a.HttpEntityMethodProcessor  : Writing [MinimizedUserResponse[id=8, name=Anas Riadh Azizi, email=anasriad.azizi@gmail.com, emailVerified=tru (truncated)...]
2026-07-31T16:16:19.189+01:00 DEBUG 51869 --- [TuniRate] [http-nio-8080-exec-8] o.s.w.s.m.m.a.HttpEntityMethodProcessor  : Using 'application/json', given [application/json, text/plain, */*] and supported [application/json, application/*+json]
2026-07-31T16:16:19.196+01:00 DEBUG 51869 --- [TuniRate] [http-nio-8080-exec-8] o.s.w.s.m.m.a.HttpEntityMethodProcessor  : Writing [ProductDetailsResponse[id=39, name=Pochette beauté ciel, description=La trousse qui sublime votre ro (truncated)...]
2026-07-31T16:16:19.215+01:00 DEBUG 51869 --- [TuniRate] [http-nio-8080-exec-7] o.s.w.s.m.m.a.HttpEntityMethodProcessor  : Using 'application/json', given [application/json, text/plain, */*] and supported [application/json, application/*+json]
2026-07-31T16:16:19.218+01:00 DEBUG 51869 --- [TuniRate] [http-nio-8080-exec-7] o.s.w.s.m.m.a.HttpEntityMethodProcessor  : Writing [ProductReviewsResponse[myReview=ReviewResponse[id=4, rating=3, content=test with content, user=Minim (truncated)...]
2026-07-31T16:16:19.221+01:00 DEBUG 51869 --- [TuniRate] [http-nio-8080-exec-6] o.s.web.servlet.DispatcherServlet        : Completed 200 OK
2026-07-31T16:16:19.221+01:00 DEBUG 51869 --- [TuniRate] [http-nio-8080-exec-9] o.s.web.servlet.DispatcherServlet        : Completed 200 OK
2026-07-31T16:16:19.230+01:00 DEBUG 51869 --- [TuniRate] [http-nio-8080-exec-10] o.s.web.servlet.DispatcherServlet        : GET "/categories", parameters={}
2026-07-31T16:16:19.231+01:00  WARN 51869 --- [TuniRate] [http-nio-8080-exec-7] ration$PageModule$WarningLoggingModifier : Serializing PageImpl instances as-is is not supported, meaning that there is no guarantee about the stability of the resulting JSON structure!
	For a stable JSON structure, please use Spring Data's PagedModel (globally via @EnableSpringDataWebSupport(pageSerializationMode = VIA_DTO))
	or Spring HATEOAS and Spring Data's PagedResourcesAssembler as documented in https://docs.spring.io/spring-data/commons/reference/repositories/core-extensions.html#core.web.pageables.

2026-07-31T16:16:19.231+01:00 DEBUG 51869 --- [TuniRate] [http-nio-8080-exec-8] o.s.web.servlet.DispatcherServlet        : Completed 200 OK
2026-07-31T16:16:19.231+01:00 DEBUG 51869 --- [TuniRate] [http-nio-8080-exec-10] s.w.s.m.m.a.RequestMappingHandlerMapping : Mapped to tn.anasazx.tunirate.category.controller.CategoryController#getAll()
2026-07-31T16:16:19.245+01:00 DEBUG 51869 --- [TuniRate] [http-nio-8080-exec-7] o.s.web.servlet.DispatcherServlet        : Completed 200 OK
2026-07-31T16:16:19.245+01:00 DEBUG 51869 --- [TuniRate] [http-nio-8080-exec-8] o.s.web.servlet.DispatcherServlet        : GET "/invitations/me", parameters={}
2026-07-31T16:16:19.247+01:00 DEBUG 51869 --- [TuniRate] [http-nio-8080-exec-8] s.w.s.m.m.a.RequestMappingHandlerMapping : Mapped to tn.anasazx.tunirate.invitation.controller.CompanyInvitationController#getMyInvitations()
2026-07-31T16:16:19.248+01:00 DEBUG 51869 --- [TuniRate] [http-nio-8080-exec-10] o.s.w.s.m.m.a.HttpEntityMethodProcessor  : Using 'application/json', given [application/json, text/plain, */*] and supported [application/json, application/*+json]
2026-07-31T16:16:19.248+01:00 DEBUG 51869 --- [TuniRate] [http-nio-8080-exec-10] o.s.w.s.m.m.a.HttpEntityMethodProcessor  : Writing [[CategoryResponse[id=2, name=Beauty]]]
2026-07-31T16:16:19.250+01:00 DEBUG 51869 --- [TuniRate] [http-nio-8080-exec-10] o.s.web.servlet.DispatcherServlet        : Completed 200 OK
2026-07-31T16:16:19.261+01:00 DEBUG 51869 --- [TuniRate] [http-nio-8080-exec-3] o.s.web.servlet.DispatcherServlet        : GET "/subcategories", parameters={}
2026-07-31T16:16:19.262+01:00 DEBUG 51869 --- [TuniRate] [http-nio-8080-exec-3] s.w.s.m.m.a.RequestMappingHandlerMapping : Mapped to tn.anasazx.tunirate.subcategory.controller.SubcategoryController#getAll()
2026-07-31T16:16:19.277+01:00 DEBUG 51869 --- [TuniRate] [http-nio-8080-exec-8] o.s.w.s.m.m.a.HttpEntityMethodProcessor  : Using 'application/json', given [application/json, text/plain, */*] and supported [application/json, application/*+json]
2026-07-31T16:16:19.277+01:00 DEBUG 51869 --- [TuniRate] [http-nio-8080-exec-8] o.s.w.s.m.m.a.HttpEntityMethodProcessor  : Writing [[]]
2026-07-31T16:16:19.278+01:00 DEBUG 51869 --- [TuniRate] [http-nio-8080-exec-8] o.s.web.servlet.DispatcherServlet        : Completed 200 OK
2026-07-31T16:16:19.324+01:00 DEBUG 51869 --- [TuniRate] [http-nio-8080-exec-3] o.s.w.s.m.m.a.HttpEntityMethodProcessor  : Using 'application/json', given [application/json, text/plain, */*] and supported [application/json, application/*+json]
2026-07-31T16:16:19.325+01:00 DEBUG 51869 --- [TuniRate] [http-nio-8080-exec-3] o.s.w.s.m.m.a.HttpEntityMethodProcessor  : Writing [[SubcategoryResponse[id=3, name=Skincare, categoryId=2, categoryName=Beauty], SubcategoryResponse[id (truncated)...]
2026-07-31T16:16:19.327+01:00 DEBUG 51869 --- [TuniRate] [http-nio-8080-exec-3] o.s.web.servlet.DispatcherServlet        : Completed 200 OK
2026-07-31T16:16:19.331+01:00 DEBUG 51869 --- [TuniRate] [http-nio-8080-exec-2] o.s.web.servlet.DispatcherServlet        : GET "/subcategories", parameters={}
2026-07-31T16:16:19.331+01:00 DEBUG 51869 --- [TuniRate] [http-nio-8080-exec-2] s.w.s.m.m.a.RequestMappingHandlerMapping : Mapped to tn.anasazx.tunirate.subcategory.controller.SubcategoryController#getAll()
2026-07-31T16:16:19.333+01:00 DEBUG 51869 --- [TuniRate] [http-nio-8080-exec-2] o.s.w.s.m.m.a.HttpEntityMethodProcessor  : Using 'application/json', given [application/json, text/plain, */*] and supported [application/json, application/*+json]
2026-07-31T16:16:19.334+01:00 DEBUG 51869 --- [TuniRate] [http-nio-8080-exec-2] o.s.w.s.m.m.a.HttpEntityMethodProcessor  : Writing [[SubcategoryResponse[id=3, name=Skincare, categoryId=2, categoryName=Beauty], SubcategoryResponse[id (truncated)...]
2026-07-31T16:16:19.334+01:00 DEBUG 51869 --- [TuniRate] [http-nio-8080-exec-2] o.s.web.servlet.DispatcherServlet        : Completed 200 OK
2026-07-31T16:16:24.015+01:00 DEBUG 51869 --- [TuniRate] [http-nio-8080-exec-6] o.s.web.servlet.DispatcherServlet        : DELETE "/reviews/4", parameters={}
2026-07-31T16:16:24.015+01:00 DEBUG 51869 --- [TuniRate] [http-nio-8080-exec-6] s.w.s.m.m.a.RequestMappingHandlerMapping : Mapped to tn.anasazx.tunirate.review.controller.ReviewController#deleteReview(Long)
2026-07-31T16:16:24.124+01:00  WARN 51869 --- [TuniRate] [http-nio-8080-exec-6] org.hibernate.orm.jdbc.error             : HHH000247: ErrorCode: 0, SQLState: 23503
2026-07-31T16:16:24.124+01:00  WARN 51869 --- [TuniRate] [http-nio-8080-exec-6] org.hibernate.orm.jdbc.error             : ERROR: update or delete on table "comments" violates foreign key constraint "fk3wa5u7bs1p1o9hmavtgdgk1go" on table "comment_likes"
  Detail: Key (id)=(4) is still referenced from table "comment_likes".
2026-07-31T16:16:24.132+01:00 DEBUG 51869 --- [TuniRate] [http-nio-8080-exec-6] o.s.web.servlet.DispatcherServlet        : Failed to complete request: org.springframework.dao.DataIntegrityViolationException: could not execute statement [ERROR: update or delete on table "comments" violates foreign key constraint "fk3wa5u7bs1p1o9hmavtgdgk1go" on table "comment_likes"
  Detail: Key (id)=(4) is still referenced from table "comment_likes".] [delete from comments where id=?]; SQL [delete from comments where id=?]; constraint [fk3wa5u7bs1p1o9hmavtgdgk1go]
2026-07-31T16:16:24.133+01:00 ERROR 51869 --- [TuniRate] [http-nio-8080-exec-6] o.a.c.c.C.[.[.[/].[dispatcherServlet]    : Servlet.service() for servlet [dispatcherServlet] in context with path [] threw exception [Request processing failed: org.springframework.dao.DataIntegrityViolationException: could not execute statement [ERROR: update or delete on table "comments" violates foreign key constraint "fk3wa5u7bs1p1o9hmavtgdgk1go" on table "comment_likes"
  Detail: Key (id)=(4) is still referenced from table "comment_likes".] [delete from comments where id=?]; SQL [delete from comments where id=?]; constraint [fk3wa5u7bs1p1o9hmavtgdgk1go]] with root cause

org.postgresql.util.PSQLException: ERROR: update or delete on table "comments" violates foreign key constraint "fk3wa5u7bs1p1o9hmavtgdgk1go" on table "comment_likes"
  Detail: Key (id)=(4) is still referenced from table "comment_likes".
	at org.postgresql.core.v3.QueryExecutorImpl.receiveErrorResponse(QueryExecutorImpl.java:2875) ~[postgresql-42.7.10.jar:42.7.10]
	at org.postgresql.core.v3.QueryExecutorImpl.processResults(QueryExecutorImpl.java:2560) ~[postgresql-42.7.10.jar:42.7.10]
	at org.postgresql.core.v3.QueryExecutorImpl.execute(QueryExecutorImpl.java:429) ~[postgresql-42.7.10.jar:42.7.10]
	at org.postgresql.jdbc.PgStatement.executeInternal(PgStatement.java:526) ~[postgresql-42.7.10.jar:42.7.10]
	at org.postgresql.jdbc.PgStatement.execute(PgStatement.java:436) ~[postgresql-42.7.10.jar:42.7.10]
	at org.postgresql.jdbc.PgPreparedStatement.executeWithFlags(PgPreparedStatement.java:196) ~[postgresql-42.7.10.jar:42.7.10]
	at org.postgresql.jdbc.PgPreparedStatement.executeUpdate(PgPreparedStatement.java:157) ~[postgresql-42.7.10.jar:42.7.10]
	at com.zaxxer.hikari.pool.ProxyPreparedStatement.executeUpdate(ProxyPreparedStatement.java:61) ~[HikariCP-7.0.2.jar:na]
	at com.zaxxer.hikari.pool.HikariProxyPreparedStatement.executeUpdate(HikariProxyPreparedStatement.java) ~[HikariCP-7.0.2.jar:na]
	at org.hibernate.engine.jdbc.internal.ResultSetReturnImpl.executeUpdate(ResultSetReturnImpl.java:181) ~[hibernate-core-7.2.12.Final.jar:7.2.12.Final]
	at org.hibernate.engine.jdbc.mutation.internal.AbstractMutationExecutor.performNonBatchedMutation(AbstractMutationExecutor.java:145) ~[hibernate-core-7.2.12.Final.jar:7.2.12.Final]
	at org.hibernate.engine.jdbc.mutation.internal.MutationExecutorSingleNonBatched.performNonBatchedOperations(MutationExecutorSingleNonBatched.java:53) ~[hibernate-core-7.2.12.Final.jar:7.2.12.Final]
	at org.hibernate.engine.jdbc.mutation.internal.AbstractMutationExecutor.execute(AbstractMutationExecutor.java:66) ~[hibernate-core-7.2.12.Final.jar:7.2.12.Final]
	at org.hibernate.persister.entity.mutation.AbstractDeleteCoordinator.doStaticDelete(AbstractDeleteCoordinator.java:268) ~[hibernate-core-7.2.12.Final.jar:7.2.12.Final]
	at org.hibernate.persister.entity.mutation.AbstractDeleteCoordinator.delete(AbstractDeleteCoordinator.java:79) ~[hibernate-core-7.2.12.Final.jar:7.2.12.Final]
	at org.hibernate.action.internal.EntityDeleteAction.execute(EntityDeleteAction.java:119) ~[hibernate-core-7.2.12.Final.jar:7.2.12.Final]
	at org.hibernate.engine.spi.ActionQueue.executeActions(ActionQueue.java:634) ~[hibernate-core-7.2.12.Final.jar:7.2.12.Final]
	at org.hibernate.engine.spi.ActionQueue.executeActions(ActionQueue.java:505) ~[hibernate-core-7.2.12.Final.jar:7.2.12.Final]
	at org.hibernate.event.internal.AbstractFlushingEventListener.performExecutions(AbstractFlushingEventListener.java:381) ~[hibernate-core-7.2.12.Final.jar:7.2.12.Final]
	at org.hibernate.event.internal.DefaultFlushEventListener.onFlush(DefaultFlushEventListener.java:40) ~[hibernate-core-7.2.12.Final.jar:7.2.12.Final]
	at org.hibernate.event.service.internal.EventListenerGroupImpl.fireEventOnEachListener(EventListenerGroupImpl.java:138) ~[hibernate-core-7.2.12.Final.jar:7.2.12.Final]
	at org.hibernate.internal.SessionImpl.fireFlush(SessionImpl.java:1484) ~[hibernate-core-7.2.12.Final.jar:7.2.12.Final]
	at org.hibernate.internal.SessionImpl.flush(SessionImpl.java:1472) ~[hibernate-core-7.2.12.Final.jar:7.2.12.Final]
	at org.hibernate.query.sql.internal.NativeQueryImpl.prepareForExecution(NativeQueryImpl.java:726) ~[hibernate-core-7.2.12.Final.jar:7.2.12.Final]
	at org.hibernate.query.spi.AbstractSelectionQuery.beforeQuery(AbstractSelectionQuery.java:182) ~[hibernate-core-7.2.12.Final.jar:7.2.12.Final]
	at org.hibernate.query.spi.AbstractSelectionQuery.beforeQueryHandlingFetchProfiles(AbstractSelectionQuery.java:169) ~[hibernate-core-7.2.12.Final.jar:7.2.12.Final]
	at org.hibernate.query.spi.AbstractQuery.executeUpdate(AbstractQuery.java:639) ~[hibernate-core-7.2.12.Final.jar:7.2.12.Final]
	at org.springframework.data.jpa.repository.query.JpaQueryExecution$ModifyingExecution.doExecute(JpaQueryExecution.java:373) ~[spring-data-jpa-4.0.5.jar:4.0.5]
	at org.springframework.data.jpa.repository.query.JpaQueryExecution.execute(JpaQueryExecution.java:99) ~[spring-data-jpa-4.0.5.jar:4.0.5]
	at org.springframework.data.jpa.repository.query.AbstractJpaQuery.doExecute(AbstractJpaQuery.java:164) ~[spring-data-jpa-4.0.5.jar:4.0.5]
	at org.springframework.data.jpa.repository.query.AbstractJpaQuery.execute(AbstractJpaQuery.java:154) ~[spring-data-jpa-4.0.5.jar:4.0.5]
	at org.springframework.data.repository.core.support.RepositoryMethodInvoker.doInvoke(RepositoryMethodInvoker.java:169) ~[spring-data-commons-4.0.5.jar:4.0.5]
	at org.springframework.data.repository.core.support.RepositoryMethodInvoker.invoke(RepositoryMethodInvoker.java:158) ~[spring-data-commons-4.0.5.jar:4.0.5]
	at org.springframework.data.repository.core.support.QueryExecutorMethodInterceptor.doInvoke(QueryExecutorMethodInterceptor.java:167) ~[spring-data-commons-4.0.5.jar:4.0.5]
	at org.springframework.data.repository.core.support.QueryExecutorMethodInterceptor.invoke(QueryExecutorMethodInterceptor.java:146) ~[spring-data-commons-4.0.5.jar:4.0.5]
	at org.springframework.aop.framework.ReflectiveMethodInvocation.proceed(ReflectiveMethodInvocation.java:179) ~[spring-aop-7.0.7.jar:7.0.7]
	at org.springframework.data.projection.DefaultMethodInvokingMethodInterceptor.invoke(DefaultMethodInvokingMethodInterceptor.java:69) ~[spring-data-commons-4.0.5.jar:4.0.5]
	at org.springframework.aop.framework.ReflectiveMethodInvocation.proceed(ReflectiveMethodInvocation.java:179) ~[spring-aop-7.0.7.jar:7.0.7]
	at org.springframework.transaction.interceptor.TransactionInterceptor$1.proceedWithInvocation(TransactionInterceptor.java:133) ~[spring-tx-7.0.7.jar:7.0.7]
	at org.springframework.transaction.interceptor.TransactionAspectSupport.invokeWithinTransaction(TransactionAspectSupport.java:371) ~[spring-tx-7.0.7.jar:7.0.7]
	at org.springframework.transaction.interceptor.TransactionInterceptor.invoke(TransactionInterceptor.java:130) ~[spring-tx-7.0.7.jar:7.0.7]
	at org.springframework.aop.framework.ReflectiveMethodInvocation.proceed(ReflectiveMethodInvocation.java:179) ~[spring-aop-7.0.7.jar:7.0.7]
	at org.springframework.dao.support.PersistenceExceptionTranslationInterceptor.invoke(PersistenceExceptionTranslationInterceptor.java:135) ~[spring-tx-7.0.7.jar:7.0.7]
	at org.springframework.aop.framework.ReflectiveMethodInvocation.proceed(ReflectiveMethodInvocation.java:179) ~[spring-aop-7.0.7.jar:7.0.7]
	at org.springframework.data.jpa.repository.support.CrudMethodMetadataPostProcessor$CrudMethodMetadataPopulatingMethodInterceptor.invoke(CrudMethodMetadataPostProcessor.java:137) ~[spring-data-jpa-4.0.5.jar:4.0.5]
	at org.springframework.aop.framework.ReflectiveMethodInvocation.proceed(ReflectiveMethodInvocation.java:179) ~[spring-aop-7.0.7.jar:7.0.7]
	at org.springframework.aop.framework.JdkDynamicAopProxy.invoke(JdkDynamicAopProxy.java:222) ~[spring-aop-7.0.7.jar:7.0.7]
	at jdk.proxy2/jdk.proxy2.$Proxy174.recalculateReviewStats(Unknown Source) ~[na:na]
	at tn.anasazx.tunirate.review.service.implementation.ReviewServiceImpl.deleteReview(ReviewServiceImpl.java:121) ~[classes/:na]
	at java.base/jdk.internal.reflect.DirectMethodHandleAccessor.invoke(DirectMethodHandleAccessor.java:103) ~[na:na]
	at java.base/java.lang.reflect.Method.invoke(Method.java:580) ~[na:na]
	at org.springframework.aop.support.AopUtils.invokeJoinpointUsingReflection(AopUtils.java:359) ~[spring-aop-7.0.7.jar:7.0.7]
	at org.springframework.aop.framework.ReflectiveMethodInvocation.invokeJoinpoint(ReflectiveMethodInvocation.java:190) ~[spring-aop-7.0.7.jar:7.0.7]
	at org.springframework.aop.framework.ReflectiveMethodInvocation.proceed(ReflectiveMethodInvocation.java:158) ~[spring-aop-7.0.7.jar:7.0.7]
	at org.springframework.transaction.interceptor.TransactionInterceptor$1.proceedWithInvocation(TransactionInterceptor.java:133) ~[spring-tx-7.0.7.jar:7.0.7]
	at org.springframework.transaction.interceptor.TransactionAspectSupport.invokeWithinTransaction(TransactionAspectSupport.java:371) ~[spring-tx-7.0.7.jar:7.0.7]
	at org.springframework.transaction.interceptor.TransactionInterceptor.invoke(TransactionInterceptor.java:130) ~[spring-tx-7.0.7.jar:7.0.7]
	at org.springframework.aop.framework.ReflectiveMethodInvocation.proceed(ReflectiveMethodInvocation.java:179) ~[spring-aop-7.0.7.jar:7.0.7]
	at org.springframework.aop.framework.CglibAopProxy$DynamicAdvisedInterceptor.intercept(CglibAopProxy.java:719) ~[spring-aop-7.0.7.jar:7.0.7]
	at tn.anasazx.tunirate.review.service.implementation.ReviewServiceImpl$$SpringCGLIB$$0.deleteReview(<generated>) ~[classes/:na]
	at tn.anasazx.tunirate.review.controller.ReviewController.deleteReview(ReviewController.java:81) ~[classes/:na]
	at java.base/jdk.internal.reflect.DirectMethodHandleAccessor.invoke(DirectMethodHandleAccessor.java:103) ~[na:na]
	at java.base/java.lang.reflect.Method.invoke(Method.java:580) ~[na:na]
	at org.springframework.aop.support.AopUtils.invokeJoinpointUsingReflection(AopUtils.java:359) ~[spring-aop-7.0.7.jar:7.0.7]
	at org.springframework.aop.framework.CglibAopProxy$DynamicAdvisedInterceptor.intercept(CglibAopProxy.java:715) ~[spring-aop-7.0.7.jar:7.0.7]
	at tn.anasazx.tunirate.review.controller.ReviewController$$SpringCGLIB$$0.deleteReview(<generated>) ~[classes/:na]
	at java.base/jdk.internal.reflect.DirectMethodHandleAccessor.invoke(DirectMethodHandleAccessor.java:103) ~[na:na]
	at java.base/java.lang.reflect.Method.invoke(Method.java:580) ~[na:na]
	at org.springframework.web.method.support.InvocableHandlerMethod.doInvoke(InvocableHandlerMethod.java:252) ~[spring-web-7.0.7.jar:7.0.7]
	at org.springframework.web.method.support.InvocableHandlerMethod.invokeForRequest(InvocableHandlerMethod.java:184) ~[spring-web-7.0.7.jar:7.0.7]
	at org.springframework.web.servlet.mvc.method.annotation.ServletInvocableHandlerMethod.invokeAndHandle(ServletInvocableHandlerMethod.java:117) ~[spring-webmvc-7.0.7.jar:7.0.7]
	at org.springframework.web.servlet.mvc.method.annotation.RequestMappingHandlerAdapter.invokeHandlerMethod(RequestMappingHandlerAdapter.java:934) ~[spring-webmvc-7.0.7.jar:7.0.7]
	at org.springframework.web.servlet.mvc.method.annotation.RequestMappingHandlerAdapter.handleInternal(RequestMappingHandlerAdapter.java:853) ~[spring-webmvc-7.0.7.jar:7.0.7]
	at org.springframework.web.servlet.mvc.method.AbstractHandlerMethodAdapter.handle(AbstractHandlerMethodAdapter.java:86) ~[spring-webmvc-7.0.7.jar:7.0.7]
	at org.springframework.web.servlet.DispatcherServlet.doDispatch(DispatcherServlet.java:963) ~[spring-webmvc-7.0.7.jar:7.0.7]
	at org.springframework.web.servlet.DispatcherServlet.doService(DispatcherServlet.java:866) ~[spring-webmvc-7.0.7.jar:7.0.7]
	at org.springframework.web.servlet.FrameworkServlet.processRequest(FrameworkServlet.java:1000) ~[spring-webmvc-7.0.7.jar:7.0.7]
	at org.springframework.web.servlet.FrameworkServlet.doDelete(FrameworkServlet.java:925) ~[spring-webmvc-7.0.7.jar:7.0.7]
	at jakarta.servlet.http.HttpServlet.service(HttpServlet.java:651) ~[tomcat-embed-core-11.0.21.jar:6.1]
	at org.springframework.web.servlet.FrameworkServlet.service(FrameworkServlet.java:874) ~[spring-webmvc-7.0.7.jar:7.0.7]
	at jakarta.servlet.http.HttpServlet.service(HttpServlet.java:710) ~[tomcat-embed-core-11.0.21.jar:6.1]
	at org.apache.catalina.core.ApplicationFilterChain.doFilter(ApplicationFilterChain.java:128) ~[tomcat-embed-core-11.0.21.jar:11.0.21]
	at org.apache.tomcat.websocket.server.WsFilter.doFilter(WsFilter.java:53) ~[tomcat-embed-websocket-11.0.21.jar:11.0.21]
	at org.apache.catalina.core.ApplicationFilterChain.doFilter(ApplicationFilterChain.java:107) ~[tomcat-embed-core-11.0.21.jar:11.0.21]
	at org.springframework.web.filter.OncePerRequestFilter.doFilter(OncePerRequestFilter.java:110) ~[spring-web-7.0.7.jar:7.0.7]
	at org.apache.catalina.core.ApplicationFilterChain.doFilter(ApplicationFilterChain.java:107) ~[tomcat-embed-core-11.0.21.jar:11.0.21]
	at org.springframework.web.filter.CompositeFilter$VirtualFilterChain.doFilter(CompositeFilter.java:108) ~[spring-web-7.0.7.jar:7.0.7]
	at org.springframework.security.web.FilterChainProxy.lambda$doFilterInternal$3(FilterChainProxy.java:235) ~[spring-security-web-7.0.5.jar:7.0.5]
	at org.springframework.security.web.FilterChainProxy$VirtualFilterChain.doFilter(FilterChainProxy.java:376) ~[spring-security-web-7.0.5.jar:7.0.5]
	at org.springframework.security.web.access.intercept.AuthorizationFilter.doFilter(AuthorizationFilter.java:101) ~[spring-security-web-7.0.5.jar:7.0.5]
	at org.springframework.security.web.FilterChainProxy$VirtualFilterChain.doFilter(FilterChainProxy.java:385) ~[spring-security-web-7.0.5.jar:7.0.5]
	at org.springframework.security.web.access.ExceptionTranslationFilter.doFilter(ExceptionTranslationFilter.java:126) ~[spring-security-web-7.0.5.jar:7.0.5]
	at org.springframework.security.web.access.ExceptionTranslationFilter.doFilter(ExceptionTranslationFilter.java:120) ~[spring-security-web-7.0.5.jar:7.0.5]
	at org.springframework.security.web.FilterChainProxy$VirtualFilterChain.doFilter(FilterChainProxy.java:385) ~[spring-security-web-7.0.5.jar:7.0.5]
	at org.springframework.security.web.session.SessionManagementFilter.doFilter(SessionManagementFilter.java:132) ~[spring-security-web-7.0.5.jar:7.0.5]
	at org.springframework.security.web.session.SessionManagementFilter.doFilter(SessionManagementFilter.java:86) ~[spring-security-web-7.0.5.jar:7.0.5]
	at org.springframework.security.web.FilterChainProxy$VirtualFilterChain.doFilter(FilterChainProxy.java:385) ~[spring-security-web-7.0.5.jar:7.0.5]
	at org.springframework.security.web.authentication.AnonymousAuthenticationFilter.doFilter(AnonymousAuthenticationFilter.java:100) ~[spring-security-web-7.0.5.jar:7.0.5]
	at org.springframework.security.web.FilterChainProxy$VirtualFilterChain.doFilter(FilterChainProxy.java:385) ~[spring-security-web-7.0.5.jar:7.0.5]
	at org.springframework.security.web.servletapi.SecurityContextHolderAwareRequestFilter.doFilter(SecurityContextHolderAwareRequestFilter.java:181) ~[spring-security-web-7.0.5.jar:7.0.5]
	at org.springframework.security.web.FilterChainProxy$VirtualFilterChain.doFilter(FilterChainProxy.java:385) ~[spring-security-web-7.0.5.jar:7.0.5]
	at org.springframework.security.web.savedrequest.RequestCacheAwareFilter.doFilter(RequestCacheAwareFilter.java:63) ~[spring-security-web-7.0.5.jar:7.0.5]
	at org.springframework.security.web.FilterChainProxy$VirtualFilterChain.doFilter(FilterChainProxy.java:385) ~[spring-security-web-7.0.5.jar:7.0.5]
	at tn.anasazx.tunirate.security.JwtAuthFilter.doFilterInternal(JwtAuthFilter.java:69) ~[classes/:na]
	at org.springframework.web.filter.OncePerRequestFilter.doFilter(OncePerRequestFilter.java:116) ~[spring-web-7.0.7.jar:7.0.7]
	at org.springframework.security.web.FilterChainProxy$VirtualFilterChain.doFilter(FilterChainProxy.java:385) ~[spring-security-web-7.0.5.jar:7.0.5]
	at org.springframework.security.web.authentication.logout.LogoutFilter.doFilter(LogoutFilter.java:110) ~[spring-security-web-7.0.5.jar:7.0.5]
	at org.springframework.security.web.authentication.logout.LogoutFilter.doFilter(LogoutFilter.java:96) ~[spring-security-web-7.0.5.jar:7.0.5]
	at org.springframework.security.web.FilterChainProxy$VirtualFilterChain.doFilter(FilterChainProxy.java:385) ~[spring-security-web-7.0.5.jar:7.0.5]
	at org.springframework.web.filter.CorsFilter.doFilterInternal(CorsFilter.java:91) ~[spring-web-7.0.7.jar:7.0.7]
	at org.springframework.web.filter.OncePerRequestFilter.doFilter(OncePerRequestFilter.java:116) ~[spring-web-7.0.7.jar:7.0.7]
	at org.springframework.security.web.FilterChainProxy$VirtualFilterChain.doFilter(FilterChainProxy.java:385) ~[spring-security-web-7.0.5.jar:7.0.5]
	at org.springframework.security.web.header.HeaderWriterFilter.doHeadersAfter(HeaderWriterFilter.java:90) ~[spring-security-web-7.0.5.jar:7.0.5]
	at org.springframework.security.web.header.HeaderWriterFilter.doFilterInternal(HeaderWriterFilter.java:75) ~[spring-security-web-7.0.5.jar:7.0.5]
	at org.springframework.web.filter.OncePerRequestFilter.doFilter(OncePerRequestFilter.java:116) ~[spring-web-7.0.7.jar:7.0.7]
	at org.springframework.security.web.FilterChainProxy$VirtualFilterChain.doFilter(FilterChainProxy.java:385) ~[spring-security-web-7.0.5.jar:7.0.5]
	at org.springframework.security.web.context.SecurityContextHolderFilter.doFilter(SecurityContextHolderFilter.java:82) ~[spring-security-web-7.0.5.jar:7.0.5]
	at org.springframework.security.web.context.SecurityContextHolderFilter.doFilter(SecurityContextHolderFilter.java:69) ~[spring-security-web-7.0.5.jar:7.0.5]
	at org.springframework.security.web.FilterChainProxy$VirtualFilterChain.doFilter(FilterChainProxy.java:385) ~[spring-security-web-7.0.5.jar:7.0.5]
	at org.springframework.security.web.context.request.async.WebAsyncManagerIntegrationFilter.doFilterInternal(WebAsyncManagerIntegrationFilter.java:62) ~[spring-security-web-7.0.5.jar:7.0.5]
	at org.springframework.web.filter.OncePerRequestFilter.doFilter(OncePerRequestFilter.java:116) ~[spring-web-7.0.7.jar:7.0.7]
	at org.springframework.security.web.FilterChainProxy$VirtualFilterChain.doFilter(FilterChainProxy.java:385) ~[spring-security-web-7.0.5.jar:7.0.5]
	at org.springframework.security.web.session.DisableEncodeUrlFilter.doFilterInternal(DisableEncodeUrlFilter.java:42) ~[spring-security-web-7.0.5.jar:7.0.5]
	at org.springframework.web.filter.OncePerRequestFilter.doFilter(OncePerRequestFilter.java:116) ~[spring-web-7.0.7.jar:7.0.7]
	at org.springframework.security.web.FilterChainProxy$VirtualFilterChain.doFilter(FilterChainProxy.java:385) ~[spring-security-web-7.0.5.jar:7.0.5]
	at org.springframework.security.web.FilterChainProxy.doFilterInternal(FilterChainProxy.java:237) ~[spring-security-web-7.0.5.jar:7.0.5]
	at org.springframework.security.web.FilterChainProxy.doFilter(FilterChainProxy.java:195) ~[spring-security-web-7.0.5.jar:7.0.5]
	at org.springframework.web.filter.CompositeFilter$VirtualFilterChain.doFilter(CompositeFilter.java:113) ~[spring-web-7.0.7.jar:7.0.7]
	at org.springframework.web.filter.ServletRequestPathFilter.doFilter(ServletRequestPathFilter.java:52) ~[spring-web-7.0.7.jar:7.0.7]
	at org.springframework.web.filter.CompositeFilter$VirtualFilterChain.doFilter(CompositeFilter.java:113) ~[spring-web-7.0.7.jar:7.0.7]
	at org.springframework.web.filter.CompositeFilter.doFilter(CompositeFilter.java:74) ~[spring-web-7.0.7.jar:7.0.7]
	at org.springframework.security.config.annotation.web.configuration.WebSecurityConfiguration$CompositeFilterChainProxy.doFilter(WebSecurityConfiguration.java:317) ~[spring-security-config-7.0.5.jar:7.0.5]
	at org.springframework.web.filter.DelegatingFilterProxy.invokeDelegate(DelegatingFilterProxy.java:355) ~[spring-web-7.0.7.jar:7.0.7]
	at org.springframework.web.filter.DelegatingFilterProxy.doFilter(DelegatingFilterProxy.java:272) ~[spring-web-7.0.7.jar:7.0.7]
	at org.apache.catalina.core.ApplicationFilterChain.doFilter(ApplicationFilterChain.java:107) ~[tomcat-embed-core-11.0.21.jar:11.0.21]
	at org.springframework.web.filter.RequestContextFilter.doFilterInternal(RequestContextFilter.java:100) ~[spring-web-7.0.7.jar:7.0.7]
	at org.springframework.web.filter.OncePerRequestFilter.doFilter(OncePerRequestFilter.java:116) ~[spring-web-7.0.7.jar:7.0.7]
	at org.apache.catalina.core.ApplicationFilterChain.doFilter(ApplicationFilterChain.java:107) ~[tomcat-embed-core-11.0.21.jar:11.0.21]
	at org.springframework.web.filter.FormContentFilter.doFilterInternal(FormContentFilter.java:93) ~[spring-web-7.0.7.jar:7.0.7]
	at org.springframework.web.filter.OncePerRequestFilter.doFilter(OncePerRequestFilter.java:116) ~[spring-web-7.0.7.jar:7.0.7]
	at org.apache.catalina.core.ApplicationFilterChain.doFilter(ApplicationFilterChain.java:107) ~[tomcat-embed-core-11.0.21.jar:11.0.21]
	at org.springframework.web.filter.CharacterEncodingFilter.doFilterInternal(CharacterEncodingFilter.java:199) ~[spring-web-7.0.7.jar:7.0.7]
	at org.springframework.web.filter.OncePerRequestFilter.doFilter(OncePerRequestFilter.java:116) ~[spring-web-7.0.7.jar:7.0.7]
	at org.apache.catalina.core.ApplicationFilterChain.doFilter(ApplicationFilterChain.java:107) ~[tomcat-embed-core-11.0.21.jar:11.0.21]
	at org.apache.catalina.core.StandardWrapperValve.invoke(StandardWrapperValve.java:165) ~[tomcat-embed-core-11.0.21.jar:11.0.21]
	at org.apache.catalina.core.StandardContextValve.invoke(StandardContextValve.java:77) ~[tomcat-embed-core-11.0.21.jar:11.0.21]
	at org.apache.catalina.authenticator.AuthenticatorBase.invoke(AuthenticatorBase.java:492) ~[tomcat-embed-core-11.0.21.jar:11.0.21]
	at org.apache.catalina.core.StandardHostValve.invoke(StandardHostValve.java:113) ~[tomcat-embed-core-11.0.21.jar:11.0.21]
	at org.apache.catalina.valves.ErrorReportValve.invoke(ErrorReportValve.java:83) ~[tomcat-embed-core-11.0.21.jar:11.0.21]
	at org.apache.catalina.core.StandardEngineValve.invoke(StandardEngineValve.java:72) ~[tomcat-embed-core-11.0.21.jar:11.0.21]
	at org.apache.catalina.connector.CoyoteAdapter.service(CoyoteAdapter.java:341) ~[tomcat-embed-core-11.0.21.jar:11.0.21]
	at org.apache.coyote.http11.Http11Processor.service(Http11Processor.java:397) ~[tomcat-embed-core-11.0.21.jar:11.0.21]
	at org.apache.coyote.AbstractProcessorLight.process(AbstractProcessorLight.java:63) ~[tomcat-embed-core-11.0.21.jar:11.0.21]
	at org.apache.coyote.AbstractProtocol$ConnectionHandler.process(AbstractProtocol.java:903) ~[tomcat-embed-core-11.0.21.jar:11.0.21]
	at org.apache.tomcat.util.net.NioEndpoint$SocketProcessor.doRun(NioEndpoint.java:1801) ~[tomcat-embed-core-11.0.21.jar:11.0.21]
	at org.apache.tomcat.util.net.SocketProcessorBase.run(SocketProcessorBase.java:52) ~[tomcat-embed-core-11.0.21.jar:11.0.21]
	at org.apache.tomcat.util.threads.ThreadPoolExecutor.runWorker(ThreadPoolExecutor.java:946) ~[tomcat-embed-core-11.0.21.jar:11.0.21]
	at org.apache.tomcat.util.threads.ThreadPoolExecutor$Worker.run(ThreadPoolExecutor.java:480) ~[tomcat-embed-core-11.0.21.jar:11.0.21]
	at org.apache.tomcat.util.threads.TaskThread$WrappingRunnable.run(TaskThread.java:57) ~[tomcat-embed-core-11.0.21.jar:11.0.21]
	at java.base/java.lang.Thread.run(Thread.java:1583) ~[na:na]

2026-07-31T16:20:06.335+01:00  INFO 51977 --- [TuniRate] [main] t.anasazx.tunirate.TuniRateApplication   : Starting TuniRateApplication using Java 21.0.8 with PID 51977 (/Users/anasaz/Dev/revision/TuniRate/target/classes started by anasaz in /Users/anasaz/Dev/revision/TuniRate)
2026-07-31T16:20:06.336+01:00 DEBUG 51977 --- [TuniRate] [main] t.anasazx.tunirate.TuniRateApplication   : Running with Spring Boot v4.0.6, Spring v7.0.7
2026-07-31T16:20:06.336+01:00  INFO 51977 --- [TuniRate] [main] t.anasazx.tunirate.TuniRateApplication   : No active profile set, falling back to 1 default profile: "default"
2026-07-31T16:20:07.148+01:00 DEBUG 51977 --- [TuniRate] [main] t.a.tunirate.security.JwtAuthFilter      : Filter 'jwtAuthFilter' configured for use
2026-07-31T16:20:09.502+01:00  WARN 51977 --- [TuniRate] [main] JpaBaseConfiguration$JpaWebConfiguration : spring.jpa.open-in-view is enabled by default. Therefore, database queries may be performed during view rendering. Explicitly configure spring.jpa.open-in-view to disable this warning
2026-07-31T16:20:09.568+01:00  WARN 51977 --- [TuniRate] [main] .s.a.UserDetailsServiceAutoConfiguration : 

Using generated security password: ada51f52-9781-437f-a7ee-2ce67113da20

This generated password is for development use only. Your security configuration must be updated before running your application in production.

2026-07-31T16:20:09.749+01:00 DEBUG 51977 --- [TuniRate] [main] s.w.s.m.m.a.RequestMappingHandlerMapping : 93 mappings in 'requestMappingHandlerMapping'
2026-07-31T16:20:09.780+01:00 DEBUG 51977 --- [TuniRate] [main] o.s.w.s.handler.SimpleUrlHandlerMapping  : Patterns [/webjars/**, /**, /uploads/**] in 'resourceHandlerMapping'
2026-07-31T16:20:09.798+01:00 DEBUG 51977 --- [TuniRate] [main] s.w.s.m.m.a.RequestMappingHandlerAdapter : ControllerAdvice beans: 0 @ModelAttribute, 0 @InitBinder, 2 RequestBodyAdvice, 1 ResponseBodyAdvice
2026-07-31T16:20:09.833+01:00 DEBUG 51977 --- [TuniRate] [main] .m.m.a.ExceptionHandlerExceptionResolver : ControllerAdvice beans: 0 @ExceptionHandler, 1 ResponseBodyAdvice
2026-07-31T16:20:09.953+01:00  INFO 51977 --- [TuniRate] [main] t.anasazx.tunirate.TuniRateApplication   : Started TuniRateApplication in 3.82 seconds (process running for 4.138)
2026-07-31T16:20:14.808+01:00  INFO 51977 --- [TuniRate] [http-nio-8080-exec-1] o.s.web.servlet.DispatcherServlet        : Initializing Servlet 'dispatcherServlet'
2026-07-31T16:20:14.808+01:00 DEBUG 51977 --- [TuniRate] [http-nio-8080-exec-1] o.s.web.servlet.DispatcherServlet        : Detected StandardServletMultipartResolver
2026-07-31T16:20:14.808+01:00 DEBUG 51977 --- [TuniRate] [http-nio-8080-exec-1] o.s.web.servlet.DispatcherServlet        : Detected AcceptHeaderLocaleResolver
2026-07-31T16:20:14.809+01:00 DEBUG 51977 --- [TuniRate] [http-nio-8080-exec-1] o.s.web.servlet.DispatcherServlet        : Detected org.springframework.web.servlet.view.DefaultRequestToViewNameTranslator@3767973
2026-07-31T16:20:14.810+01:00 DEBUG 51977 --- [TuniRate] [http-nio-8080-exec-1] o.s.web.servlet.DispatcherServlet        : Detected org.springframework.web.servlet.support.SessionFlashMapManager@2a6ca8d0
2026-07-31T16:20:14.810+01:00 DEBUG 51977 --- [TuniRate] [http-nio-8080-exec-1] o.s.web.servlet.DispatcherServlet        : enableLoggingRequestDetails='false': request parameters and headers will be masked to prevent unsafe logging of potentially sensitive data
2026-07-31T16:20:14.810+01:00  INFO 51977 --- [TuniRate] [http-nio-8080-exec-1] o.s.web.servlet.DispatcherServlet        : Completed initialization in 2 ms
2026-07-31T16:20:14.860+01:00 DEBUG 51977 --- [TuniRate] [http-nio-8080-exec-2] o.s.web.servlet.DispatcherServlet        : DELETE "/reviews/4", parameters={}
2026-07-31T16:20:14.865+01:00 DEBUG 51977 --- [TuniRate] [http-nio-8080-exec-2] s.w.s.m.m.a.RequestMappingHandlerMapping : Mapped to tn.anasazx.tunirate.review.controller.ReviewController#deleteReview(Long)
2026-07-31T16:20:15.055+01:00  WARN 51977 --- [TuniRate] [http-nio-8080-exec-2] org.hibernate.orm.jdbc.error             : HHH000247: ErrorCode: 0, SQLState: 23503
2026-07-31T16:20:15.055+01:00  WARN 51977 --- [TuniRate] [http-nio-8080-exec-2] org.hibernate.orm.jdbc.error             : ERROR: update or delete on table "reviews" violates foreign key constraint "fkm2uonfg8ky6jwtu6iugkilox8" on table "review_likes"
  Detail: Key (id)=(4) is still referenced from table "review_likes".
2026-07-31T16:20:15.065+01:00 DEBUG 51977 --- [TuniRate] [http-nio-8080-exec-2] o.s.web.servlet.DispatcherServlet        : Failed to complete request: org.springframework.dao.DataIntegrityViolationException: could not execute statement [ERROR: update or delete on table "reviews" violates foreign key constraint "fkm2uonfg8ky6jwtu6iugkilox8" on table "review_likes"
  Detail: Key (id)=(4) is still referenced from table "review_likes".] [delete from reviews where id=?]; SQL [delete from reviews where id=?]; constraint [fkm2uonfg8ky6jwtu6iugkilox8]
2026-07-31T16:20:15.066+01:00 ERROR 51977 --- [TuniRate] [http-nio-8080-exec-2] o.a.c.c.C.[.[.[/].[dispatcherServlet]    : Servlet.service() for servlet [dispatcherServlet] in context with path [] threw exception [Request processing failed: org.springframework.dao.DataIntegrityViolationException: could not execute statement [ERROR: update or delete on table "reviews" violates foreign key constraint "fkm2uonfg8ky6jwtu6iugkilox8" on table "review_likes"
  Detail: Key (id)=(4) is still referenced from table "review_likes".] [delete from reviews where id=?]; SQL [delete from reviews where id=?]; constraint [fkm2uonfg8ky6jwtu6iugkilox8]] with root cause

org.postgresql.util.PSQLException: ERROR: update or delete on table "reviews" violates foreign key constraint "fkm2uonfg8ky6jwtu6iugkilox8" on table "review_likes"
  Detail: Key (id)=(4) is still referenced from table "review_likes".
	at org.postgresql.core.v3.QueryExecutorImpl.receiveErrorResponse(QueryExecutorImpl.java:2875) ~[postgresql-42.7.10.jar:42.7.10]
	at org.postgresql.core.v3.QueryExecutorImpl.processResults(QueryExecutorImpl.java:2560) ~[postgresql-42.7.10.jar:42.7.10]
	at org.postgresql.core.v3.QueryExecutorImpl.execute(QueryExecutorImpl.java:429) ~[postgresql-42.7.10.jar:42.7.10]
	at org.postgresql.jdbc.PgStatement.executeInternal(PgStatement.java:526) ~[postgresql-42.7.10.jar:42.7.10]
	at org.postgresql.jdbc.PgStatement.execute(PgStatement.java:436) ~[postgresql-42.7.10.jar:42.7.10]
	at org.postgresql.jdbc.PgPreparedStatement.executeWithFlags(PgPreparedStatement.java:196) ~[postgresql-42.7.10.jar:42.7.10]
	at org.postgresql.jdbc.PgPreparedStatement.executeUpdate(PgPreparedStatement.java:157) ~[postgresql-42.7.10.jar:42.7.10]
	at com.zaxxer.hikari.pool.ProxyPreparedStatement.executeUpdate(ProxyPreparedStatement.java:61) ~[HikariCP-7.0.2.jar:na]
	at com.zaxxer.hikari.pool.HikariProxyPreparedStatement.executeUpdate(HikariProxyPreparedStatement.java) ~[HikariCP-7.0.2.jar:na]
	at org.hibernate.engine.jdbc.internal.ResultSetReturnImpl.executeUpdate(ResultSetReturnImpl.java:181) ~[hibernate-core-7.2.12.Final.jar:7.2.12.Final]
	at org.hibernate.engine.jdbc.mutation.internal.AbstractMutationExecutor.performNonBatchedMutation(AbstractMutationExecutor.java:145) ~[hibernate-core-7.2.12.Final.jar:7.2.12.Final]
	at org.hibernate.engine.jdbc.mutation.internal.MutationExecutorSingleNonBatched.performNonBatchedOperations(MutationExecutorSingleNonBatched.java:53) ~[hibernate-core-7.2.12.Final.jar:7.2.12.Final]
	at org.hibernate.engine.jdbc.mutation.internal.AbstractMutationExecutor.execute(AbstractMutationExecutor.java:66) ~[hibernate-core-7.2.12.Final.jar:7.2.12.Final]
	at org.hibernate.persister.entity.mutation.AbstractDeleteCoordinator.doStaticDelete(AbstractDeleteCoordinator.java:268) ~[hibernate-core-7.2.12.Final.jar:7.2.12.Final]
	at org.hibernate.persister.entity.mutation.AbstractDeleteCoordinator.delete(AbstractDeleteCoordinator.java:79) ~[hibernate-core-7.2.12.Final.jar:7.2.12.Final]
	at org.hibernate.action.internal.EntityDeleteAction.execute(EntityDeleteAction.java:119) ~[hibernate-core-7.2.12.Final.jar:7.2.12.Final]
	at org.hibernate.engine.spi.ActionQueue.executeActions(ActionQueue.java:634) ~[hibernate-core-7.2.12.Final.jar:7.2.12.Final]
	at org.hibernate.engine.spi.ActionQueue.executeActions(ActionQueue.java:505) ~[hibernate-core-7.2.12.Final.jar:7.2.12.Final]
	at org.hibernate.event.internal.AbstractFlushingEventListener.performExecutions(AbstractFlushingEventListener.java:381) ~[hibernate-core-7.2.12.Final.jar:7.2.12.Final]
	at org.hibernate.event.internal.DefaultFlushEventListener.onFlush(DefaultFlushEventListener.java:40) ~[hibernate-core-7.2.12.Final.jar:7.2.12.Final]
	at org.hibernate.event.service.internal.EventListenerGroupImpl.fireEventOnEachListener(EventListenerGroupImpl.java:138) ~[hibernate-core-7.2.12.Final.jar:7.2.12.Final]
	at org.hibernate.internal.SessionImpl.fireFlush(SessionImpl.java:1484) ~[hibernate-core-7.2.12.Final.jar:7.2.12.Final]
	at org.hibernate.internal.SessionImpl.flush(SessionImpl.java:1472) ~[hibernate-core-7.2.12.Final.jar:7.2.12.Final]
	at org.hibernate.query.sql.internal.NativeQueryImpl.prepareForExecution(NativeQueryImpl.java:726) ~[hibernate-core-7.2.12.Final.jar:7.2.12.Final]
	at org.hibernate.query.spi.AbstractSelectionQuery.beforeQuery(AbstractSelectionQuery.java:182) ~[hibernate-core-7.2.12.Final.jar:7.2.12.Final]
	at org.hibernate.query.spi.AbstractSelectionQuery.beforeQueryHandlingFetchProfiles(AbstractSelectionQuery.java:169) ~[hibernate-core-7.2.12.Final.jar:7.2.12.Final]
	at org.hibernate.query.spi.AbstractQuery.executeUpdate(AbstractQuery.java:639) ~[hibernate-core-7.2.12.Final.jar:7.2.12.Final]
	at org.springframework.data.jpa.repository.query.JpaQueryExecution$ModifyingExecution.doExecute(JpaQueryExecution.java:373) ~[spring-data-jpa-4.0.5.jar:4.0.5]
	at org.springframework.data.jpa.repository.query.JpaQueryExecution.execute(JpaQueryExecution.java:99) ~[spring-data-jpa-4.0.5.jar:4.0.5]
	at org.springframework.data.jpa.repository.query.AbstractJpaQuery.doExecute(AbstractJpaQuery.java:164) ~[spring-data-jpa-4.0.5.jar:4.0.5]
	at org.springframework.data.jpa.repository.query.AbstractJpaQuery.execute(AbstractJpaQuery.java:154) ~[spring-data-jpa-4.0.5.jar:4.0.5]
	at org.springframework.data.repository.core.support.RepositoryMethodInvoker.doInvoke(RepositoryMethodInvoker.java:169) ~[spring-data-commons-4.0.5.jar:4.0.5]
	at org.springframework.data.repository.core.support.RepositoryMethodInvoker.invoke(RepositoryMethodInvoker.java:158) ~[spring-data-commons-4.0.5.jar:4.0.5]
	at org.springframework.data.repository.core.support.QueryExecutorMethodInterceptor.doInvoke(QueryExecutorMethodInterceptor.java:167) ~[spring-data-commons-4.0.5.jar:4.0.5]
	at org.springframework.data.repository.core.support.QueryExecutorMethodInterceptor.invoke(QueryExecutorMethodInterceptor.java:146) ~[spring-data-commons-4.0.5.jar:4.0.5]
	at org.springframework.aop.framework.ReflectiveMethodInvocation.proceed(ReflectiveMethodInvocation.java:179) ~[spring-aop-7.0.7.jar:7.0.7]
	at org.springframework.data.projection.DefaultMethodInvokingMethodInterceptor.invoke(DefaultMethodInvokingMethodInterceptor.java:69) ~[spring-data-commons-4.0.5.jar:4.0.5]
	at org.springframework.aop.framework.ReflectiveMethodInvocation.proceed(ReflectiveMethodInvocation.java:179) ~[spring-aop-7.0.7.jar:7.0.7]
	at org.springframework.transaction.interceptor.TransactionInterceptor$1.proceedWithInvocation(TransactionInterceptor.java:133) ~[spring-tx-7.0.7.jar:7.0.7]
	at org.springframework.transaction.interceptor.TransactionAspectSupport.invokeWithinTransaction(TransactionAspectSupport.java:371) ~[spring-tx-7.0.7.jar:7.0.7]
	at org.springframework.transaction.interceptor.TransactionInterceptor.invoke(TransactionInterceptor.java:130) ~[spring-tx-7.0.7.jar:7.0.7]
	at org.springframework.aop.framework.ReflectiveMethodInvocation.proceed(ReflectiveMethodInvocation.java:179) ~[spring-aop-7.0.7.jar:7.0.7]
	at org.springframework.dao.support.PersistenceExceptionTranslationInterceptor.invoke(PersistenceExceptionTranslationInterceptor.java:135) ~[spring-tx-7.0.7.jar:7.0.7]
	at org.springframework.aop.framework.ReflectiveMethodInvocation.proceed(ReflectiveMethodInvocation.java:179) ~[spring-aop-7.0.7.jar:7.0.7]
	at org.springframework.data.jpa.repository.support.CrudMethodMetadataPostProcessor$CrudMethodMetadataPopulatingMethodInterceptor.invoke(CrudMethodMetadataPostProcessor.java:137) ~[spring-data-jpa-4.0.5.jar:4.0.5]
	at org.springframework.aop.framework.ReflectiveMethodInvocation.proceed(ReflectiveMethodInvocation.java:179) ~[spring-aop-7.0.7.jar:7.0.7]
	at org.springframework.aop.framework.JdkDynamicAopProxy.invoke(JdkDynamicAopProxy.java:222) ~[spring-aop-7.0.7.jar:7.0.7]
	at jdk.proxy2/jdk.proxy2.$Proxy174.recalculateReviewStats(Unknown Source) ~[na:na]
	at tn.anasazx.tunirate.review.service.implementation.ReviewServiceImpl.deleteReview(ReviewServiceImpl.java:121) ~[classes/:na]
	at java.base/jdk.internal.reflect.DirectMethodHandleAccessor.invoke(DirectMethodHandleAccessor.java:103) ~[na:na]
	at java.base/java.lang.reflect.Method.invoke(Method.java:580) ~[na:na]
	at org.springframework.aop.support.AopUtils.invokeJoinpointUsingReflection(AopUtils.java:359) ~[spring-aop-7.0.7.jar:7.0.7]
	at org.springframework.aop.framework.ReflectiveMethodInvocation.invokeJoinpoint(ReflectiveMethodInvocation.java:190) ~[spring-aop-7.0.7.jar:7.0.7]
	at org.springframework.aop.framework.ReflectiveMethodInvocation.proceed(ReflectiveMethodInvocation.java:158) ~[spring-aop-7.0.7.jar:7.0.7]
	at org.springframework.transaction.interceptor.TransactionInterceptor$1.proceedWithInvocation(TransactionInterceptor.java:133) ~[spring-tx-7.0.7.jar:7.0.7]
	at org.springframework.transaction.interceptor.TransactionAspectSupport.invokeWithinTransaction(TransactionAspectSupport.java:371) ~[spring-tx-7.0.7.jar:7.0.7]
	at org.springframework.transaction.interceptor.TransactionInterceptor.invoke(TransactionInterceptor.java:130) ~[spring-tx-7.0.7.jar:7.0.7]
	at org.springframework.aop.framework.ReflectiveMethodInvocation.proceed(ReflectiveMethodInvocation.java:179) ~[spring-aop-7.0.7.jar:7.0.7]
	at org.springframework.aop.framework.CglibAopProxy$DynamicAdvisedInterceptor.intercept(CglibAopProxy.java:719) ~[spring-aop-7.0.7.jar:7.0.7]
	at tn.anasazx.tunirate.review.service.implementation.ReviewServiceImpl$$SpringCGLIB$$0.deleteReview(<generated>) ~[classes/:na]
	at tn.anasazx.tunirate.review.controller.ReviewController.deleteReview(ReviewController.java:81) ~[classes/:na]
	at java.base/jdk.internal.reflect.DirectMethodHandleAccessor.invoke(DirectMethodHandleAccessor.java:103) ~[na:na]
	at java.base/java.lang.reflect.Method.invoke(Method.java:580) ~[na:na]
	at org.springframework.aop.support.AopUtils.invokeJoinpointUsingReflection(AopUtils.java:359) ~[spring-aop-7.0.7.jar:7.0.7]
	at org.springframework.aop.framework.CglibAopProxy$DynamicAdvisedInterceptor.intercept(CglibAopProxy.java:715) ~[spring-aop-7.0.7.jar:7.0.7]
	at tn.anasazx.tunirate.review.controller.ReviewController$$SpringCGLIB$$0.deleteReview(<generated>) ~[classes/:na]
	at java.base/jdk.internal.reflect.DirectMethodHandleAccessor.invoke(DirectMethodHandleAccessor.java:103) ~[na:na]
	at java.base/java.lang.reflect.Method.invoke(Method.java:580) ~[na:na]
	at org.springframework.web.method.support.InvocableHandlerMethod.doInvoke(InvocableHandlerMethod.java:252) ~[spring-web-7.0.7.jar:7.0.7]
	at org.springframework.web.method.support.InvocableHandlerMethod.invokeForRequest(InvocableHandlerMethod.java:184) ~[spring-web-7.0.7.jar:7.0.7]
	at org.springframework.web.servlet.mvc.method.annotation.ServletInvocableHandlerMethod.invokeAndHandle(ServletInvocableHandlerMethod.java:117) ~[spring-webmvc-7.0.7.jar:7.0.7]
	at org.springframework.web.servlet.mvc.method.annotation.RequestMappingHandlerAdapter.invokeHandlerMethod(RequestMappingHandlerAdapter.java:934) ~[spring-webmvc-7.0.7.jar:7.0.7]
	at org.springframework.web.servlet.mvc.method.annotation.RequestMappingHandlerAdapter.handleInternal(RequestMappingHandlerAdapter.java:853) ~[spring-webmvc-7.0.7.jar:7.0.7]
	at org.springframework.web.servlet.mvc.method.AbstractHandlerMethodAdapter.handle(AbstractHandlerMethodAdapter.java:86) ~[spring-webmvc-7.0.7.jar:7.0.7]
	at org.springframework.web.servlet.DispatcherServlet.doDispatch(DispatcherServlet.java:963) ~[spring-webmvc-7.0.7.jar:7.0.7]
	at org.springframework.web.servlet.DispatcherServlet.doService(DispatcherServlet.java:866) ~[spring-webmvc-7.0.7.jar:7.0.7]
	at org.springframework.web.servlet.FrameworkServlet.processRequest(FrameworkServlet.java:1000) ~[spring-webmvc-7.0.7.jar:7.0.7]
	at org.springframework.web.servlet.FrameworkServlet.doDelete(FrameworkServlet.java:925) ~[spring-webmvc-7.0.7.jar:7.0.7]
	at jakarta.servlet.http.HttpServlet.service(HttpServlet.java:651) ~[tomcat-embed-core-11.0.21.jar:6.1]
	at org.springframework.web.servlet.FrameworkServlet.service(FrameworkServlet.java:874) ~[spring-webmvc-7.0.7.jar:7.0.7]
	at jakarta.servlet.http.HttpServlet.service(HttpServlet.java:710) ~[tomcat-embed-core-11.0.21.jar:6.1]
	at org.apache.catalina.core.ApplicationFilterChain.doFilter(ApplicationFilterChain.java:128) ~[tomcat-embed-core-11.0.21.jar:11.0.21]
	at org.apache.tomcat.websocket.server.WsFilter.doFilter(WsFilter.java:53) ~[tomcat-embed-websocket-11.0.21.jar:11.0.21]
	at org.apache.catalina.core.ApplicationFilterChain.doFilter(ApplicationFilterChain.java:107) ~[tomcat-embed-core-11.0.21.jar:11.0.21]
	at org.springframework.web.filter.OncePerRequestFilter.doFilter(OncePerRequestFilter.java:110) ~[spring-web-7.0.7.jar:7.0.7]
	at org.apache.catalina.core.ApplicationFilterChain.doFilter(ApplicationFilterChain.java:107) ~[tomcat-embed-core-11.0.21.jar:11.0.21]
	at org.springframework.web.filter.CompositeFilter$VirtualFilterChain.doFilter(CompositeFilter.java:108) ~[spring-web-7.0.7.jar:7.0.7]
	at org.springframework.security.web.FilterChainProxy.lambda$doFilterInternal$3(FilterChainProxy.java:235) ~[spring-security-web-7.0.5.jar:7.0.5]
	at org.springframework.security.web.FilterChainProxy$VirtualFilterChain.doFilter(FilterChainProxy.java:376) ~[spring-security-web-7.0.5.jar:7.0.5]
	at org.springframework.security.web.access.intercept.AuthorizationFilter.doFilter(AuthorizationFilter.java:101) ~[spring-security-web-7.0.5.jar:7.0.5]
	at org.springframework.security.web.FilterChainProxy$VirtualFilterChain.doFilter(FilterChainProxy.java:385) ~[spring-security-web-7.0.5.jar:7.0.5]
	at org.springframework.security.web.access.ExceptionTranslationFilter.doFilter(ExceptionTranslationFilter.java:126) ~[spring-security-web-7.0.5.jar:7.0.5]
	at org.springframework.security.web.access.ExceptionTranslationFilter.doFilter(ExceptionTranslationFilter.java:120) ~[spring-security-web-7.0.5.jar:7.0.5]
	at org.springframework.security.web.FilterChainProxy$VirtualFilterChain.doFilter(FilterChainProxy.java:385) ~[spring-security-web-7.0.5.jar:7.0.5]
	at org.springframework.security.web.session.SessionManagementFilter.doFilter(SessionManagementFilter.java:132) ~[spring-security-web-7.0.5.jar:7.0.5]
	at org.springframework.security.web.session.SessionManagementFilter.doFilter(SessionManagementFilter.java:86) ~[spring-security-web-7.0.5.jar:7.0.5]
	at org.springframework.security.web.FilterChainProxy$VirtualFilterChain.doFilter(FilterChainProxy.java:385) ~[spring-security-web-7.0.5.jar:7.0.5]
	at org.springframework.security.web.authentication.AnonymousAuthenticationFilter.doFilter(AnonymousAuthenticationFilter.java:100) ~[spring-security-web-7.0.5.jar:7.0.5]
	at org.springframework.security.web.FilterChainProxy$VirtualFilterChain.doFilter(FilterChainProxy.java:385) ~[spring-security-web-7.0.5.jar:7.0.5]
	at org.springframework.security.web.servletapi.SecurityContextHolderAwareRequestFilter.doFilter(SecurityContextHolderAwareRequestFilter.java:181) ~[spring-security-web-7.0.5.jar:7.0.5]
	at org.springframework.security.web.FilterChainProxy$VirtualFilterChain.doFilter(FilterChainProxy.java:385) ~[spring-security-web-7.0.5.jar:7.0.5]
	at org.springframework.security.web.savedrequest.RequestCacheAwareFilter.doFilter(RequestCacheAwareFilter.java:63) ~[spring-security-web-7.0.5.jar:7.0.5]
	at org.springframework.security.web.FilterChainProxy$VirtualFilterChain.doFilter(FilterChainProxy.java:385) ~[spring-security-web-7.0.5.jar:7.0.5]
	at tn.anasazx.tunirate.security.JwtAuthFilter.doFilterInternal(JwtAuthFilter.java:69) ~[classes/:na]
	at org.springframework.web.filter.OncePerRequestFilter.doFilter(OncePerRequestFilter.java:116) ~[spring-web-7.0.7.jar:7.0.7]
	at org.springframework.security.web.FilterChainProxy$VirtualFilterChain.doFilter(FilterChainProxy.java:385) ~[spring-security-web-7.0.5.jar:7.0.5]
	at org.springframework.security.web.authentication.logout.LogoutFilter.doFilter(LogoutFilter.java:110) ~[spring-security-web-7.0.5.jar:7.0.5]
	at org.springframework.security.web.authentication.logout.LogoutFilter.doFilter(LogoutFilter.java:96) ~[spring-security-web-7.0.5.jar:7.0.5]
	at org.springframework.security.web.FilterChainProxy$VirtualFilterChain.doFilter(FilterChainProxy.java:385) ~[spring-security-web-7.0.5.jar:7.0.5]
	at org.springframework.web.filter.CorsFilter.doFilterInternal(CorsFilter.java:91) ~[spring-web-7.0.7.jar:7.0.7]
	at org.springframework.web.filter.OncePerRequestFilter.doFilter(OncePerRequestFilter.java:116) ~[spring-web-7.0.7.jar:7.0.7]
	at org.springframework.security.web.FilterChainProxy$VirtualFilterChain.doFilter(FilterChainProxy.java:385) ~[spring-security-web-7.0.5.jar:7.0.5]
	at org.springframework.security.web.header.HeaderWriterFilter.doHeadersAfter(HeaderWriterFilter.java:90) ~[spring-security-web-7.0.5.jar:7.0.5]
	at org.springframework.security.web.header.HeaderWriterFilter.doFilterInternal(HeaderWriterFilter.java:75) ~[spring-security-web-7.0.5.jar:7.0.5]
	at org.springframework.web.filter.OncePerRequestFilter.doFilter(OncePerRequestFilter.java:116) ~[spring-web-7.0.7.jar:7.0.7]
	at org.springframework.security.web.FilterChainProxy$VirtualFilterChain.doFilter(FilterChainProxy.java:385) ~[spring-security-web-7.0.5.jar:7.0.5]
	at org.springframework.security.web.context.SecurityContextHolderFilter.doFilter(SecurityContextHolderFilter.java:82) ~[spring-security-web-7.0.5.jar:7.0.5]
	at org.springframework.security.web.context.SecurityContextHolderFilter.doFilter(SecurityContextHolderFilter.java:69) ~[spring-security-web-7.0.5.jar:7.0.5]
	at org.springframework.security.web.FilterChainProxy$VirtualFilterChain.doFilter(FilterChainProxy.java:385) ~[spring-security-web-7.0.5.jar:7.0.5]
	at org.springframework.security.web.context.request.async.WebAsyncManagerIntegrationFilter.doFilterInternal(WebAsyncManagerIntegrationFilter.java:62) ~[spring-security-web-7.0.5.jar:7.0.5]
	at org.springframework.web.filter.OncePerRequestFilter.doFilter(OncePerRequestFilter.java:116) ~[spring-web-7.0.7.jar:7.0.7]
	at org.springframework.security.web.FilterChainProxy$VirtualFilterChain.doFilter(FilterChainProxy.java:385) ~[spring-security-web-7.0.5.jar:7.0.5]
	at org.springframework.security.web.session.DisableEncodeUrlFilter.doFilterInternal(DisableEncodeUrlFilter.java:42) ~[spring-security-web-7.0.5.jar:7.0.5]
	at org.springframework.web.filter.OncePerRequestFilter.doFilter(OncePerRequestFilter.java:116) ~[spring-web-7.0.7.jar:7.0.7]
	at org.springframework.security.web.FilterChainProxy$VirtualFilterChain.doFilter(FilterChainProxy.java:385) ~[spring-security-web-7.0.5.jar:7.0.5]
	at org.springframework.security.web.FilterChainProxy.doFilterInternal(FilterChainProxy.java:237) ~[spring-security-web-7.0.5.jar:7.0.5]
	at org.springframework.security.web.FilterChainProxy.doFilter(FilterChainProxy.java:195) ~[spring-security-web-7.0.5.jar:7.0.5]
	at org.springframework.web.filter.CompositeFilter$VirtualFilterChain.doFilter(CompositeFilter.java:113) ~[spring-web-7.0.7.jar:7.0.7]
	at org.springframework.web.filter.ServletRequestPathFilter.doFilter(ServletRequestPathFilter.java:52) ~[spring-web-7.0.7.jar:7.0.7]
	at org.springframework.web.filter.CompositeFilter$VirtualFilterChain.doFilter(CompositeFilter.java:113) ~[spring-web-7.0.7.jar:7.0.7]
	at org.springframework.web.filter.CompositeFilter.doFilter(CompositeFilter.java:74) ~[spring-web-7.0.7.jar:7.0.7]
	at org.springframework.security.config.annotation.web.configuration.WebSecurityConfiguration$CompositeFilterChainProxy.doFilter(WebSecurityConfiguration.java:317) ~[spring-security-config-7.0.5.jar:7.0.5]
	at org.springframework.web.filter.DelegatingFilterProxy.invokeDelegate(DelegatingFilterProxy.java:355) ~[spring-web-7.0.7.jar:7.0.7]
	at org.springframework.web.filter.DelegatingFilterProxy.doFilter(DelegatingFilterProxy.java:272) ~[spring-web-7.0.7.jar:7.0.7]
	at org.apache.catalina.core.ApplicationFilterChain.doFilter(ApplicationFilterChain.java:107) ~[tomcat-embed-core-11.0.21.jar:11.0.21]
	at org.springframework.web.filter.RequestContextFilter.doFilterInternal(RequestContextFilter.java:100) ~[spring-web-7.0.7.jar:7.0.7]
	at org.springframework.web.filter.OncePerRequestFilter.doFilter(OncePerRequestFilter.java:116) ~[spring-web-7.0.7.jar:7.0.7]
	at org.apache.catalina.core.ApplicationFilterChain.doFilter(ApplicationFilterChain.java:107) ~[tomcat-embed-core-11.0.21.jar:11.0.21]
	at org.springframework.web.filter.FormContentFilter.doFilterInternal(FormContentFilter.java:93) ~[spring-web-7.0.7.jar:7.0.7]
	at org.springframework.web.filter.OncePerRequestFilter.doFilter(OncePerRequestFilter.java:116) ~[spring-web-7.0.7.jar:7.0.7]
	at org.apache.catalina.core.ApplicationFilterChain.doFilter(ApplicationFilterChain.java:107) ~[tomcat-embed-core-11.0.21.jar:11.0.21]
	at org.springframework.web.filter.CharacterEncodingFilter.doFilterInternal(CharacterEncodingFilter.java:199) ~[spring-web-7.0.7.jar:7.0.7]
	at org.springframework.web.filter.OncePerRequestFilter.doFilter(OncePerRequestFilter.java:116) ~[spring-web-7.0.7.jar:7.0.7]
	at org.apache.catalina.core.ApplicationFilterChain.doFilter(ApplicationFilterChain.java:107) ~[tomcat-embed-core-11.0.21.jar:11.0.21]
	at org.apache.catalina.core.StandardWrapperValve.invoke(StandardWrapperValve.java:165) ~[tomcat-embed-core-11.0.21.jar:11.0.21]
	at org.apache.catalina.core.StandardContextValve.invoke(StandardContextValve.java:77) ~[tomcat-embed-core-11.0.21.jar:11.0.21]
	at org.apache.catalina.authenticator.AuthenticatorBase.invoke(AuthenticatorBase.java:492) ~[tomcat-embed-core-11.0.21.jar:11.0.21]
	at org.apache.catalina.core.StandardHostValve.invoke(StandardHostValve.java:113) ~[tomcat-embed-core-11.0.21.jar:11.0.21]
	at org.apache.catalina.valves.ErrorReportValve.invoke(ErrorReportValve.java:83) ~[tomcat-embed-core-11.0.21.jar:11.0.21]
	at org.apache.catalina.core.StandardEngineValve.invoke(StandardEngineValve.java:72) ~[tomcat-embed-core-11.0.21.jar:11.0.21]
	at org.apache.catalina.connector.CoyoteAdapter.service(CoyoteAdapter.java:341) ~[tomcat-embed-core-11.0.21.jar:11.0.21]
	at org.apache.coyote.http11.Http11Processor.service(Http11Processor.java:397) ~[tomcat-embed-core-11.0.21.jar:11.0.21]
	at org.apache.coyote.AbstractProcessorLight.process(AbstractProcessorLight.java:63) ~[tomcat-embed-core-11.0.21.jar:11.0.21]
	at org.apache.coyote.AbstractProtocol$ConnectionHandler.process(AbstractProtocol.java:903) ~[tomcat-embed-core-11.0.21.jar:11.0.21]
	at org.apache.tomcat.util.net.NioEndpoint$SocketProcessor.doRun(NioEndpoint.java:1801) ~[tomcat-embed-core-11.0.21.jar:11.0.21]
	at org.apache.tomcat.util.net.SocketProcessorBase.run(SocketProcessorBase.java:52) ~[tomcat-embed-core-11.0.21.jar:11.0.21]
	at org.apache.tomcat.util.threads.ThreadPoolExecutor.runWorker(ThreadPoolExecutor.java:946) ~[tomcat-embed-core-11.0.21.jar:11.0.21]
	at org.apache.tomcat.util.threads.ThreadPoolExecutor$Worker.run(ThreadPoolExecutor.java:480) ~[tomcat-embed-core-11.0.21.jar:11.0.21]
	at org.apache.tomcat.util.threads.TaskThread$WrappingRunnable.run(TaskThread.java:57) ~[tomcat-embed-core-11.0.21.jar:11.0.21]
	at java.base/java.lang.Thread.run(Thread.java:1583) ~[na:na]

2026-07-31T16:22:00.738+01:00  INFO 52043 --- [TuniRate] [main] t.anasazx.tunirate.TuniRateApplication   : Starting TuniRateApplication using Java 21.0.8 with PID 52043 (/Users/anasaz/Dev/revision/TuniRate/target/classes started by anasaz in /Users/anasaz/Dev/revision/TuniRate)
2026-07-31T16:22:00.739+01:00 DEBUG 52043 --- [TuniRate] [main] t.anasazx.tunirate.TuniRateApplication   : Running with Spring Boot v4.0.6, Spring v7.0.7
2026-07-31T16:22:00.740+01:00  INFO 52043 --- [TuniRate] [main] t.anasazx.tunirate.TuniRateApplication   : No active profile set, falling back to 1 default profile: "default"
2026-07-31T16:22:01.610+01:00 DEBUG 52043 --- [TuniRate] [main] t.a.tunirate.security.JwtAuthFilter      : Filter 'jwtAuthFilter' configured for use
2026-07-31T16:22:04.969+01:00  WARN 52043 --- [TuniRate] [main] JpaBaseConfiguration$JpaWebConfiguration : spring.jpa.open-in-view is enabled by default. Therefore, database queries may be performed during view rendering. Explicitly configure spring.jpa.open-in-view to disable this warning
2026-07-31T16:22:05.040+01:00  WARN 52043 --- [TuniRate] [main] .s.a.UserDetailsServiceAutoConfiguration : 

Using generated security password: 42295109-1b31-423f-aa17-d5e54a9db6e1

This generated password is for development use only. Your security configuration must be updated before running your application in production.

2026-07-31T16:22:05.217+01:00 DEBUG 52043 --- [TuniRate] [main] s.w.s.m.m.a.RequestMappingHandlerMapping : 93 mappings in 'requestMappingHandlerMapping'
2026-07-31T16:22:05.252+01:00 DEBUG 52043 --- [TuniRate] [main] o.s.w.s.handler.SimpleUrlHandlerMapping  : Patterns [/webjars/**, /**, /uploads/**] in 'resourceHandlerMapping'
2026-07-31T16:22:05.277+01:00 DEBUG 52043 --- [TuniRate] [main] s.w.s.m.m.a.RequestMappingHandlerAdapter : ControllerAdvice beans: 0 @ModelAttribute, 0 @InitBinder, 2 RequestBodyAdvice, 1 ResponseBodyAdvice
2026-07-31T16:22:05.323+01:00 DEBUG 52043 --- [TuniRate] [main] .m.m.a.ExceptionHandlerExceptionResolver : ControllerAdvice beans: 0 @ExceptionHandler, 1 ResponseBodyAdvice
2026-07-31T16:22:05.528+01:00  INFO 52043 --- [TuniRate] [main] t.anasazx.tunirate.TuniRateApplication   : Started TuniRateApplication in 5.014 seconds (process running for 5.61)
2026-07-31T16:22:05.787+01:00  INFO 52043 --- [TuniRate] [http-nio-8080-exec-1] o.s.web.servlet.DispatcherServlet        : Initializing Servlet 'dispatcherServlet'
2026-07-31T16:22:05.787+01:00 DEBUG 52043 --- [TuniRate] [http-nio-8080-exec-1] o.s.web.servlet.DispatcherServlet        : Detected StandardServletMultipartResolver
2026-07-31T16:22:05.787+01:00 DEBUG 52043 --- [TuniRate] [http-nio-8080-exec-1] o.s.web.servlet.DispatcherServlet        : Detected AcceptHeaderLocaleResolver
2026-07-31T16:22:05.789+01:00 DEBUG 52043 --- [TuniRate] [http-nio-8080-exec-1] o.s.web.servlet.DispatcherServlet        : Detected org.springframework.web.servlet.view.DefaultRequestToViewNameTranslator@3593747f
2026-07-31T16:22:05.789+01:00 DEBUG 52043 --- [TuniRate] [http-nio-8080-exec-1] o.s.web.servlet.DispatcherServlet        : Detected org.springframework.web.servlet.support.SessionFlashMapManager@7dea9ff9
2026-07-31T16:22:05.790+01:00 DEBUG 52043 --- [TuniRate] [http-nio-8080-exec-1] o.s.web.servlet.DispatcherServlet        : enableLoggingRequestDetails='false': request parameters and headers will be masked to prevent unsafe logging of potentially sensitive data
2026-07-31T16:22:05.790+01:00  INFO 52043 --- [TuniRate] [http-nio-8080-exec-1] o.s.web.servlet.DispatcherServlet        : Completed initialization in 3 ms
2026-07-31T16:22:05.826+01:00 DEBUG 52043 --- [TuniRate] [http-nio-8080-exec-4] o.s.web.servlet.DispatcherServlet        : GET "/categories", parameters={}
2026-07-31T16:22:05.826+01:00 DEBUG 52043 --- [TuniRate] [http-nio-8080-exec-1] o.s.web.servlet.DispatcherServlet        : GET "/reviews/product/39?page=0&size=10", parameters={masked}
2026-07-31T16:22:05.826+01:00 DEBUG 52043 --- [TuniRate] [http-nio-8080-exec-2] o.s.web.servlet.DispatcherServlet        : GET "/product/39/details", parameters={}
2026-07-31T16:22:05.830+01:00 DEBUG 52043 --- [TuniRate] [http-nio-8080-exec-2] s.w.s.m.m.a.RequestMappingHandlerMapping : Mapped to tn.anasazx.tunirate.product.controller.ProductController#getProductDetails(Long)
2026-07-31T16:22:05.830+01:00 DEBUG 52043 --- [TuniRate] [http-nio-8080-exec-1] s.w.s.m.m.a.RequestMappingHandlerMapping : Mapped to tn.anasazx.tunirate.review.controller.ReviewController#getReviewsByProductId(Long, Pageable)
2026-07-31T16:22:05.830+01:00 DEBUG 52043 --- [TuniRate] [http-nio-8080-exec-4] s.w.s.m.m.a.RequestMappingHandlerMapping : Mapped to tn.anasazx.tunirate.category.controller.CategoryController#getAll()
2026-07-31T16:22:05.932+01:00 DEBUG 52043 --- [TuniRate] [http-nio-8080-exec-4] o.s.w.s.m.m.a.HttpEntityMethodProcessor  : Using 'application/json', given [application/json, text/plain, */*] and supported [application/json, application/*+json]
2026-07-31T16:22:05.933+01:00 DEBUG 52043 --- [TuniRate] [http-nio-8080-exec-4] o.s.w.s.m.m.a.HttpEntityMethodProcessor  : Writing [[CategoryResponse[id=2, name=Beauty]]]
2026-07-31T16:22:05.943+01:00 DEBUG 52043 --- [TuniRate] [http-nio-8080-exec-2] o.s.w.s.m.m.a.HttpEntityMethodProcessor  : Using 'application/json', given [application/json, text/plain, */*] and supported [application/json, application/*+json]
2026-07-31T16:22:05.950+01:00 DEBUG 52043 --- [TuniRate] [http-nio-8080-exec-2] o.s.w.s.m.m.a.HttpEntityMethodProcessor  : Writing [ProductDetailsResponse[id=39, name=Pochette beauté ciel, description=La trousse qui sublime votre ro (truncated)...]
2026-07-31T16:22:05.956+01:00 DEBUG 52043 --- [TuniRate] [http-nio-8080-exec-1] o.s.w.s.m.m.a.HttpEntityMethodProcessor  : Using 'application/json', given [application/json, text/plain, */*] and supported [application/json, application/*+json]
2026-07-31T16:22:05.956+01:00 DEBUG 52043 --- [TuniRate] [http-nio-8080-exec-1] o.s.w.s.m.m.a.HttpEntityMethodProcessor  : Writing [ProductReviewsResponse[myReview=null, reviews=Page 1 of 1 containing tn.anasazx.tunirate.review.dto. (truncated)...]
2026-07-31T16:22:05.966+01:00  WARN 52043 --- [TuniRate] [http-nio-8080-exec-1] ration$PageModule$WarningLoggingModifier : Serializing PageImpl instances as-is is not supported, meaning that there is no guarantee about the stability of the resulting JSON structure!
	For a stable JSON structure, please use Spring Data's PagedModel (globally via @EnableSpringDataWebSupport(pageSerializationMode = VIA_DTO))
	or Spring HATEOAS and Spring Data's PagedResourcesAssembler as documented in https://docs.spring.io/spring-data/commons/reference/repositories/core-extensions.html#core.web.pageables.

2026-07-31T16:22:05.968+01:00 DEBUG 52043 --- [TuniRate] [http-nio-8080-exec-2] o.s.web.servlet.DispatcherServlet        : Completed 200 OK
2026-07-31T16:22:05.968+01:00 DEBUG 52043 --- [TuniRate] [http-nio-8080-exec-4] o.s.web.servlet.DispatcherServlet        : Completed 200 OK
2026-07-31T16:22:05.970+01:00 DEBUG 52043 --- [TuniRate] [http-nio-8080-exec-3] o.s.web.servlet.DispatcherServlet        : GET "/categories", parameters={}
2026-07-31T16:22:05.970+01:00 DEBUG 52043 --- [TuniRate] [http-nio-8080-exec-3] s.w.s.m.m.a.RequestMappingHandlerMapping : Mapped to tn.anasazx.tunirate.category.controller.CategoryController#getAll()
2026-07-31T16:22:05.972+01:00 DEBUG 52043 --- [TuniRate] [http-nio-8080-exec-1] o.s.web.servlet.DispatcherServlet        : Completed 200 OK
2026-07-31T16:22:05.973+01:00 DEBUG 52043 --- [TuniRate] [http-nio-8080-exec-3] o.s.w.s.m.m.a.HttpEntityMethodProcessor  : Using 'application/json', given [application/json, text/plain, */*] and supported [application/json, application/*+json]
2026-07-31T16:22:05.973+01:00 DEBUG 52043 --- [TuniRate] [http-nio-8080-exec-3] o.s.w.s.m.m.a.HttpEntityMethodProcessor  : Writing [[CategoryResponse[id=2, name=Beauty]]]
2026-07-31T16:22:05.974+01:00 DEBUG 52043 --- [TuniRate] [http-nio-8080-exec-3] o.s.web.servlet.DispatcherServlet        : Completed 200 OK
2026-07-31T16:22:05.981+01:00 DEBUG 52043 --- [TuniRate] [http-nio-8080-exec-5] o.s.web.servlet.DispatcherServlet        : GET "/subcategories", parameters={}
2026-07-31T16:22:05.982+01:00 DEBUG 52043 --- [TuniRate] [http-nio-8080-exec-5] s.w.s.m.m.a.RequestMappingHandlerMapping : Mapped to tn.anasazx.tunirate.subcategory.controller.SubcategoryController#getAll()
2026-07-31T16:22:06.013+01:00 DEBUG 52043 --- [TuniRate] [http-nio-8080-exec-5] o.s.w.s.m.m.a.HttpEntityMethodProcessor  : Using 'application/json', given [application/json, text/plain, */*] and supported [application/json, application/*+json]
2026-07-31T16:22:06.014+01:00 DEBUG 52043 --- [TuniRate] [http-nio-8080-exec-5] o.s.w.s.m.m.a.HttpEntityMethodProcessor  : Writing [[SubcategoryResponse[id=3, name=Skincare, categoryId=2, categoryName=Beauty], SubcategoryResponse[id (truncated)...]
2026-07-31T16:22:06.016+01:00 DEBUG 52043 --- [TuniRate] [http-nio-8080-exec-5] o.s.web.servlet.DispatcherServlet        : Completed 200 OK
2026-07-31T16:22:06.022+01:00 DEBUG 52043 --- [TuniRate] [http-nio-8080-exec-6] o.s.web.servlet.DispatcherServlet        : GET "/subcategories", parameters={}
2026-07-31T16:22:06.022+01:00 DEBUG 52043 --- [TuniRate] [http-nio-8080-exec-6] s.w.s.m.m.a.RequestMappingHandlerMapping : Mapped to tn.anasazx.tunirate.subcategory.controller.SubcategoryController#getAll()
2026-07-31T16:22:06.025+01:00 DEBUG 52043 --- [TuniRate] [http-nio-8080-exec-6] o.s.w.s.m.m.a.HttpEntityMethodProcessor  : Using 'application/json', given [application/json, text/plain, */*] and supported [application/json, application/*+json]
2026-07-31T16:22:06.025+01:00 DEBUG 52043 --- [TuniRate] [http-nio-8080-exec-6] o.s.w.s.m.m.a.HttpEntityMethodProcessor  : Writing [[SubcategoryResponse[id=3, name=Skincare, categoryId=2, categoryName=Beauty], SubcategoryResponse[id (truncated)...]
2026-07-31T16:22:06.026+01:00 DEBUG 52043 --- [TuniRate] [http-nio-8080-exec-6] o.s.web.servlet.DispatcherServlet        : Completed 200 OK
2026-07-31T16:22:08.878+01:00 DEBUG 52043 --- [TuniRate] [http-nio-8080-exec-7] o.s.web.servlet.DispatcherServlet        : GET "/product/39/details", parameters={}
2026-07-31T16:22:08.879+01:00 DEBUG 52043 --- [TuniRate] [http-nio-8080-exec-8] o.s.web.servlet.DispatcherServlet        : GET "/categories", parameters={}
2026-07-31T16:22:08.879+01:00 DEBUG 52043 --- [TuniRate] [http-nio-8080-exec-8] s.w.s.m.m.a.RequestMappingHandlerMapping : Mapped to tn.anasazx.tunirate.category.controller.CategoryController#getAll()
2026-07-31T16:22:08.879+01:00 DEBUG 52043 --- [TuniRate] [http-nio-8080-exec-7] s.w.s.m.m.a.RequestMappingHandlerMapping : Mapped to tn.anasazx.tunirate.product.controller.ProductController#getProductDetails(Long)
2026-07-31T16:22:08.898+01:00 DEBUG 52043 --- [TuniRate] [http-nio-8080-exec-8] o.s.w.s.m.m.a.HttpEntityMethodProcessor  : Using 'application/json', given [application/json, text/plain, */*] and supported [application/json, application/*+json]
2026-07-31T16:22:08.898+01:00 DEBUG 52043 --- [TuniRate] [http-nio-8080-exec-8] o.s.w.s.m.m.a.HttpEntityMethodProcessor  : Writing [[CategoryResponse[id=2, name=Beauty]]]
2026-07-31T16:22:08.899+01:00 DEBUG 52043 --- [TuniRate] [http-nio-8080-exec-8] o.s.web.servlet.DispatcherServlet        : Completed 200 OK
2026-07-31T16:22:08.902+01:00 DEBUG 52043 --- [TuniRate] [http-nio-8080-exec-9] o.s.web.servlet.DispatcherServlet        : GET "/categories", parameters={}
2026-07-31T16:22:08.903+01:00 DEBUG 52043 --- [TuniRate] [http-nio-8080-exec-9] s.w.s.m.m.a.RequestMappingHandlerMapping : Mapped to tn.anasazx.tunirate.category.controller.CategoryController#getAll()
2026-07-31T16:22:08.911+01:00 DEBUG 52043 --- [TuniRate] [http-nio-8080-exec-10] o.s.web.servlet.DispatcherServlet        : GET "/reviews/product/39?page=0&size=10", parameters={masked}
2026-07-31T16:22:08.911+01:00 DEBUG 52043 --- [TuniRate] [http-nio-8080-exec-9] o.s.w.s.m.m.a.HttpEntityMethodProcessor  : Using 'application/json', given [application/json, text/plain, */*] and supported [application/json, application/*+json]
2026-07-31T16:22:08.912+01:00 DEBUG 52043 --- [TuniRate] [http-nio-8080-exec-10] s.w.s.m.m.a.RequestMappingHandlerMapping : Mapped to tn.anasazx.tunirate.review.controller.ReviewController#getReviewsByProductId(Long, Pageable)
2026-07-31T16:22:08.912+01:00 DEBUG 52043 --- [TuniRate] [http-nio-8080-exec-9] o.s.w.s.m.m.a.HttpEntityMethodProcessor  : Writing [[CategoryResponse[id=2, name=Beauty]]]
2026-07-31T16:22:08.916+01:00 DEBUG 52043 --- [TuniRate] [http-nio-8080-exec-9] o.s.web.servlet.DispatcherServlet        : Completed 200 OK
2026-07-31T16:22:08.917+01:00 DEBUG 52043 --- [TuniRate] [http-nio-8080-exec-2] o.s.web.servlet.DispatcherServlet        : GET "/subcategories", parameters={}
2026-07-31T16:22:08.918+01:00 DEBUG 52043 --- [TuniRate] [http-nio-8080-exec-2] s.w.s.m.m.a.RequestMappingHandlerMapping : Mapped to tn.anasazx.tunirate.subcategory.controller.SubcategoryController#getAll()
2026-07-31T16:22:08.930+01:00 DEBUG 52043 --- [TuniRate] [http-nio-8080-exec-2] o.s.w.s.m.m.a.HttpEntityMethodProcessor  : Using 'application/json', given [application/json, text/plain, */*] and supported [application/json, application/*+json]
2026-07-31T16:22:08.930+01:00 DEBUG 52043 --- [TuniRate] [http-nio-8080-exec-2] o.s.w.s.m.m.a.HttpEntityMethodProcessor  : Writing [[SubcategoryResponse[id=3, name=Skincare, categoryId=2, categoryName=Beauty], SubcategoryResponse[id (truncated)...]
2026-07-31T16:22:08.937+01:00 DEBUG 52043 --- [TuniRate] [http-nio-8080-exec-7] o.s.w.s.m.m.a.HttpEntityMethodProcessor  : Using 'application/json', given [application/json, text/plain, */*] and supported [application/json, application/*+json]
2026-07-31T16:22:08.938+01:00 DEBUG 52043 --- [TuniRate] [http-nio-8080-exec-7] o.s.w.s.m.m.a.HttpEntityMethodProcessor  : Writing [ProductDetailsResponse[id=39, name=Pochette beauté ciel, description=La trousse qui sublime votre ro (truncated)...]
2026-07-31T16:22:08.938+01:00 DEBUG 52043 --- [TuniRate] [http-nio-8080-exec-2] o.s.web.servlet.DispatcherServlet        : Completed 200 OK
2026-07-31T16:22:08.939+01:00 DEBUG 52043 --- [TuniRate] [http-nio-8080-exec-7] o.s.web.servlet.DispatcherServlet        : Completed 200 OK
2026-07-31T16:22:08.947+01:00 DEBUG 52043 --- [TuniRate] [http-nio-8080-exec-4] o.s.web.servlet.DispatcherServlet        : GET "/subcategories", parameters={}
2026-07-31T16:22:08.947+01:00 DEBUG 52043 --- [TuniRate] [http-nio-8080-exec-4] s.w.s.m.m.a.RequestMappingHandlerMapping : Mapped to tn.anasazx.tunirate.subcategory.controller.SubcategoryController#getAll()
2026-07-31T16:22:08.958+01:00 DEBUG 52043 --- [TuniRate] [http-nio-8080-exec-10] o.s.w.s.m.m.a.HttpEntityMethodProcessor  : Using 'application/json', given [application/json, text/plain, */*] and supported [application/json, application/*+json]
2026-07-31T16:22:08.959+01:00 DEBUG 52043 --- [TuniRate] [http-nio-8080-exec-10] o.s.w.s.m.m.a.HttpEntityMethodProcessor  : Writing [ProductReviewsResponse[myReview=null, reviews=Page 1 of 1 containing tn.anasazx.tunirate.review.dto. (truncated)...]
2026-07-31T16:22:08.959+01:00 DEBUG 52043 --- [TuniRate] [http-nio-8080-exec-10] o.s.web.servlet.DispatcherServlet        : Completed 200 OK
2026-07-31T16:22:08.962+01:00 DEBUG 52043 --- [TuniRate] [http-nio-8080-exec-4] o.s.w.s.m.m.a.HttpEntityMethodProcessor  : Using 'application/json', given [application/json, text/plain, */*] and supported [application/json, application/*+json]
2026-07-31T16:22:08.962+01:00 DEBUG 52043 --- [TuniRate] [http-nio-8080-exec-4] o.s.w.s.m.m.a.HttpEntityMethodProcessor  : Writing [[SubcategoryResponse[id=3, name=Skincare, categoryId=2, categoryName=Beauty], SubcategoryResponse[id (truncated)...]
2026-07-31T16:22:08.964+01:00 DEBUG 52043 --- [TuniRate] [http-nio-8080-exec-4] o.s.web.servlet.DispatcherServlet        : Completed 200 OK
2026-07-31T16:22:12.825+01:00 DEBUG 52043 --- [TuniRate] [http-nio-8080-exec-1] o.s.web.servlet.DispatcherServlet        : GET "/comments/review/4?page=0&size=4", parameters={masked}
2026-07-31T16:22:12.827+01:00 DEBUG 52043 --- [TuniRate] [http-nio-8080-exec-1] s.w.s.m.m.a.RequestMappingHandlerMapping : Mapped to tn.anasazx.tunirate.comment.controller.CommentController#getCommentByReviewId(Long, Pageable)
2026-07-31T16:22:12.878+01:00 DEBUG 52043 --- [TuniRate] [http-nio-8080-exec-1] m.m.a.RequestResponseBodyMethodProcessor : Using 'application/json', given [application/json, text/plain, */*] and supported [application/json, application/*+json]
2026-07-31T16:22:12.878+01:00 DEBUG 52043 --- [TuniRate] [http-nio-8080-exec-1] m.m.a.RequestResponseBodyMethodProcessor : Writing [Page 1 of 1 containing tn.anasazx.tunirate.comment.dto.CommentResponse instances]
2026-07-31T16:22:12.882+01:00 DEBUG 52043 --- [TuniRate] [http-nio-8080-exec-1] o.s.web.servlet.DispatcherServlet        : Completed 200 OK
2026-07-31T16:22:16.477+01:00 DEBUG 52043 --- [TuniRate] [http-nio-8080-exec-3] o.s.web.servlet.DispatcherServlet        : GET "/product/39/details", parameters={}
2026-07-31T16:22:16.478+01:00 DEBUG 52043 --- [TuniRate] [http-nio-8080-exec-5] o.s.web.servlet.DispatcherServlet        : GET "/categories", parameters={}
2026-07-31T16:22:16.478+01:00 DEBUG 52043 --- [TuniRate] [http-nio-8080-exec-3] s.w.s.m.m.a.RequestMappingHandlerMapping : Mapped to tn.anasazx.tunirate.product.controller.ProductController#getProductDetails(Long)
2026-07-31T16:22:16.478+01:00 DEBUG 52043 --- [TuniRate] [http-nio-8080-exec-5] s.w.s.m.m.a.RequestMappingHandlerMapping : Mapped to tn.anasazx.tunirate.category.controller.CategoryController#getAll()
2026-07-31T16:22:16.482+01:00 DEBUG 52043 --- [TuniRate] [http-nio-8080-exec-5] o.s.w.s.m.m.a.HttpEntityMethodProcessor  : Using 'application/json', given [application/json, text/plain, */*] and supported [application/json, application/*+json]
2026-07-31T16:22:16.482+01:00 DEBUG 52043 --- [TuniRate] [http-nio-8080-exec-5] o.s.w.s.m.m.a.HttpEntityMethodProcessor  : Writing [[CategoryResponse[id=2, name=Beauty]]]
2026-07-31T16:22:16.485+01:00 DEBUG 52043 --- [TuniRate] [http-nio-8080-exec-5] o.s.web.servlet.DispatcherServlet        : Completed 200 OK
2026-07-31T16:22:16.487+01:00 DEBUG 52043 --- [TuniRate] [http-nio-8080-exec-6] o.s.web.servlet.DispatcherServlet        : GET "/categories", parameters={}
2026-07-31T16:22:16.487+01:00 DEBUG 52043 --- [TuniRate] [http-nio-8080-exec-6] s.w.s.m.m.a.RequestMappingHandlerMapping : Mapped to tn.anasazx.tunirate.category.controller.CategoryController#getAll()
2026-07-31T16:22:16.489+01:00 DEBUG 52043 --- [TuniRate] [http-nio-8080-exec-6] o.s.w.s.m.m.a.HttpEntityMethodProcessor  : Using 'application/json', given [application/json, text/plain, */*] and supported [application/json, application/*+json]
2026-07-31T16:22:16.489+01:00 DEBUG 52043 --- [TuniRate] [http-nio-8080-exec-6] o.s.w.s.m.m.a.HttpEntityMethodProcessor  : Writing [[CategoryResponse[id=2, name=Beauty]]]
2026-07-31T16:22:16.491+01:00 DEBUG 52043 --- [TuniRate] [http-nio-8080-exec-6] o.s.web.servlet.DispatcherServlet        : Completed 200 OK
2026-07-31T16:22:16.492+01:00 DEBUG 52043 --- [TuniRate] [http-nio-8080-exec-3] o.s.w.s.m.m.a.HttpEntityMethodProcessor  : Using 'application/json', given [application/json, text/plain, */*] and supported [application/json, application/*+json]
2026-07-31T16:22:16.493+01:00 DEBUG 52043 --- [TuniRate] [http-nio-8080-exec-3] o.s.w.s.m.m.a.HttpEntityMethodProcessor  : Writing [ProductDetailsResponse[id=39, name=Pochette beauté ciel, description=La trousse qui sublime votre ro (truncated)...]
2026-07-31T16:22:16.494+01:00 DEBUG 52043 --- [TuniRate] [http-nio-8080-exec-3] o.s.web.servlet.DispatcherServlet        : Completed 200 OK
2026-07-31T16:22:16.513+01:00 DEBUG 52043 --- [TuniRate] [http-nio-8080-exec-9] o.s.web.servlet.DispatcherServlet        : GET "/subcategories", parameters={}
2026-07-31T16:22:16.513+01:00 DEBUG 52043 --- [TuniRate] [http-nio-8080-exec-9] s.w.s.m.m.a.RequestMappingHandlerMapping : Mapped to tn.anasazx.tunirate.subcategory.controller.SubcategoryController#getAll()
2026-07-31T16:22:16.513+01:00 DEBUG 52043 --- [TuniRate] [http-nio-8080-exec-8] o.s.web.servlet.DispatcherServlet        : GET "/reviews/product/39?page=0&size=10", parameters={masked}
2026-07-31T16:22:16.514+01:00 DEBUG 52043 --- [TuniRate] [http-nio-8080-exec-8] s.w.s.m.m.a.RequestMappingHandlerMapping : Mapped to tn.anasazx.tunirate.review.controller.ReviewController#getReviewsByProductId(Long, Pageable)
2026-07-31T16:22:16.542+01:00 DEBUG 52043 --- [TuniRate] [http-nio-8080-exec-9] o.s.w.s.m.m.a.HttpEntityMethodProcessor  : Using 'application/json', given [application/json, text/plain, */*] and supported [application/json, application/*+json]
2026-07-31T16:22:16.543+01:00 DEBUG 52043 --- [TuniRate] [http-nio-8080-exec-9] o.s.w.s.m.m.a.HttpEntityMethodProcessor  : Writing [[SubcategoryResponse[id=3, name=Skincare, categoryId=2, categoryName=Beauty], SubcategoryResponse[id (truncated)...]
2026-07-31T16:22:16.544+01:00 DEBUG 52043 --- [TuniRate] [http-nio-8080-exec-9] o.s.web.servlet.DispatcherServlet        : Completed 200 OK
2026-07-31T16:22:16.546+01:00 DEBUG 52043 --- [TuniRate] [http-nio-8080-exec-2] o.s.web.servlet.DispatcherServlet        : GET "/subcategories", parameters={}
2026-07-31T16:22:16.547+01:00 DEBUG 52043 --- [TuniRate] [http-nio-8080-exec-2] s.w.s.m.m.a.RequestMappingHandlerMapping : Mapped to tn.anasazx.tunirate.subcategory.controller.SubcategoryController#getAll()
2026-07-31T16:22:16.553+01:00 DEBUG 52043 --- [TuniRate] [http-nio-8080-exec-8] o.s.w.s.m.m.a.HttpEntityMethodProcessor  : Using 'application/json', given [application/json, text/plain, */*] and supported [application/json, application/*+json]
2026-07-31T16:22:16.554+01:00 DEBUG 52043 --- [TuniRate] [http-nio-8080-exec-8] o.s.w.s.m.m.a.HttpEntityMethodProcessor  : Writing [ProductReviewsResponse[myReview=null, reviews=Page 1 of 1 containing tn.anasazx.tunirate.review.dto. (truncated)...]
2026-07-31T16:22:16.554+01:00 DEBUG 52043 --- [TuniRate] [http-nio-8080-exec-2] o.s.w.s.m.m.a.HttpEntityMethodProcessor  : Using 'application/json', given [application/json, text/plain, */*] and supported [application/json, application/*+json]
2026-07-31T16:22:16.555+01:00 DEBUG 52043 --- [TuniRate] [http-nio-8080-exec-8] o.s.web.servlet.DispatcherServlet        : Completed 200 OK
2026-07-31T16:22:16.555+01:00 DEBUG 52043 --- [TuniRate] [http-nio-8080-exec-2] o.s.w.s.m.m.a.HttpEntityMethodProcessor  : Writing [[SubcategoryResponse[id=3, name=Skincare, categoryId=2, categoryName=Beauty], SubcategoryResponse[id (truncated)...]
2026-07-31T16:22:16.558+01:00 DEBUG 52043 --- [TuniRate] [http-nio-8080-exec-2] o.s.web.servlet.DispatcherServlet        : Completed 200 OK
2026-07-31T16:22:18.615+01:00 DEBUG 52043 --- [TuniRate] [http-nio-8080-exec-7] o.s.web.servlet.DispatcherServlet        : GET "/product/39/details", parameters={}
2026-07-31T16:22:18.616+01:00 DEBUG 52043 --- [TuniRate] [http-nio-8080-exec-7] s.w.s.m.m.a.RequestMappingHandlerMapping : Mapped to tn.anasazx.tunirate.product.controller.ProductController#getProductDetails(Long)
2026-07-31T16:22:18.635+01:00 DEBUG 52043 --- [TuniRate] [http-nio-8080-exec-10] o.s.web.servlet.DispatcherServlet        : GET "/categories", parameters={}
2026-07-31T16:22:18.638+01:00 DEBUG 52043 --- [TuniRate] [http-nio-8080-exec-10] s.w.s.m.m.a.RequestMappingHandlerMapping : Mapped to tn.anasazx.tunirate.category.controller.CategoryController#getAll()
2026-07-31T16:22:18.639+01:00 DEBUG 52043 --- [TuniRate] [http-nio-8080-exec-4] o.s.web.servlet.DispatcherServlet        : GET "/categories", parameters={}
2026-07-31T16:22:18.639+01:00 DEBUG 52043 --- [TuniRate] [http-nio-8080-exec-4] s.w.s.m.m.a.RequestMappingHandlerMapping : Mapped to tn.anasazx.tunirate.category.controller.CategoryController#getAll()
2026-07-31T16:22:18.640+01:00 DEBUG 52043 --- [TuniRate] [http-nio-8080-exec-1] o.s.web.servlet.DispatcherServlet        : GET "/reviews/product/39?page=0&size=10", parameters={masked}
2026-07-31T16:22:18.640+01:00 DEBUG 52043 --- [TuniRate] [http-nio-8080-exec-4] o.s.w.s.m.m.a.HttpEntityMethodProcessor  : Using 'application/json', given [application/json, text/plain, */*] and supported [application/json, application/*+json]
2026-07-31T16:22:18.641+01:00 DEBUG 52043 --- [TuniRate] [http-nio-8080-exec-4] o.s.w.s.m.m.a.HttpEntityMethodProcessor  : Writing [[CategoryResponse[id=2, name=Beauty]]]
2026-07-31T16:22:18.641+01:00 DEBUG 52043 --- [TuniRate] [http-nio-8080-exec-1] s.w.s.m.m.a.RequestMappingHandlerMapping : Mapped to tn.anasazx.tunirate.review.controller.ReviewController#getReviewsByProductId(Long, Pageable)
2026-07-31T16:22:18.641+01:00 DEBUG 52043 --- [TuniRate] [http-nio-8080-exec-4] o.s.web.servlet.DispatcherServlet        : Completed 200 OK
2026-07-31T16:22:18.643+01:00 DEBUG 52043 --- [TuniRate] [http-nio-8080-exec-10] o.s.w.s.m.m.a.HttpEntityMethodProcessor  : Using 'application/json', given [application/json, text/plain, */*] and supported [application/json, application/*+json]
2026-07-31T16:22:18.643+01:00 DEBUG 52043 --- [TuniRate] [http-nio-8080-exec-10] o.s.w.s.m.m.a.HttpEntityMethodProcessor  : Writing [[CategoryResponse[id=2, name=Beauty]]]
2026-07-31T16:22:18.644+01:00 DEBUG 52043 --- [TuniRate] [http-nio-8080-exec-10] o.s.web.servlet.DispatcherServlet        : Completed 200 OK
2026-07-31T16:22:18.646+01:00 DEBUG 52043 --- [TuniRate] [http-nio-8080-exec-7] o.s.w.s.m.m.a.HttpEntityMethodProcessor  : Using 'application/json', given [application/json, text/plain, */*] and supported [application/json, application/*+json]
2026-07-31T16:22:18.647+01:00 DEBUG 52043 --- [TuniRate] [http-nio-8080-exec-7] o.s.w.s.m.m.a.HttpEntityMethodProcessor  : Writing [ProductDetailsResponse[id=39, name=Pochette beauté ciel, description=La trousse qui sublime votre ro (truncated)...]
2026-07-31T16:22:18.648+01:00 DEBUG 52043 --- [TuniRate] [http-nio-8080-exec-7] o.s.web.servlet.DispatcherServlet        : Completed 200 OK
2026-07-31T16:22:18.648+01:00 DEBUG 52043 --- [TuniRate] [http-nio-8080-exec-5] o.s.web.servlet.DispatcherServlet        : GET "/subcategories", parameters={}
2026-07-31T16:22:18.648+01:00 DEBUG 52043 --- [TuniRate] [http-nio-8080-exec-5] s.w.s.m.m.a.RequestMappingHandlerMapping : Mapped to tn.anasazx.tunirate.subcategory.controller.SubcategoryController#getAll()
2026-07-31T16:22:18.652+01:00 DEBUG 52043 --- [TuniRate] [http-nio-8080-exec-6] o.s.web.servlet.DispatcherServlet        : GET "/subcategories", parameters={}
2026-07-31T16:22:18.652+01:00 DEBUG 52043 --- [TuniRate] [http-nio-8080-exec-6] s.w.s.m.m.a.RequestMappingHandlerMapping : Mapped to tn.anasazx.tunirate.subcategory.controller.SubcategoryController#getAll()
2026-07-31T16:22:18.653+01:00 DEBUG 52043 --- [TuniRate] [http-nio-8080-exec-5] o.s.w.s.m.m.a.HttpEntityMethodProcessor  : Using 'application/json', given [application/json, text/plain, */*] and supported [application/json, application/*+json]
2026-07-31T16:22:18.654+01:00 DEBUG 52043 --- [TuniRate] [http-nio-8080-exec-5] o.s.w.s.m.m.a.HttpEntityMethodProcessor  : Writing [[SubcategoryResponse[id=3, name=Skincare, categoryId=2, categoryName=Beauty], SubcategoryResponse[id (truncated)...]
2026-07-31T16:22:18.655+01:00 DEBUG 52043 --- [TuniRate] [http-nio-8080-exec-5] o.s.web.servlet.DispatcherServlet        : Completed 200 OK
2026-07-31T16:22:18.659+01:00 DEBUG 52043 --- [TuniRate] [http-nio-8080-exec-6] o.s.w.s.m.m.a.HttpEntityMethodProcessor  : Using 'application/json', given [application/json, text/plain, */*] and supported [application/json, application/*+json]
2026-07-31T16:22:18.659+01:00 DEBUG 52043 --- [TuniRate] [http-nio-8080-exec-6] o.s.w.s.m.m.a.HttpEntityMethodProcessor  : Writing [[SubcategoryResponse[id=3, name=Skincare, categoryId=2, categoryName=Beauty], SubcategoryResponse[id (truncated)...]
2026-07-31T16:22:18.660+01:00 DEBUG 52043 --- [TuniRate] [http-nio-8080-exec-1] o.s.w.s.m.m.a.HttpEntityMethodProcessor  : Using 'application/json', given [application/json, text/plain, */*] and supported [application/json, application/*+json]
2026-07-31T16:22:18.660+01:00 DEBUG 52043 --- [TuniRate] [http-nio-8080-exec-1] o.s.w.s.m.m.a.HttpEntityMethodProcessor  : Writing [ProductReviewsResponse[myReview=null, reviews=Page 1 of 1 containing tn.anasazx.tunirate.review.dto. (truncated)...]
2026-07-31T16:22:18.661+01:00 DEBUG 52043 --- [TuniRate] [http-nio-8080-exec-6] o.s.web.servlet.DispatcherServlet        : Completed 200 OK
2026-07-31T16:22:18.665+01:00 DEBUG 52043 --- [TuniRate] [http-nio-8080-exec-1] o.s.web.servlet.DispatcherServlet        : Completed 200 OK
2026-07-31T16:22:25.574+01:00 DEBUG 52043 --- [TuniRate] [http-nio-8080-exec-9] o.s.web.servlet.DispatcherServlet        : POST "/auth/google", parameters={}
2026-07-31T16:22:25.575+01:00 DEBUG 52043 --- [TuniRate] [http-nio-8080-exec-9] s.w.s.m.m.a.RequestMappingHandlerMapping : Mapped to tn.anasazx.tunirate.authentication.controller.AuthController#googleLogin(GoogleLoginRequest)
2026-07-31T16:22:25.639+01:00 DEBUG 52043 --- [TuniRate] [http-nio-8080-exec-9] m.m.a.RequestResponseBodyMethodProcessor : Read "application/json;charset=UTF-8" to [GoogleLoginRequest[idToken=eyJhbGciOiJSUzI1NiIsImtpZCI6ImI2ZGQ1MWU2NmQzNjAxMGJkM2JiZGZiM2M5MWExYTVmN (truncated)...]
2026-07-31T16:22:26.041+01:00 DEBUG 52043 --- [TuniRate] [http-nio-8080-exec-9] o.s.w.s.m.m.a.HttpEntityMethodProcessor  : Using 'application/json', given [application/json, text/plain, */*] and supported [application/json, application/*+json]
2026-07-31T16:22:26.044+01:00 DEBUG 52043 --- [TuniRate] [http-nio-8080-exec-9] o.s.w.s.m.m.a.HttpEntityMethodProcessor  : Writing [AuthResponse[token=eyJhbGciOiJIUzI1NiJ9.eyJzdWIiOiI4Iiwicm9sZSI6IkFETUlOIiwiaWF0IjoxNzg1NTExMzQ2LCJl (truncated)...]
2026-07-31T16:22:26.045+01:00 DEBUG 52043 --- [TuniRate] [http-nio-8080-exec-9] o.s.web.servlet.DispatcherServlet        : Completed 200 OK
2026-07-31T16:22:26.085+01:00 DEBUG 52043 --- [TuniRate] [http-nio-8080-exec-5] o.s.web.servlet.DispatcherServlet        : GET "/product?page=0&size=20", parameters={masked}
2026-07-31T16:22:26.085+01:00 DEBUG 52043 --- [TuniRate] [http-nio-8080-exec-6] o.s.web.servlet.DispatcherServlet        : GET "/categories", parameters={}
2026-07-31T16:22:26.085+01:00 DEBUG 52043 --- [TuniRate] [http-nio-8080-exec-2] o.s.web.servlet.DispatcherServlet        : GET "/invitations/me", parameters={}
2026-07-31T16:22:26.085+01:00 DEBUG 52043 --- [TuniRate] [http-nio-8080-exec-6] s.w.s.m.m.a.RequestMappingHandlerMapping : Mapped to tn.anasazx.tunirate.category.controller.CategoryController#getAll()
2026-07-31T16:22:26.085+01:00 DEBUG 52043 --- [TuniRate] [http-nio-8080-exec-2] s.w.s.m.m.a.RequestMappingHandlerMapping : Mapped to tn.anasazx.tunirate.invitation.controller.CompanyInvitationController#getMyInvitations()
2026-07-31T16:22:26.085+01:00 DEBUG 52043 --- [TuniRate] [http-nio-8080-exec-5] s.w.s.m.m.a.RequestMappingHandlerMapping : Mapped to tn.anasazx.tunirate.product.controller.ProductController#getAllProducts(Pageable, Long, Long)
2026-07-31T16:22:26.094+01:00 DEBUG 52043 --- [TuniRate] [http-nio-8080-exec-6] o.s.w.s.m.m.a.HttpEntityMethodProcessor  : Using 'application/json', given [application/json, text/plain, */*] and supported [application/json, application/*+json]
2026-07-31T16:22:26.094+01:00 DEBUG 52043 --- [TuniRate] [http-nio-8080-exec-6] o.s.w.s.m.m.a.HttpEntityMethodProcessor  : Writing [[CategoryResponse[id=2, name=Beauty]]]
2026-07-31T16:22:26.096+01:00 DEBUG 52043 --- [TuniRate] [http-nio-8080-exec-6] o.s.web.servlet.DispatcherServlet        : Completed 200 OK
2026-07-31T16:22:26.104+01:00 DEBUG 52043 --- [TuniRate] [http-nio-8080-exec-1] o.s.web.servlet.DispatcherServlet        : GET "/categories", parameters={}
2026-07-31T16:22:26.104+01:00 DEBUG 52043 --- [TuniRate] [http-nio-8080-exec-1] s.w.s.m.m.a.RequestMappingHandlerMapping : Mapped to tn.anasazx.tunirate.category.controller.CategoryController#getAll()
2026-07-31T16:22:26.106+01:00 DEBUG 52043 --- [TuniRate] [http-nio-8080-exec-9] o.s.web.servlet.DispatcherServlet        : GET "/subcategories", parameters={}
2026-07-31T16:22:26.106+01:00 DEBUG 52043 --- [TuniRate] [http-nio-8080-exec-9] s.w.s.m.m.a.RequestMappingHandlerMapping : Mapped to tn.anasazx.tunirate.subcategory.controller.SubcategoryController#getAll()
2026-07-31T16:22:26.112+01:00 DEBUG 52043 --- [TuniRate] [http-nio-8080-exec-1] o.s.w.s.m.m.a.HttpEntityMethodProcessor  : Using 'application/json', given [application/json, text/plain, */*] and supported [application/json, application/*+json]
2026-07-31T16:22:26.112+01:00 DEBUG 52043 --- [TuniRate] [http-nio-8080-exec-1] o.s.w.s.m.m.a.HttpEntityMethodProcessor  : Writing [[CategoryResponse[id=2, name=Beauty]]]
2026-07-31T16:22:26.113+01:00 DEBUG 52043 --- [TuniRate] [http-nio-8080-exec-1] o.s.web.servlet.DispatcherServlet        : Completed 200 OK
2026-07-31T16:22:26.116+01:00 DEBUG 52043 --- [TuniRate] [http-nio-8080-exec-2] o.s.w.s.m.m.a.HttpEntityMethodProcessor  : Using 'application/json', given [application/json, text/plain, */*] and supported [application/json, application/*+json]
2026-07-31T16:22:26.116+01:00 DEBUG 52043 --- [TuniRate] [http-nio-8080-exec-2] o.s.w.s.m.m.a.HttpEntityMethodProcessor  : Writing [[]]
2026-07-31T16:22:26.117+01:00 DEBUG 52043 --- [TuniRate] [http-nio-8080-exec-2] o.s.web.servlet.DispatcherServlet        : Completed 200 OK
2026-07-31T16:22:26.117+01:00 DEBUG 52043 --- [TuniRate] [http-nio-8080-exec-9] o.s.w.s.m.m.a.HttpEntityMethodProcessor  : Using 'application/json', given [application/json, text/plain, */*] and supported [application/json, application/*+json]
2026-07-31T16:22:26.117+01:00 DEBUG 52043 --- [TuniRate] [http-nio-8080-exec-9] o.s.w.s.m.m.a.HttpEntityMethodProcessor  : Writing [[SubcategoryResponse[id=3, name=Skincare, categoryId=2, categoryName=Beauty], SubcategoryResponse[id (truncated)...]
2026-07-31T16:22:26.118+01:00 DEBUG 52043 --- [TuniRate] [http-nio-8080-exec-9] o.s.web.servlet.DispatcherServlet        : Completed 200 OK
2026-07-31T16:22:26.122+01:00 DEBUG 52043 --- [TuniRate] [http-nio-8080-exec-8] o.s.web.servlet.DispatcherServlet        : GET "/invitations/me", parameters={}
2026-07-31T16:22:26.122+01:00 DEBUG 52043 --- [TuniRate] [http-nio-8080-exec-8] s.w.s.m.m.a.RequestMappingHandlerMapping : Mapped to tn.anasazx.tunirate.invitation.controller.CompanyInvitationController#getMyInvitations()
2026-07-31T16:22:26.122+01:00 DEBUG 52043 --- [TuniRate] [http-nio-8080-exec-10] o.s.web.servlet.DispatcherServlet        : GET "/subcategories", parameters={}
2026-07-31T16:22:26.122+01:00 DEBUG 52043 --- [TuniRate] [http-nio-8080-exec-10] s.w.s.m.m.a.RequestMappingHandlerMapping : Mapped to tn.anasazx.tunirate.subcategory.controller.SubcategoryController#getAll()
2026-07-31T16:22:26.123+01:00 DEBUG 52043 --- [TuniRate] [http-nio-8080-exec-8] o.s.w.s.m.m.a.HttpEntityMethodProcessor  : Using 'application/json', given [application/json, text/plain, */*] and supported [application/json, application/*+json]
2026-07-31T16:22:26.124+01:00 DEBUG 52043 --- [TuniRate] [http-nio-8080-exec-8] o.s.w.s.m.m.a.HttpEntityMethodProcessor  : Writing [[]]
2026-07-31T16:22:26.124+01:00 DEBUG 52043 --- [TuniRate] [http-nio-8080-exec-8] o.s.web.servlet.DispatcherServlet        : Completed 200 OK
2026-07-31T16:22:26.124+01:00 DEBUG 52043 --- [TuniRate] [http-nio-8080-exec-10] o.s.w.s.m.m.a.HttpEntityMethodProcessor  : Using 'application/json', given [application/json, text/plain, */*] and supported [application/json, application/*+json]
2026-07-31T16:22:26.124+01:00 DEBUG 52043 --- [TuniRate] [http-nio-8080-exec-10] o.s.w.s.m.m.a.HttpEntityMethodProcessor  : Writing [[SubcategoryResponse[id=3, name=Skincare, categoryId=2, categoryName=Beauty], SubcategoryResponse[id (truncated)...]
2026-07-31T16:22:26.125+01:00 DEBUG 52043 --- [TuniRate] [http-nio-8080-exec-10] o.s.web.servlet.DispatcherServlet        : Completed 200 OK
2026-07-31T16:22:26.132+01:00 DEBUG 52043 --- [TuniRate] [http-nio-8080-exec-5] o.s.w.s.m.m.a.HttpEntityMethodProcessor  : Using 'application/json', given [application/json, text/plain, */*] and supported [application/json, application/*+json]
2026-07-31T16:22:26.132+01:00 DEBUG 52043 --- [TuniRate] [http-nio-8080-exec-5] o.s.w.s.m.m.a.HttpEntityMethodProcessor  : Writing [Page 1 of 13 containing tn.anasazx.tunirate.product.dto.ProductResponse instances]
2026-07-31T16:22:26.134+01:00 DEBUG 52043 --- [TuniRate] [http-nio-8080-exec-5] o.s.web.servlet.DispatcherServlet        : Completed 200 OK
2026-07-31T16:22:28.220+01:00 DEBUG 52043 --- [TuniRate] [http-nio-8080-exec-3] o.s.web.servlet.DispatcherServlet        : GET "/categories", parameters={}
2026-07-31T16:22:28.220+01:00 DEBUG 52043 --- [TuniRate] [http-nio-8080-exec-3] s.w.s.m.m.a.RequestMappingHandlerMapping : Mapped to tn.anasazx.tunirate.category.controller.CategoryController#getAll()
2026-07-31T16:22:28.244+01:00 DEBUG 52043 --- [TuniRate] [http-nio-8080-exec-3] o.s.w.s.m.m.a.HttpEntityMethodProcessor  : Using 'application/json', given [application/json, text/plain, */*] and supported [application/json, application/*+json]
2026-07-31T16:22:28.244+01:00 DEBUG 52043 --- [TuniRate] [http-nio-8080-exec-3] o.s.w.s.m.m.a.HttpEntityMethodProcessor  : Writing [[CategoryResponse[id=2, name=Beauty]]]
2026-07-31T16:22:28.244+01:00 DEBUG 52043 --- [TuniRate] [http-nio-8080-exec-3] o.s.web.servlet.DispatcherServlet        : Completed 200 OK
2026-07-31T16:22:28.259+01:00 DEBUG 52043 --- [TuniRate] [http-nio-8080-exec-4] o.s.web.servlet.DispatcherServlet        : GET "/auth/me", parameters={}
2026-07-31T16:22:28.260+01:00 DEBUG 52043 --- [TuniRate] [http-nio-8080-exec-4] s.w.s.m.m.a.RequestMappingHandlerMapping : Mapped to tn.anasazx.tunirate.authentication.controller.AuthController#authenticateUser()
2026-07-31T16:22:28.281+01:00 DEBUG 52043 --- [TuniRate] [http-nio-8080-exec-9] o.s.web.servlet.DispatcherServlet        : GET "/categories", parameters={}
2026-07-31T16:22:28.282+01:00 DEBUG 52043 --- [TuniRate] [http-nio-8080-exec-9] s.w.s.m.m.a.RequestMappingHandlerMapping : Mapped to tn.anasazx.tunirate.category.controller.CategoryController#getAll()
2026-07-31T16:22:28.283+01:00 DEBUG 52043 --- [TuniRate] [http-nio-8080-exec-6] o.s.web.servlet.DispatcherServlet        : GET "/product/39/details", parameters={}
2026-07-31T16:22:28.289+01:00 DEBUG 52043 --- [TuniRate] [http-nio-8080-exec-6] s.w.s.m.m.a.RequestMappingHandlerMapping : Mapped to tn.anasazx.tunirate.product.controller.ProductController#getProductDetails(Long)
2026-07-31T16:22:28.289+01:00 DEBUG 52043 --- [TuniRate] [http-nio-8080-exec-9] o.s.w.s.m.m.a.HttpEntityMethodProcessor  : Using 'application/json', given [application/json, text/plain, */*] and supported [application/json, application/*+json]
2026-07-31T16:22:28.289+01:00 DEBUG 52043 --- [TuniRate] [http-nio-8080-exec-9] o.s.w.s.m.m.a.HttpEntityMethodProcessor  : Writing [[CategoryResponse[id=2, name=Beauty]]]
2026-07-31T16:22:28.290+01:00 DEBUG 52043 --- [TuniRate] [http-nio-8080-exec-9] o.s.web.servlet.DispatcherServlet        : Completed 200 OK
2026-07-31T16:22:28.291+01:00 DEBUG 52043 --- [TuniRate] [http-nio-8080-exec-4] o.s.w.s.m.m.a.HttpEntityMethodProcessor  : Using 'application/json', given [application/json, text/plain, */*] and supported [application/json, application/*+json]
2026-07-31T16:22:28.292+01:00 DEBUG 52043 --- [TuniRate] [http-nio-8080-exec-4] o.s.w.s.m.m.a.HttpEntityMethodProcessor  : Writing [MinimizedUserResponse[id=8, name=Anas Riadh Azizi, email=anasriad.azizi@gmail.com, emailVerified=tru (truncated)...]
2026-07-31T16:22:28.293+01:00 DEBUG 52043 --- [TuniRate] [http-nio-8080-exec-4] o.s.web.servlet.DispatcherServlet        : Completed 200 OK
2026-07-31T16:22:28.295+01:00 DEBUG 52043 --- [TuniRate] [http-nio-8080-exec-3] o.s.web.servlet.DispatcherServlet        : GET "/reviews/product/39?page=0&size=10", parameters={masked}
2026-07-31T16:22:28.295+01:00 DEBUG 52043 --- [TuniRate] [http-nio-8080-exec-3] s.w.s.m.m.a.RequestMappingHandlerMapping : Mapped to tn.anasazx.tunirate.review.controller.ReviewController#getReviewsByProductId(Long, Pageable)
2026-07-31T16:22:28.296+01:00 DEBUG 52043 --- [TuniRate] [http-nio-8080-exec-8] o.s.web.servlet.DispatcherServlet        : GET "/subcategories", parameters={}
2026-07-31T16:22:28.296+01:00 DEBUG 52043 --- [TuniRate] [http-nio-8080-exec-8] s.w.s.m.m.a.RequestMappingHandlerMapping : Mapped to tn.anasazx.tunirate.subcategory.controller.SubcategoryController#getAll()
2026-07-31T16:22:28.324+01:00 DEBUG 52043 --- [TuniRate] [http-nio-8080-exec-8] o.s.w.s.m.m.a.HttpEntityMethodProcessor  : Using 'application/json', given [application/json, text/plain, */*] and supported [application/json, application/*+json]
2026-07-31T16:22:28.324+01:00 DEBUG 52043 --- [TuniRate] [http-nio-8080-exec-8] o.s.w.s.m.m.a.HttpEntityMethodProcessor  : Writing [[SubcategoryResponse[id=3, name=Skincare, categoryId=2, categoryName=Beauty], SubcategoryResponse[id (truncated)...]
2026-07-31T16:22:28.324+01:00 DEBUG 52043 --- [TuniRate] [http-nio-8080-exec-10] o.s.web.servlet.DispatcherServlet        : GET "/invitations/me", parameters={}
2026-07-31T16:22:28.324+01:00 DEBUG 52043 --- [TuniRate] [http-nio-8080-exec-8] o.s.web.servlet.DispatcherServlet        : Completed 200 OK
2026-07-31T16:22:28.325+01:00 DEBUG 52043 --- [TuniRate] [http-nio-8080-exec-10] s.w.s.m.m.a.RequestMappingHandlerMapping : Mapped to tn.anasazx.tunirate.invitation.controller.CompanyInvitationController#getMyInvitations()
2026-07-31T16:22:28.329+01:00 DEBUG 52043 --- [TuniRate] [http-nio-8080-exec-6] o.s.w.s.m.m.a.HttpEntityMethodProcessor  : Using 'application/json', given [application/json, text/plain, */*] and supported [application/json, application/*+json]
2026-07-31T16:22:28.329+01:00 DEBUG 52043 --- [TuniRate] [http-nio-8080-exec-6] o.s.w.s.m.m.a.HttpEntityMethodProcessor  : Writing [ProductDetailsResponse[id=39, name=Pochette beauté ciel, description=La trousse qui sublime votre ro (truncated)...]
2026-07-31T16:22:28.330+01:00 DEBUG 52043 --- [TuniRate] [http-nio-8080-exec-6] o.s.web.servlet.DispatcherServlet        : Completed 200 OK
2026-07-31T16:22:28.335+01:00 DEBUG 52043 --- [TuniRate] [http-nio-8080-exec-10] o.s.w.s.m.m.a.HttpEntityMethodProcessor  : Using 'application/json', given [application/json, text/plain, */*] and supported [application/json, application/*+json]
2026-07-31T16:22:28.335+01:00 DEBUG 52043 --- [TuniRate] [http-nio-8080-exec-10] o.s.w.s.m.m.a.HttpEntityMethodProcessor  : Writing [[]]
2026-07-31T16:22:28.336+01:00 DEBUG 52043 --- [TuniRate] [http-nio-8080-exec-5] o.s.web.servlet.DispatcherServlet        : GET "/subcategories", parameters={}
2026-07-31T16:22:28.337+01:00 DEBUG 52043 --- [TuniRate] [http-nio-8080-exec-5] s.w.s.m.m.a.RequestMappingHandlerMapping : Mapped to tn.anasazx.tunirate.subcategory.controller.SubcategoryController#getAll()
2026-07-31T16:22:28.338+01:00 DEBUG 52043 --- [TuniRate] [http-nio-8080-exec-10] o.s.web.servlet.DispatcherServlet        : Completed 200 OK
2026-07-31T16:22:28.350+01:00 DEBUG 52043 --- [TuniRate] [http-nio-8080-exec-5] o.s.w.s.m.m.a.HttpEntityMethodProcessor  : Using 'application/json', given [application/json, text/plain, */*] and supported [application/json, application/*+json]
2026-07-31T16:22:28.351+01:00 DEBUG 52043 --- [TuniRate] [http-nio-8080-exec-5] o.s.w.s.m.m.a.HttpEntityMethodProcessor  : Writing [[SubcategoryResponse[id=3, name=Skincare, categoryId=2, categoryName=Beauty], SubcategoryResponse[id (truncated)...]
2026-07-31T16:22:28.352+01:00 DEBUG 52043 --- [TuniRate] [http-nio-8080-exec-5] o.s.web.servlet.DispatcherServlet        : Completed 200 OK
2026-07-31T16:22:28.362+01:00 DEBUG 52043 --- [TuniRate] [http-nio-8080-exec-3] o.s.w.s.m.m.a.HttpEntityMethodProcessor  : Using 'application/json', given [application/json, text/plain, */*] and supported [application/json, application/*+json]
2026-07-31T16:22:28.367+01:00 DEBUG 52043 --- [TuniRate] [http-nio-8080-exec-3] o.s.w.s.m.m.a.HttpEntityMethodProcessor  : Writing [ProductReviewsResponse[myReview=ReviewResponse[id=4, rating=3, content=test with content, user=Minim (truncated)...]
2026-07-31T16:22:28.368+01:00 DEBUG 52043 --- [TuniRate] [http-nio-8080-exec-3] o.s.web.servlet.DispatcherServlet        : Completed 200 OK
2026-07-31T16:22:29.422+01:00 DEBUG 52043 --- [TuniRate] [http-nio-8080-exec-7] o.s.web.servlet.DispatcherServlet        : GET "/auth/me", parameters={}
2026-07-31T16:22:29.422+01:00 DEBUG 52043 --- [TuniRate] [http-nio-8080-exec-9] o.s.web.servlet.DispatcherServlet        : GET "/categories", parameters={}
2026-07-31T16:22:29.422+01:00 DEBUG 52043 --- [TuniRate] [http-nio-8080-exec-9] s.w.s.m.m.a.RequestMappingHandlerMapping : Mapped to tn.anasazx.tunirate.category.controller.CategoryController#getAll()
2026-07-31T16:22:29.422+01:00 DEBUG 52043 --- [TuniRate] [http-nio-8080-exec-7] s.w.s.m.m.a.RequestMappingHandlerMapping : Mapped to tn.anasazx.tunirate.authentication.controller.AuthController#authenticateUser()
2026-07-31T16:22:29.422+01:00 DEBUG 52043 --- [TuniRate] [http-nio-8080-exec-1] o.s.web.servlet.DispatcherServlet        : GET "/product/39/details", parameters={}
2026-07-31T16:22:29.423+01:00 DEBUG 52043 --- [TuniRate] [http-nio-8080-exec-1] s.w.s.m.m.a.RequestMappingHandlerMapping : Mapped to tn.anasazx.tunirate.product.controller.ProductController#getProductDetails(Long)
2026-07-31T16:22:29.422+01:00 DEBUG 52043 --- [TuniRate] [http-nio-8080-exec-2] o.s.web.servlet.DispatcherServlet        : GET "/reviews/product/39?page=0&size=10", parameters={masked}
2026-07-31T16:22:29.424+01:00 DEBUG 52043 --- [TuniRate] [http-nio-8080-exec-2] s.w.s.m.m.a.RequestMappingHandlerMapping : Mapped to tn.anasazx.tunirate.review.controller.ReviewController#getReviewsByProductId(Long, Pageable)
2026-07-31T16:22:29.425+01:00 DEBUG 52043 --- [TuniRate] [http-nio-8080-exec-9] o.s.w.s.m.m.a.HttpEntityMethodProcessor  : Using 'application/json', given [application/json, text/plain, */*] and supported [application/json, application/*+json]
2026-07-31T16:22:29.425+01:00 DEBUG 52043 --- [TuniRate] [http-nio-8080-exec-9] o.s.w.s.m.m.a.HttpEntityMethodProcessor  : Writing [[CategoryResponse[id=2, name=Beauty]]]
2026-07-31T16:22:29.426+01:00 DEBUG 52043 --- [TuniRate] [http-nio-8080-exec-7] o.s.w.s.m.m.a.HttpEntityMethodProcessor  : Using 'application/json', given [application/json, text/plain, */*] and supported [application/json, application/*+json]
2026-07-31T16:22:29.426+01:00 DEBUG 52043 --- [TuniRate] [http-nio-8080-exec-7] o.s.w.s.m.m.a.HttpEntityMethodProcessor  : Writing [MinimizedUserResponse[id=8, name=Anas Riadh Azizi, email=anasriad.azizi@gmail.com, emailVerified=tru (truncated)...]
2026-07-31T16:22:29.426+01:00 DEBUG 52043 --- [TuniRate] [http-nio-8080-exec-7] o.s.web.servlet.DispatcherServlet        : Completed 200 OK
2026-07-31T16:22:29.427+01:00 DEBUG 52043 --- [TuniRate] [http-nio-8080-exec-9] o.s.web.servlet.DispatcherServlet        : Completed 200 OK
2026-07-31T16:22:29.439+01:00 DEBUG 52043 --- [TuniRate] [http-nio-8080-exec-9] o.s.web.servlet.DispatcherServlet        : GET "/categories", parameters={}
2026-07-31T16:22:29.439+01:00 DEBUG 52043 --- [TuniRate] [http-nio-8080-exec-9] s.w.s.m.m.a.RequestMappingHandlerMapping : Mapped to tn.anasazx.tunirate.category.controller.CategoryController#getAll()
2026-07-31T16:22:29.439+01:00 DEBUG 52043 --- [TuniRate] [http-nio-8080-exec-8] o.s.web.servlet.DispatcherServlet        : GET "/invitations/me", parameters={}
2026-07-31T16:22:29.440+01:00 DEBUG 52043 --- [TuniRate] [http-nio-8080-exec-8] s.w.s.m.m.a.RequestMappingHandlerMapping : Mapped to tn.anasazx.tunirate.invitation.controller.CompanyInvitationController#getMyInvitations()
2026-07-31T16:22:29.458+01:00 DEBUG 52043 --- [TuniRate] [http-nio-8080-exec-1] o.s.w.s.m.m.a.HttpEntityMethodProcessor  : Using 'application/json', given [application/json, text/plain, */*] and supported [application/json, application/*+json]
2026-07-31T16:22:29.458+01:00 DEBUG 52043 --- [TuniRate] [http-nio-8080-exec-1] o.s.w.s.m.m.a.HttpEntityMethodProcessor  : Writing [ProductDetailsResponse[id=39, name=Pochette beauté ciel, description=La trousse qui sublime votre ro (truncated)...]
2026-07-31T16:22:29.458+01:00 DEBUG 52043 --- [TuniRate] [http-nio-8080-exec-1] o.s.web.servlet.DispatcherServlet        : Completed 200 OK
2026-07-31T16:22:29.459+01:00 DEBUG 52043 --- [TuniRate] [http-nio-8080-exec-9] o.s.w.s.m.m.a.HttpEntityMethodProcessor  : Using 'application/json', given [application/json, text/plain, */*] and supported [application/json, application/*+json]
2026-07-31T16:22:29.460+01:00 DEBUG 52043 --- [TuniRate] [http-nio-8080-exec-9] o.s.w.s.m.m.a.HttpEntityMethodProcessor  : Writing [[CategoryResponse[id=2, name=Beauty]]]
2026-07-31T16:22:29.460+01:00 DEBUG 52043 --- [TuniRate] [http-nio-8080-exec-9] o.s.web.servlet.DispatcherServlet        : Completed 200 OK
2026-07-31T16:22:29.461+01:00 DEBUG 52043 --- [TuniRate] [http-nio-8080-exec-8] o.s.w.s.m.m.a.HttpEntityMethodProcessor  : Using 'application/json', given [application/json, text/plain, */*] and supported [application/json, application/*+json]
2026-07-31T16:22:29.461+01:00 DEBUG 52043 --- [TuniRate] [http-nio-8080-exec-8] o.s.w.s.m.m.a.HttpEntityMethodProcessor  : Writing [[]]
2026-07-31T16:22:29.463+01:00 DEBUG 52043 --- [TuniRate] [http-nio-8080-exec-8] o.s.web.servlet.DispatcherServlet        : Completed 200 OK
2026-07-31T16:22:29.467+01:00 DEBUG 52043 --- [TuniRate] [http-nio-8080-exec-6] o.s.web.servlet.DispatcherServlet        : GET "/subcategories", parameters={}
2026-07-31T16:22:29.467+01:00 DEBUG 52043 --- [TuniRate] [http-nio-8080-exec-6] s.w.s.m.m.a.RequestMappingHandlerMapping : Mapped to tn.anasazx.tunirate.subcategory.controller.SubcategoryController#getAll()
2026-07-31T16:22:29.471+01:00 DEBUG 52043 --- [TuniRate] [http-nio-8080-exec-6] o.s.w.s.m.m.a.HttpEntityMethodProcessor  : Using 'application/json', given [application/json, text/plain, */*] and supported [application/json, application/*+json]
2026-07-31T16:22:29.474+01:00 DEBUG 52043 --- [TuniRate] [http-nio-8080-exec-6] o.s.w.s.m.m.a.HttpEntityMethodProcessor  : Writing [[SubcategoryResponse[id=3, name=Skincare, categoryId=2, categoryName=Beauty], SubcategoryResponse[id (truncated)...]
2026-07-31T16:22:29.474+01:00 DEBUG 52043 --- [TuniRate] [http-nio-8080-exec-6] o.s.web.servlet.DispatcherServlet        : Completed 200 OK
2026-07-31T16:22:29.477+01:00 DEBUG 52043 --- [TuniRate] [http-nio-8080-exec-2] o.s.w.s.m.m.a.HttpEntityMethodProcessor  : Using 'application/json', given [application/json, text/plain, */*] and supported [application/json, application/*+json]
2026-07-31T16:22:29.477+01:00 DEBUG 52043 --- [TuniRate] [http-nio-8080-exec-2] o.s.w.s.m.m.a.HttpEntityMethodProcessor  : Writing [ProductReviewsResponse[myReview=ReviewResponse[id=4, rating=3, content=test with content, user=Minim (truncated)...]
2026-07-31T16:22:29.478+01:00 DEBUG 52043 --- [TuniRate] [http-nio-8080-exec-2] o.s.web.servlet.DispatcherServlet        : Completed 200 OK
2026-07-31T16:22:29.554+01:00 DEBUG 52043 --- [TuniRate] [http-nio-8080-exec-10] o.s.web.servlet.DispatcherServlet        : GET "/subcategories", parameters={}
2026-07-31T16:22:29.554+01:00 DEBUG 52043 --- [TuniRate] [http-nio-8080-exec-10] s.w.s.m.m.a.RequestMappingHandlerMapping : Mapped to tn.anasazx.tunirate.subcategory.controller.SubcategoryController#getAll()
2026-07-31T16:22:29.567+01:00 DEBUG 52043 --- [TuniRate] [http-nio-8080-exec-10] o.s.w.s.m.m.a.HttpEntityMethodProcessor  : Using 'application/json', given [application/json, text/plain, */*] and supported [application/json, application/*+json]
2026-07-31T16:22:29.567+01:00 DEBUG 52043 --- [TuniRate] [http-nio-8080-exec-10] o.s.w.s.m.m.a.HttpEntityMethodProcessor  : Writing [[SubcategoryResponse[id=3, name=Skincare, categoryId=2, categoryName=Beauty], SubcategoryResponse[id (truncated)...]
2026-07-31T16:22:29.568+01:00 DEBUG 52043 --- [TuniRate] [http-nio-8080-exec-10] o.s.web.servlet.DispatcherServlet        : Completed 200 OK
2026-07-31T16:22:31.333+01:00 DEBUG 52043 --- [TuniRate] [http-nio-8080-exec-5] o.s.web.servlet.DispatcherServlet        : GET "/auth/me", parameters={}
2026-07-31T16:22:31.333+01:00 DEBUG 52043 --- [TuniRate] [http-nio-8080-exec-5] s.w.s.m.m.a.RequestMappingHandlerMapping : Mapped to tn.anasazx.tunirate.authentication.controller.AuthController#authenticateUser()
2026-07-31T16:22:31.340+01:00 DEBUG 52043 --- [TuniRate] [http-nio-8080-exec-3] o.s.web.servlet.DispatcherServlet        : GET "/product/39/details", parameters={}
2026-07-31T16:22:31.341+01:00 DEBUG 52043 --- [TuniRate] [http-nio-8080-exec-3] s.w.s.m.m.a.RequestMappingHandlerMapping : Mapped to tn.anasazx.tunirate.product.controller.ProductController#getProductDetails(Long)
2026-07-31T16:22:31.342+01:00 DEBUG 52043 --- [TuniRate] [http-nio-8080-exec-1] o.s.web.servlet.DispatcherServlet        : GET "/reviews/product/39?page=0&size=10", parameters={masked}
2026-07-31T16:22:31.342+01:00 DEBUG 52043 --- [TuniRate] [http-nio-8080-exec-1] s.w.s.m.m.a.RequestMappingHandlerMapping : Mapped to tn.anasazx.tunirate.review.controller.ReviewController#getReviewsByProductId(Long, Pageable)
2026-07-31T16:22:31.344+01:00 DEBUG 52043 --- [TuniRate] [http-nio-8080-exec-5] o.s.w.s.m.m.a.HttpEntityMethodProcessor  : Using 'application/json', given [application/json, text/plain, */*] and supported [application/json, application/*+json]
2026-07-31T16:22:31.345+01:00 DEBUG 52043 --- [TuniRate] [http-nio-8080-exec-5] o.s.w.s.m.m.a.HttpEntityMethodProcessor  : Writing [MinimizedUserResponse[id=8, name=Anas Riadh Azizi, email=anasriad.azizi@gmail.com, emailVerified=tru (truncated)...]
2026-07-31T16:22:31.345+01:00 DEBUG 52043 --- [TuniRate] [http-nio-8080-exec-5] o.s.web.servlet.DispatcherServlet        : Completed 200 OK
2026-07-31T16:22:31.346+01:00 DEBUG 52043 --- [TuniRate] [http-nio-8080-exec-9] o.s.web.servlet.DispatcherServlet        : GET "/categories", parameters={}
2026-07-31T16:22:31.346+01:00 DEBUG 52043 --- [TuniRate] [http-nio-8080-exec-9] s.w.s.m.m.a.RequestMappingHandlerMapping : Mapped to tn.anasazx.tunirate.category.controller.CategoryController#getAll()
2026-07-31T16:22:31.350+01:00 DEBUG 52043 --- [TuniRate] [http-nio-8080-exec-9] o.s.w.s.m.m.a.HttpEntityMethodProcessor  : Using 'application/json', given [application/json, text/plain, */*] and supported [application/json, application/*+json]
2026-07-31T16:22:31.350+01:00 DEBUG 52043 --- [TuniRate] [http-nio-8080-exec-9] o.s.w.s.m.m.a.HttpEntityMethodProcessor  : Writing [[CategoryResponse[id=2, name=Beauty]]]
2026-07-31T16:22:31.351+01:00 DEBUG 52043 --- [TuniRate] [http-nio-8080-exec-9] o.s.web.servlet.DispatcherServlet        : Completed 200 OK
2026-07-31T16:22:31.364+01:00 DEBUG 52043 --- [TuniRate] [http-nio-8080-exec-8] o.s.web.servlet.DispatcherServlet        : GET "/categories", parameters={}
2026-07-31T16:22:31.364+01:00 DEBUG 52043 --- [TuniRate] [http-nio-8080-exec-8] s.w.s.m.m.a.RequestMappingHandlerMapping : Mapped to tn.anasazx.tunirate.category.controller.CategoryController#getAll()
2026-07-31T16:22:31.372+01:00 DEBUG 52043 --- [TuniRate] [http-nio-8080-exec-3] o.s.w.s.m.m.a.HttpEntityMethodProcessor  : Using 'application/json', given [application/json, text/plain, */*] and supported [application/json, application/*+json]
2026-07-31T16:22:31.372+01:00 DEBUG 52043 --- [TuniRate] [http-nio-8080-exec-8] o.s.w.s.m.m.a.HttpEntityMethodProcessor  : Using 'application/json', given [application/json, text/plain, */*] and supported [application/json, application/*+json]
2026-07-31T16:22:31.372+01:00 DEBUG 52043 --- [TuniRate] [http-nio-8080-exec-8] o.s.w.s.m.m.a.HttpEntityMethodProcessor  : Writing [[CategoryResponse[id=2, name=Beauty]]]
2026-07-31T16:22:31.374+01:00 DEBUG 52043 --- [TuniRate] [http-nio-8080-exec-8] o.s.web.servlet.DispatcherServlet        : Completed 200 OK
2026-07-31T16:22:31.372+01:00 DEBUG 52043 --- [TuniRate] [http-nio-8080-exec-3] o.s.w.s.m.m.a.HttpEntityMethodProcessor  : Writing [ProductDetailsResponse[id=39, name=Pochette beauté ciel, description=La trousse qui sublime votre ro (truncated)...]
2026-07-31T16:22:31.375+01:00 DEBUG 52043 --- [TuniRate] [http-nio-8080-exec-3] o.s.web.servlet.DispatcherServlet        : Completed 200 OK
2026-07-31T16:22:31.382+01:00 DEBUG 52043 --- [TuniRate] [http-nio-8080-exec-2] o.s.web.servlet.DispatcherServlet        : GET "/invitations/me", parameters={}
2026-07-31T16:22:31.436+01:00 DEBUG 52043 --- [TuniRate] [http-nio-8080-exec-2] s.w.s.m.m.a.RequestMappingHandlerMapping : Mapped to tn.anasazx.tunirate.invitation.controller.CompanyInvitationController#getMyInvitations()
2026-07-31T16:22:31.389+01:00 DEBUG 52043 --- [TuniRate] [http-nio-8080-exec-7] o.s.web.servlet.DispatcherServlet        : GET "/subcategories", parameters={}
2026-07-31T16:22:31.437+01:00 DEBUG 52043 --- [TuniRate] [http-nio-8080-exec-7] s.w.s.m.m.a.RequestMappingHandlerMapping : Mapped to tn.anasazx.tunirate.subcategory.controller.SubcategoryController#getAll()
2026-07-31T16:22:31.442+01:00 DEBUG 52043 --- [TuniRate] [http-nio-8080-exec-2] o.s.w.s.m.m.a.HttpEntityMethodProcessor  : Using 'application/json', given [application/json, text/plain, */*] and supported [application/json, application/*+json]
2026-07-31T16:22:31.442+01:00 DEBUG 52043 --- [TuniRate] [http-nio-8080-exec-2] o.s.w.s.m.m.a.HttpEntityMethodProcessor  : Writing [[]]
2026-07-31T16:22:31.442+01:00 DEBUG 52043 --- [TuniRate] [http-nio-8080-exec-2] o.s.web.servlet.DispatcherServlet        : Completed 200 OK
2026-07-31T16:22:31.447+01:00 DEBUG 52043 --- [TuniRate] [http-nio-8080-exec-1] o.s.w.s.m.m.a.HttpEntityMethodProcessor  : Using 'application/json', given [application/json, text/plain, */*] and supported [application/json, application/*+json]
2026-07-31T16:22:31.447+01:00 DEBUG 52043 --- [TuniRate] [http-nio-8080-exec-1] o.s.w.s.m.m.a.HttpEntityMethodProcessor  : Writing [ProductReviewsResponse[myReview=ReviewResponse[id=4, rating=3, content=test with content, user=Minim (truncated)...]
2026-07-31T16:22:31.447+01:00 DEBUG 52043 --- [TuniRate] [http-nio-8080-exec-7] o.s.w.s.m.m.a.HttpEntityMethodProcessor  : Using 'application/json', given [application/json, text/plain, */*] and supported [application/json, application/*+json]
2026-07-31T16:22:31.448+01:00 DEBUG 52043 --- [TuniRate] [http-nio-8080-exec-7] o.s.w.s.m.m.a.HttpEntityMethodProcessor  : Writing [[SubcategoryResponse[id=3, name=Skincare, categoryId=2, categoryName=Beauty], SubcategoryResponse[id (truncated)...]
2026-07-31T16:22:31.450+01:00 DEBUG 52043 --- [TuniRate] [http-nio-8080-exec-7] o.s.web.servlet.DispatcherServlet        : Completed 200 OK
2026-07-31T16:22:31.450+01:00 DEBUG 52043 --- [TuniRate] [http-nio-8080-exec-1] o.s.web.servlet.DispatcherServlet        : Completed 200 OK
2026-07-31T16:22:31.457+01:00 DEBUG 52043 --- [TuniRate] [http-nio-8080-exec-4] o.s.web.servlet.DispatcherServlet        : GET "/subcategories", parameters={}
2026-07-31T16:22:31.457+01:00 DEBUG 52043 --- [TuniRate] [http-nio-8080-exec-4] s.w.s.m.m.a.RequestMappingHandlerMapping : Mapped to tn.anasazx.tunirate.subcategory.controller.SubcategoryController#getAll()
2026-07-31T16:22:31.472+01:00 DEBUG 52043 --- [TuniRate] [http-nio-8080-exec-4] o.s.w.s.m.m.a.HttpEntityMethodProcessor  : Using 'application/json', given [application/json, text/plain, */*] and supported [application/json, application/*+json]
2026-07-31T16:22:31.472+01:00 DEBUG 52043 --- [TuniRate] [http-nio-8080-exec-4] o.s.w.s.m.m.a.HttpEntityMethodProcessor  : Writing [[SubcategoryResponse[id=3, name=Skincare, categoryId=2, categoryName=Beauty], SubcategoryResponse[id (truncated)...]
2026-07-31T16:22:31.474+01:00 DEBUG 52043 --- [TuniRate] [http-nio-8080-exec-4] o.s.web.servlet.DispatcherServlet        : Completed 200 OK
2026-07-31T16:22:32.724+01:00 DEBUG 52043 --- [TuniRate] [http-nio-8080-exec-5] o.s.web.servlet.DispatcherServlet        : GET "/auth/me", parameters={}
2026-07-31T16:22:32.725+01:00 DEBUG 52043 --- [TuniRate] [http-nio-8080-exec-5] s.w.s.m.m.a.RequestMappingHandlerMapping : Mapped to tn.anasazx.tunirate.authentication.controller.AuthController#authenticateUser()
2026-07-31T16:22:32.725+01:00 DEBUG 52043 --- [TuniRate] [http-nio-8080-exec-9] o.s.web.servlet.DispatcherServlet        : GET "/product/39/details", parameters={}
2026-07-31T16:22:32.730+01:00 DEBUG 52043 --- [TuniRate] [http-nio-8080-exec-9] s.w.s.m.m.a.RequestMappingHandlerMapping : Mapped to tn.anasazx.tunirate.product.controller.ProductController#getProductDetails(Long)
2026-07-31T16:22:32.734+01:00 DEBUG 52043 --- [TuniRate] [http-nio-8080-exec-6] o.s.web.servlet.DispatcherServlet        : GET "/categories", parameters={}
2026-07-31T16:22:32.734+01:00 DEBUG 52043 --- [TuniRate] [http-nio-8080-exec-6] s.w.s.m.m.a.RequestMappingHandlerMapping : Mapped to tn.anasazx.tunirate.category.controller.CategoryController#getAll()
2026-07-31T16:22:32.736+01:00 DEBUG 52043 --- [TuniRate] [http-nio-8080-exec-5] o.s.w.s.m.m.a.HttpEntityMethodProcessor  : Using 'application/json', given [application/json, text/plain, */*] and supported [application/json, application/*+json]
2026-07-31T16:22:32.737+01:00 DEBUG 52043 --- [TuniRate] [http-nio-8080-exec-5] o.s.w.s.m.m.a.HttpEntityMethodProcessor  : Writing [MinimizedUserResponse[id=8, name=Anas Riadh Azizi, email=anasriad.azizi@gmail.com, emailVerified=tru (truncated)...]
2026-07-31T16:22:32.746+01:00 DEBUG 52043 --- [TuniRate] [http-nio-8080-exec-5] o.s.web.servlet.DispatcherServlet        : Completed 200 OK
2026-07-31T16:22:32.747+01:00 DEBUG 52043 --- [TuniRate] [http-nio-8080-exec-6] o.s.w.s.m.m.a.HttpEntityMethodProcessor  : Using 'application/json', given [application/json, text/plain, */*] and supported [application/json, application/*+json]
2026-07-31T16:22:32.748+01:00 DEBUG 52043 --- [TuniRate] [http-nio-8080-exec-6] o.s.w.s.m.m.a.HttpEntityMethodProcessor  : Writing [[CategoryResponse[id=2, name=Beauty]]]
2026-07-31T16:22:32.748+01:00 DEBUG 52043 --- [TuniRate] [http-nio-8080-exec-6] o.s.web.servlet.DispatcherServlet        : Completed 200 OK
2026-07-31T16:22:32.748+01:00 DEBUG 52043 --- [TuniRate] [http-nio-8080-exec-10] o.s.web.servlet.DispatcherServlet        : GET "/reviews/product/39?page=0&size=10", parameters={masked}
2026-07-31T16:22:32.749+01:00 DEBUG 52043 --- [TuniRate] [http-nio-8080-exec-10] s.w.s.m.m.a.RequestMappingHandlerMapping : Mapped to tn.anasazx.tunirate.review.controller.ReviewController#getReviewsByProductId(Long, Pageable)
2026-07-31T16:22:32.761+01:00 DEBUG 52043 --- [TuniRate] [http-nio-8080-exec-3] o.s.web.servlet.DispatcherServlet        : GET "/categories", parameters={}
2026-07-31T16:22:32.761+01:00 DEBUG 52043 --- [TuniRate] [http-nio-8080-exec-3] s.w.s.m.m.a.RequestMappingHandlerMapping : Mapped to tn.anasazx.tunirate.category.controller.CategoryController#getAll()
2026-07-31T16:22:32.761+01:00 DEBUG 52043 --- [TuniRate] [http-nio-8080-exec-9] o.s.w.s.m.m.a.HttpEntityMethodProcessor  : Using 'application/json', given [application/json, text/plain, */*] and supported [application/json, application/*+json]
2026-07-31T16:22:32.762+01:00 DEBUG 52043 --- [TuniRate] [http-nio-8080-exec-9] o.s.w.s.m.m.a.HttpEntityMethodProcessor  : Writing [ProductDetailsResponse[id=39, name=Pochette beauté ciel, description=La trousse qui sublime votre ro (truncated)...]
2026-07-31T16:22:32.765+01:00 DEBUG 52043 --- [TuniRate] [http-nio-8080-exec-9] o.s.web.servlet.DispatcherServlet        : Completed 200 OK
2026-07-31T16:22:32.765+01:00 DEBUG 52043 --- [TuniRate] [http-nio-8080-exec-3] o.s.w.s.m.m.a.HttpEntityMethodProcessor  : Using 'application/json', given [application/json, text/plain, */*] and supported [application/json, application/*+json]
2026-07-31T16:22:32.766+01:00 DEBUG 52043 --- [TuniRate] [http-nio-8080-exec-3] o.s.w.s.m.m.a.HttpEntityMethodProcessor  : Writing [[CategoryResponse[id=2, name=Beauty]]]
2026-07-31T16:22:32.766+01:00 DEBUG 52043 --- [TuniRate] [http-nio-8080-exec-3] o.s.web.servlet.DispatcherServlet        : Completed 200 OK
2026-07-31T16:22:32.771+01:00 DEBUG 52043 --- [TuniRate] [http-nio-8080-exec-10] o.s.w.s.m.m.a.HttpEntityMethodProcessor  : Using 'application/json', given [application/json, text/plain, */*] and supported [application/json, application/*+json]
2026-07-31T16:22:32.772+01:00 DEBUG 52043 --- [TuniRate] [http-nio-8080-exec-10] o.s.w.s.m.m.a.HttpEntityMethodProcessor  : Writing [ProductReviewsResponse[myReview=ReviewResponse[id=4, rating=3, content=test with content, user=Minim (truncated)...]
2026-07-31T16:22:32.772+01:00 DEBUG 52043 --- [TuniRate] [http-nio-8080-exec-10] o.s.web.servlet.DispatcherServlet        : Completed 200 OK
2026-07-31T16:22:32.831+01:00 DEBUG 52043 --- [TuniRate] [http-nio-8080-exec-8] o.s.web.servlet.DispatcherServlet        : GET "/invitations/me", parameters={}
2026-07-31T16:22:32.831+01:00 DEBUG 52043 --- [TuniRate] [http-nio-8080-exec-8] s.w.s.m.m.a.RequestMappingHandlerMapping : Mapped to tn.anasazx.tunirate.invitation.controller.CompanyInvitationController#getMyInvitations()
2026-07-31T16:22:32.831+01:00 DEBUG 52043 --- [TuniRate] [http-nio-8080-exec-2] o.s.web.servlet.DispatcherServlet        : GET "/subcategories", parameters={}
2026-07-31T16:22:32.831+01:00 DEBUG 52043 --- [TuniRate] [http-nio-8080-exec-2] s.w.s.m.m.a.RequestMappingHandlerMapping : Mapped to tn.anasazx.tunirate.subcategory.controller.SubcategoryController#getAll()
2026-07-31T16:22:32.834+01:00 DEBUG 52043 --- [TuniRate] [http-nio-8080-exec-8] o.s.w.s.m.m.a.HttpEntityMethodProcessor  : Using 'application/json', given [application/json, text/plain, */*] and supported [application/json, application/*+json]
2026-07-31T16:22:32.835+01:00 DEBUG 52043 --- [TuniRate] [http-nio-8080-exec-8] o.s.w.s.m.m.a.HttpEntityMethodProcessor  : Writing [[]]
2026-07-31T16:22:32.835+01:00 DEBUG 52043 --- [TuniRate] [http-nio-8080-exec-2] o.s.w.s.m.m.a.HttpEntityMethodProcessor  : Using 'application/json', given [application/json, text/plain, */*] and supported [application/json, application/*+json]
2026-07-31T16:22:32.835+01:00 DEBUG 52043 --- [TuniRate] [http-nio-8080-exec-2] o.s.w.s.m.m.a.HttpEntityMethodProcessor  : Writing [[SubcategoryResponse[id=3, name=Skincare, categoryId=2, categoryName=Beauty], SubcategoryResponse[id (truncated)...]
2026-07-31T16:22:32.836+01:00 DEBUG 52043 --- [TuniRate] [http-nio-8080-exec-2] o.s.web.servlet.DispatcherServlet        : Completed 200 OK
2026-07-31T16:22:32.835+01:00 DEBUG 52043 --- [TuniRate] [http-nio-8080-exec-8] o.s.web.servlet.DispatcherServlet        : Completed 200 OK
2026-07-31T16:22:32.861+01:00 DEBUG 52043 --- [TuniRate] [http-nio-8080-exec-7] o.s.web.servlet.DispatcherServlet        : GET "/subcategories", parameters={}
2026-07-31T16:22:32.862+01:00 DEBUG 52043 --- [TuniRate] [http-nio-8080-exec-7] s.w.s.m.m.a.RequestMappingHandlerMapping : Mapped to tn.anasazx.tunirate.subcategory.controller.SubcategoryController#getAll()
2026-07-31T16:22:32.880+01:00 DEBUG 52043 --- [TuniRate] [http-nio-8080-exec-7] o.s.w.s.m.m.a.HttpEntityMethodProcessor  : Using 'application/json', given [application/json, text/plain, */*] and supported [application/json, application/*+json]
2026-07-31T16:22:32.882+01:00 DEBUG 52043 --- [TuniRate] [http-nio-8080-exec-7] o.s.w.s.m.m.a.HttpEntityMethodProcessor  : Writing [[SubcategoryResponse[id=3, name=Skincare, categoryId=2, categoryName=Beauty], SubcategoryResponse[id (truncated)...]
2026-07-31T16:22:32.886+01:00 DEBUG 52043 --- [TuniRate] [http-nio-8080-exec-7] o.s.web.servlet.DispatcherServlet        : Completed 200 OK
2026-07-31T16:22:35.213+01:00 DEBUG 52043 --- [TuniRate] [http-nio-8080-exec-5] o.s.web.servlet.DispatcherServlet        : GET "/auth/me", parameters={}
2026-07-31T16:22:35.213+01:00 DEBUG 52043 --- [TuniRate] [http-nio-8080-exec-5] s.w.s.m.m.a.RequestMappingHandlerMapping : Mapped to tn.anasazx.tunirate.authentication.controller.AuthController#authenticateUser()
2026-07-31T16:22:35.214+01:00 DEBUG 52043 --- [TuniRate] [http-nio-8080-exec-6] o.s.web.servlet.DispatcherServlet        : GET "/product/39/details", parameters={}
2026-07-31T16:22:35.215+01:00 DEBUG 52043 --- [TuniRate] [http-nio-8080-exec-6] s.w.s.m.m.a.RequestMappingHandlerMapping : Mapped to tn.anasazx.tunirate.product.controller.ProductController#getProductDetails(Long)
2026-07-31T16:22:35.215+01:00 DEBUG 52043 --- [TuniRate] [http-nio-8080-exec-9] o.s.web.servlet.DispatcherServlet        : GET "/categories", parameters={}
2026-07-31T16:22:35.215+01:00 DEBUG 52043 --- [TuniRate] [http-nio-8080-exec-9] s.w.s.m.m.a.RequestMappingHandlerMapping : Mapped to tn.anasazx.tunirate.category.controller.CategoryController#getAll()
2026-07-31T16:22:35.219+01:00 DEBUG 52043 --- [TuniRate] [http-nio-8080-exec-9] o.s.w.s.m.m.a.HttpEntityMethodProcessor  : Using 'application/json', given [application/json, text/plain, */*] and supported [application/json, application/*+json]
2026-07-31T16:22:35.220+01:00 DEBUG 52043 --- [TuniRate] [http-nio-8080-exec-9] o.s.w.s.m.m.a.HttpEntityMethodProcessor  : Writing [[CategoryResponse[id=2, name=Beauty]]]
2026-07-31T16:22:35.220+01:00 DEBUG 52043 --- [TuniRate] [http-nio-8080-exec-5] o.s.w.s.m.m.a.HttpEntityMethodProcessor  : Using 'application/json', given [application/json, text/plain, */*] and supported [application/json, application/*+json]
2026-07-31T16:22:35.220+01:00 DEBUG 52043 --- [TuniRate] [http-nio-8080-exec-5] o.s.w.s.m.m.a.HttpEntityMethodProcessor  : Writing [MinimizedUserResponse[id=8, name=Anas Riadh Azizi, email=anasriad.azizi@gmail.com, emailVerified=tru (truncated)...]
2026-07-31T16:22:35.221+01:00 DEBUG 52043 --- [TuniRate] [http-nio-8080-exec-9] o.s.web.servlet.DispatcherServlet        : Completed 200 OK
2026-07-31T16:22:35.222+01:00 DEBUG 52043 --- [TuniRate] [http-nio-8080-exec-5] o.s.web.servlet.DispatcherServlet        : Completed 200 OK
2026-07-31T16:22:35.229+01:00 DEBUG 52043 --- [TuniRate] [http-nio-8080-exec-3] o.s.web.servlet.DispatcherServlet        : GET "/categories", parameters={}
2026-07-31T16:22:35.229+01:00 DEBUG 52043 --- [TuniRate] [http-nio-8080-exec-3] s.w.s.m.m.a.RequestMappingHandlerMapping : Mapped to tn.anasazx.tunirate.category.controller.CategoryController#getAll()
2026-07-31T16:22:35.242+01:00 DEBUG 52043 --- [TuniRate] [http-nio-8080-exec-3] o.s.w.s.m.m.a.HttpEntityMethodProcessor  : Using 'application/json', given [application/json, text/plain, */*] and supported [application/json, application/*+json]
2026-07-31T16:22:35.242+01:00 DEBUG 52043 --- [TuniRate] [http-nio-8080-exec-3] o.s.w.s.m.m.a.HttpEntityMethodProcessor  : Writing [[CategoryResponse[id=2, name=Beauty]]]
2026-07-31T16:22:35.243+01:00 DEBUG 52043 --- [TuniRate] [http-nio-8080-exec-3] o.s.web.servlet.DispatcherServlet        : Completed 200 OK
2026-07-31T16:22:35.245+01:00 DEBUG 52043 --- [TuniRate] [http-nio-8080-exec-6] o.s.w.s.m.m.a.HttpEntityMethodProcessor  : Using 'application/json', given [application/json, text/plain, */*] and supported [application/json, application/*+json]
2026-07-31T16:22:35.246+01:00 DEBUG 52043 --- [TuniRate] [http-nio-8080-exec-6] o.s.w.s.m.m.a.HttpEntityMethodProcessor  : Writing [ProductDetailsResponse[id=39, name=Pochette beauté ciel, description=La trousse qui sublime votre ro (truncated)...]
2026-07-31T16:22:35.248+01:00 DEBUG 52043 --- [TuniRate] [http-nio-8080-exec-6] o.s.web.servlet.DispatcherServlet        : Completed 200 OK
2026-07-31T16:22:35.248+01:00 DEBUG 52043 --- [TuniRate] [http-nio-8080-exec-2] o.s.web.servlet.DispatcherServlet        : GET "/subcategories", parameters={}
2026-07-31T16:22:35.248+01:00 DEBUG 52043 --- [TuniRate] [http-nio-8080-exec-2] s.w.s.m.m.a.RequestMappingHandlerMapping : Mapped to tn.anasazx.tunirate.subcategory.controller.SubcategoryController#getAll()
2026-07-31T16:22:35.250+01:00 DEBUG 52043 --- [TuniRate] [http-nio-8080-exec-8] o.s.web.servlet.DispatcherServlet        : GET "/reviews/product/39?page=0&size=10", parameters={masked}
2026-07-31T16:22:35.252+01:00 DEBUG 52043 --- [TuniRate] [http-nio-8080-exec-7] o.s.web.servlet.DispatcherServlet        : GET "/invitations/me", parameters={}
2026-07-31T16:22:35.252+01:00 DEBUG 52043 --- [TuniRate] [http-nio-8080-exec-7] s.w.s.m.m.a.RequestMappingHandlerMapping : Mapped to tn.anasazx.tunirate.invitation.controller.CompanyInvitationController#getMyInvitations()
2026-07-31T16:22:35.253+01:00 DEBUG 52043 --- [TuniRate] [http-nio-8080-exec-8] s.w.s.m.m.a.RequestMappingHandlerMapping : Mapped to tn.anasazx.tunirate.review.controller.ReviewController#getReviewsByProductId(Long, Pageable)
2026-07-31T16:22:35.256+01:00 DEBUG 52043 --- [TuniRate] [http-nio-8080-exec-7] o.s.w.s.m.m.a.HttpEntityMethodProcessor  : Using 'application/json', given [application/json, text/plain, */*] and supported [application/json, application/*+json]
2026-07-31T16:22:35.257+01:00 DEBUG 52043 --- [TuniRate] [http-nio-8080-exec-7] o.s.w.s.m.m.a.HttpEntityMethodProcessor  : Writing [[]]
2026-07-31T16:22:35.258+01:00 DEBUG 52043 --- [TuniRate] [http-nio-8080-exec-7] o.s.web.servlet.DispatcherServlet        : Completed 200 OK
2026-07-31T16:22:35.262+01:00 DEBUG 52043 --- [TuniRate] [http-nio-8080-exec-2] o.s.w.s.m.m.a.HttpEntityMethodProcessor  : Using 'application/json', given [application/json, text/plain, */*] and supported [application/json, application/*+json]
2026-07-31T16:22:35.263+01:00 DEBUG 52043 --- [TuniRate] [http-nio-8080-exec-2] o.s.w.s.m.m.a.HttpEntityMethodProcessor  : Writing [[SubcategoryResponse[id=3, name=Skincare, categoryId=2, categoryName=Beauty], SubcategoryResponse[id (truncated)...]
2026-07-31T16:22:35.266+01:00 DEBUG 52043 --- [TuniRate] [http-nio-8080-exec-2] o.s.web.servlet.DispatcherServlet        : Completed 200 OK
2026-07-31T16:22:35.280+01:00 DEBUG 52043 --- [TuniRate] [http-nio-8080-exec-2] o.s.web.servlet.DispatcherServlet        : GET "/subcategories", parameters={}
2026-07-31T16:22:35.281+01:00 DEBUG 52043 --- [TuniRate] [http-nio-8080-exec-2] s.w.s.m.m.a.RequestMappingHandlerMapping : Mapped to tn.anasazx.tunirate.subcategory.controller.SubcategoryController#getAll()
2026-07-31T16:22:35.284+01:00 DEBUG 52043 --- [TuniRate] [http-nio-8080-exec-2] o.s.w.s.m.m.a.HttpEntityMethodProcessor  : Using 'application/json', given [application/json, text/plain, */*] and supported [application/json, application/*+json]
2026-07-31T16:22:35.285+01:00 DEBUG 52043 --- [TuniRate] [http-nio-8080-exec-2] o.s.w.s.m.m.a.HttpEntityMethodProcessor  : Writing [[SubcategoryResponse[id=3, name=Skincare, categoryId=2, categoryName=Beauty], SubcategoryResponse[id (truncated)...]
2026-07-31T16:22:35.286+01:00 DEBUG 52043 --- [TuniRate] [http-nio-8080-exec-2] o.s.web.servlet.DispatcherServlet        : Completed 200 OK
2026-07-31T16:22:35.292+01:00 DEBUG 52043 --- [TuniRate] [http-nio-8080-exec-8] o.s.w.s.m.m.a.HttpEntityMethodProcessor  : Using 'application/json', given [application/json, text/plain, */*] and supported [application/json, application/*+json]
2026-07-31T16:22:35.292+01:00 DEBUG 52043 --- [TuniRate] [http-nio-8080-exec-8] o.s.w.s.m.m.a.HttpEntityMethodProcessor  : Writing [ProductReviewsResponse[myReview=ReviewResponse[id=4, rating=3, content=test with content, user=Minim (truncated)...]
2026-07-31T16:22:35.293+01:00 DEBUG 52043 --- [TuniRate] [http-nio-8080-exec-8] o.s.web.servlet.DispatcherServlet        : Completed 200 OK
2026-07-31T16:22:37.893+01:00 DEBUG 52043 --- [TuniRate] [http-nio-8080-exec-9] o.s.web.servlet.DispatcherServlet        : DELETE "/reviews/4", parameters={}
2026-07-31T16:22:37.894+01:00 DEBUG 52043 --- [TuniRate] [http-nio-8080-exec-9] s.w.s.m.m.a.RequestMappingHandlerMapping : Mapped to tn.anasazx.tunirate.review.controller.ReviewController#deleteReview(Long)
2026-07-31T16:22:38.015+01:00 DEBUG 52043 --- [TuniRate] [http-nio-8080-exec-9] o.s.w.s.m.m.a.HttpEntityMethodProcessor  : Using 'application/json', given [application/json, text/plain, */*] and supported [application/json, application/*+json]
2026-07-31T16:22:38.015+01:00 DEBUG 52043 --- [TuniRate] [http-nio-8080-exec-9] o.s.w.s.m.m.a.HttpEntityMethodProcessor  : Nothing to write: null body
2026-07-31T16:22:38.016+01:00 DEBUG 52043 --- [TuniRate] [http-nio-8080-exec-9] o.s.web.servlet.DispatcherServlet        : Completed 204 NO_CONTENT
2026-07-31T16:22:39.157+01:00 DEBUG 52043 --- [TuniRate] [http-nio-8080-exec-5] o.s.web.servlet.DispatcherServlet        : GET "/auth/me", parameters={}
2026-07-31T16:22:39.158+01:00 DEBUG 52043 --- [TuniRate] [http-nio-8080-exec-5] s.w.s.m.m.a.RequestMappingHandlerMapping : Mapped to tn.anasazx.tunirate.authentication.controller.AuthController#authenticateUser()
2026-07-31T16:22:39.180+01:00 DEBUG 52043 --- [TuniRate] [http-nio-8080-exec-5] o.s.w.s.m.m.a.HttpEntityMethodProcessor  : Using 'application/json', given [application/json, text/plain, */*] and supported [application/json, application/*+json]
2026-07-31T16:22:39.180+01:00 DEBUG 52043 --- [TuniRate] [http-nio-8080-exec-5] o.s.w.s.m.m.a.HttpEntityMethodProcessor  : Writing [MinimizedUserResponse[id=8, name=Anas Riadh Azizi, email=anasriad.azizi@gmail.com, emailVerified=tru (truncated)...]
2026-07-31T16:22:39.181+01:00 DEBUG 52043 --- [TuniRate] [http-nio-8080-exec-5] o.s.web.servlet.DispatcherServlet        : Completed 200 OK
2026-07-31T16:22:39.186+01:00 DEBUG 52043 --- [TuniRate] [http-nio-8080-exec-6] o.s.web.servlet.DispatcherServlet        : GET "/reviews/product/39?page=0&size=10", parameters={masked}
2026-07-31T16:22:39.187+01:00 DEBUG 52043 --- [TuniRate] [http-nio-8080-exec-6] s.w.s.m.m.a.RequestMappingHandlerMapping : Mapped to tn.anasazx.tunirate.review.controller.ReviewController#getReviewsByProductId(Long, Pageable)
2026-07-31T16:22:39.188+01:00 DEBUG 52043 --- [TuniRate] [http-nio-8080-exec-5] o.s.web.servlet.DispatcherServlet        : GET "/categories", parameters={}
2026-07-31T16:22:39.188+01:00 DEBUG 52043 --- [TuniRate] [http-nio-8080-exec-5] s.w.s.m.m.a.RequestMappingHandlerMapping : Mapped to tn.anasazx.tunirate.category.controller.CategoryController#getAll()
2026-07-31T16:22:39.194+01:00 DEBUG 52043 --- [TuniRate] [http-nio-8080-exec-10] o.s.web.servlet.DispatcherServlet        : GET "/product/39/details", parameters={}
2026-07-31T16:22:39.194+01:00 DEBUG 52043 --- [TuniRate] [http-nio-8080-exec-10] s.w.s.m.m.a.RequestMappingHandlerMapping : Mapped to tn.anasazx.tunirate.product.controller.ProductController#getProductDetails(Long)
2026-07-31T16:22:39.196+01:00 DEBUG 52043 --- [TuniRate] [http-nio-8080-exec-5] o.s.w.s.m.m.a.HttpEntityMethodProcessor  : Using 'application/json', given [application/json, text/plain, */*] and supported [application/json, application/*+json]
2026-07-31T16:22:39.196+01:00 DEBUG 52043 --- [TuniRate] [http-nio-8080-exec-5] o.s.w.s.m.m.a.HttpEntityMethodProcessor  : Writing [[CategoryResponse[id=2, name=Beauty]]]
2026-07-31T16:22:39.197+01:00 DEBUG 52043 --- [TuniRate] [http-nio-8080-exec-5] o.s.web.servlet.DispatcherServlet        : Completed 200 OK
2026-07-31T16:22:39.207+01:00 DEBUG 52043 --- [TuniRate] [http-nio-8080-exec-6] o.s.w.s.m.m.a.HttpEntityMethodProcessor  : Using 'application/json', given [application/json, text/plain, */*] and supported [application/json, application/*+json]
2026-07-31T16:22:39.207+01:00 DEBUG 52043 --- [TuniRate] [http-nio-8080-exec-6] o.s.w.s.m.m.a.HttpEntityMethodProcessor  : Writing [ProductReviewsResponse[myReview=null, reviews=Page 1 of 0 containing UNKNOWN instances]]
2026-07-31T16:22:39.210+01:00 DEBUG 52043 --- [TuniRate] [http-nio-8080-exec-6] o.s.web.servlet.DispatcherServlet        : Completed 200 OK
2026-07-31T16:22:39.210+01:00 DEBUG 52043 --- [TuniRate] [http-nio-8080-exec-2] o.s.web.servlet.DispatcherServlet        : GET "/categories", parameters={}
2026-07-31T16:22:39.210+01:00 DEBUG 52043 --- [TuniRate] [http-nio-8080-exec-2] s.w.s.m.m.a.RequestMappingHandlerMapping : Mapped to tn.anasazx.tunirate.category.controller.CategoryController#getAll()
2026-07-31T16:22:39.214+01:00 DEBUG 52043 --- [TuniRate] [http-nio-8080-exec-2] o.s.w.s.m.m.a.HttpEntityMethodProcessor  : Using 'application/json', given [application/json, text/plain, */*] and supported [application/json, application/*+json]
2026-07-31T16:22:39.215+01:00 DEBUG 52043 --- [TuniRate] [http-nio-8080-exec-2] o.s.w.s.m.m.a.HttpEntityMethodProcessor  : Writing [[CategoryResponse[id=2, name=Beauty]]]
2026-07-31T16:22:39.216+01:00 DEBUG 52043 --- [TuniRate] [http-nio-8080-exec-2] o.s.web.servlet.DispatcherServlet        : Completed 200 OK
2026-07-31T16:22:39.216+01:00 DEBUG 52043 --- [TuniRate] [http-nio-8080-exec-1] o.s.web.servlet.DispatcherServlet        : GET "/invitations/me", parameters={}
2026-07-31T16:22:39.216+01:00 DEBUG 52043 --- [TuniRate] [http-nio-8080-exec-1] s.w.s.m.m.a.RequestMappingHandlerMapping : Mapped to tn.anasazx.tunirate.invitation.controller.CompanyInvitationController#getMyInvitations()
2026-07-31T16:22:39.219+01:00 DEBUG 52043 --- [TuniRate] [http-nio-8080-exec-10] o.s.w.s.m.m.a.HttpEntityMethodProcessor  : Using 'application/json', given [application/json, text/plain, */*] and supported [application/json, application/*+json]
2026-07-31T16:22:39.220+01:00 DEBUG 52043 --- [TuniRate] [http-nio-8080-exec-10] o.s.w.s.m.m.a.HttpEntityMethodProcessor  : Writing [ProductDetailsResponse[id=39, name=Pochette beauté ciel, description=La trousse qui sublime votre ro (truncated)...]
2026-07-31T16:22:39.221+01:00 DEBUG 52043 --- [TuniRate] [http-nio-8080-exec-10] o.s.web.servlet.DispatcherServlet        : Completed 200 OK
2026-07-31T16:22:39.226+01:00 DEBUG 52043 --- [TuniRate] [http-nio-8080-exec-1] o.s.w.s.m.m.a.HttpEntityMethodProcessor  : Using 'application/json', given [application/json, text/plain, */*] and supported [application/json, application/*+json]
2026-07-31T16:22:39.226+01:00 DEBUG 52043 --- [TuniRate] [http-nio-8080-exec-1] o.s.w.s.m.m.a.HttpEntityMethodProcessor  : Writing [[]]
2026-07-31T16:22:39.227+01:00 DEBUG 52043 --- [TuniRate] [http-nio-8080-exec-1] o.s.web.servlet.DispatcherServlet        : Completed 200 OK
2026-07-31T16:22:39.315+01:00 DEBUG 52043 --- [TuniRate] [http-nio-8080-exec-7] o.s.web.servlet.DispatcherServlet        : GET "/subcategories", parameters={}
2026-07-31T16:22:39.317+01:00 DEBUG 52043 --- [TuniRate] [http-nio-8080-exec-7] s.w.s.m.m.a.RequestMappingHandlerMapping : Mapped to tn.anasazx.tunirate.subcategory.controller.SubcategoryController#getAll()
2026-07-31T16:22:39.329+01:00 DEBUG 52043 --- [TuniRate] [http-nio-8080-exec-7] o.s.w.s.m.m.a.HttpEntityMethodProcessor  : Using 'application/json', given [application/json, text/plain, */*] and supported [application/json, application/*+json]
2026-07-31T16:22:39.329+01:00 DEBUG 52043 --- [TuniRate] [http-nio-8080-exec-7] o.s.w.s.m.m.a.HttpEntityMethodProcessor  : Writing [[SubcategoryResponse[id=3, name=Skincare, categoryId=2, categoryName=Beauty], SubcategoryResponse[id (truncated)...]
2026-07-31T16:22:39.330+01:00 DEBUG 52043 --- [TuniRate] [http-nio-8080-exec-7] o.s.web.servlet.DispatcherServlet        : Completed 200 OK
2026-07-31T16:22:39.334+01:00 DEBUG 52043 --- [TuniRate] [http-nio-8080-exec-4] o.s.web.servlet.DispatcherServlet        : GET "/subcategories", parameters={}
2026-07-31T16:22:39.334+01:00 DEBUG 52043 --- [TuniRate] [http-nio-8080-exec-4] s.w.s.m.m.a.RequestMappingHandlerMapping : Mapped to tn.anasazx.tunirate.subcategory.controller.SubcategoryController#getAll()
2026-07-31T16:22:39.340+01:00 DEBUG 52043 --- [TuniRate] [http-nio-8080-exec-4] o.s.w.s.m.m.a.HttpEntityMethodProcessor  : Using 'application/json', given [application/json, text/plain, */*] and supported [application/json, application/*+json]
2026-07-31T16:22:39.340+01:00 DEBUG 52043 --- [TuniRate] [http-nio-8080-exec-4] o.s.w.s.m.m.a.HttpEntityMethodProcessor  : Writing [[SubcategoryResponse[id=3, name=Skincare, categoryId=2, categoryName=Beauty], SubcategoryResponse[id (truncated)...]
2026-07-31T16:22:39.341+01:00 DEBUG 52043 --- [TuniRate] [http-nio-8080-exec-4] o.s.web.servlet.DispatcherServlet        : Completed 200 OK
2026-07-31T16:22:56.328+01:00 DEBUG 52043 --- [TuniRate] [http-nio-8080-exec-8] o.s.web.servlet.DispatcherServlet        : POST "/reviews", parameters={}
2026-07-31T16:22:56.328+01:00 DEBUG 52043 --- [TuniRate] [http-nio-8080-exec-8] s.w.s.m.m.a.RequestMappingHandlerMapping : Mapped to tn.anasazx.tunirate.review.controller.ReviewController#createReview(ReviewRequest)
2026-07-31T16:22:56.341+01:00 DEBUG 52043 --- [TuniRate] [http-nio-8080-exec-8] m.m.a.RequestResponseBodyMethodProcessor : Read "application/json;charset=UTF-8" to [ReviewRequest[rating=3, content=sqdf, productId=39]]
2026-07-31T16:22:56.425+01:00 DEBUG 52043 --- [TuniRate] [http-nio-8080-exec-8] o.s.w.s.m.m.a.HttpEntityMethodProcessor  : Using 'application/json', given [application/json, text/plain, */*] and supported [application/json, application/*+json]
2026-07-31T16:22:56.426+01:00 DEBUG 52043 --- [TuniRate] [http-nio-8080-exec-8] o.s.w.s.m.m.a.HttpEntityMethodProcessor  : Writing [ReviewResponse[id=5, rating=3, content=sqdf, user=MinimizedUserResponse[id=8, name=Anas Riadh Azizi, (truncated)...]
2026-07-31T16:22:56.426+01:00 DEBUG 52043 --- [TuniRate] [http-nio-8080-exec-8] o.s.web.servlet.DispatcherServlet        : Completed 201 CREATED
2026-07-31T16:22:57.143+01:00 DEBUG 52043 --- [TuniRate] [http-nio-8080-exec-2] o.s.web.servlet.DispatcherServlet        : GET "/auth/me", parameters={}
2026-07-31T16:22:57.143+01:00 DEBUG 52043 --- [TuniRate] [http-nio-8080-exec-2] s.w.s.m.m.a.RequestMappingHandlerMapping : Mapped to tn.anasazx.tunirate.authentication.controller.AuthController#authenticateUser()
2026-07-31T16:22:57.148+01:00 DEBUG 52043 --- [TuniRate] [http-nio-8080-exec-1] o.s.web.servlet.DispatcherServlet        : GET "/product/39/details", parameters={}
2026-07-31T16:22:57.148+01:00 DEBUG 52043 --- [TuniRate] [http-nio-8080-exec-1] s.w.s.m.m.a.RequestMappingHandlerMapping : Mapped to tn.anasazx.tunirate.product.controller.ProductController#getProductDetails(Long)
2026-07-31T16:22:57.150+01:00 DEBUG 52043 --- [TuniRate] [http-nio-8080-exec-7] o.s.web.servlet.DispatcherServlet        : GET "/categories", parameters={}
2026-07-31T16:22:57.151+01:00 DEBUG 52043 --- [TuniRate] [http-nio-8080-exec-7] s.w.s.m.m.a.RequestMappingHandlerMapping : Mapped to tn.anasazx.tunirate.category.controller.CategoryController#getAll()
2026-07-31T16:22:57.164+01:00 DEBUG 52043 --- [TuniRate] [http-nio-8080-exec-2] o.s.w.s.m.m.a.HttpEntityMethodProcessor  : Using 'application/json', given [application/json, text/plain, */*] and supported [application/json, application/*+json]
2026-07-31T16:22:57.164+01:00 DEBUG 52043 --- [TuniRate] [http-nio-8080-exec-2] o.s.w.s.m.m.a.HttpEntityMethodProcessor  : Writing [MinimizedUserResponse[id=8, name=Anas Riadh Azizi, email=anasriad.azizi@gmail.com, emailVerified=tru (truncated)...]
2026-07-31T16:22:57.164+01:00 DEBUG 52043 --- [TuniRate] [http-nio-8080-exec-7] o.s.w.s.m.m.a.HttpEntityMethodProcessor  : Using 'application/json', given [application/json, text/plain, */*] and supported [application/json, application/*+json]
2026-07-31T16:22:57.164+01:00 DEBUG 52043 --- [TuniRate] [http-nio-8080-exec-7] o.s.w.s.m.m.a.HttpEntityMethodProcessor  : Writing [[CategoryResponse[id=2, name=Beauty]]]
2026-07-31T16:22:57.165+01:00 DEBUG 52043 --- [TuniRate] [http-nio-8080-exec-2] o.s.web.servlet.DispatcherServlet        : Completed 200 OK
2026-07-31T16:22:57.165+01:00 DEBUG 52043 --- [TuniRate] [http-nio-8080-exec-7] o.s.web.servlet.DispatcherServlet        : Completed 200 OK
2026-07-31T16:22:57.185+01:00 DEBUG 52043 --- [TuniRate] [http-nio-8080-exec-7] o.s.web.servlet.DispatcherServlet        : GET "/categories", parameters={}
2026-07-31T16:22:57.185+01:00 DEBUG 52043 --- [TuniRate] [http-nio-8080-exec-7] s.w.s.m.m.a.RequestMappingHandlerMapping : Mapped to tn.anasazx.tunirate.category.controller.CategoryController#getAll()
2026-07-31T16:22:57.192+01:00 DEBUG 52043 --- [TuniRate] [http-nio-8080-exec-8] o.s.web.servlet.DispatcherServlet        : GET "/reviews/product/39?page=0&size=10", parameters={masked}
2026-07-31T16:22:57.193+01:00 DEBUG 52043 --- [TuniRate] [http-nio-8080-exec-8] s.w.s.m.m.a.RequestMappingHandlerMapping : Mapped to tn.anasazx.tunirate.review.controller.ReviewController#getReviewsByProductId(Long, Pageable)
2026-07-31T16:22:57.197+01:00 DEBUG 52043 --- [TuniRate] [http-nio-8080-exec-7] o.s.w.s.m.m.a.HttpEntityMethodProcessor  : Using 'application/json', given [application/json, text/plain, */*] and supported [application/json, application/*+json]
2026-07-31T16:22:57.198+01:00 DEBUG 52043 --- [TuniRate] [http-nio-8080-exec-7] o.s.w.s.m.m.a.HttpEntityMethodProcessor  : Writing [[CategoryResponse[id=2, name=Beauty]]]
2026-07-31T16:22:57.199+01:00 DEBUG 52043 --- [TuniRate] [http-nio-8080-exec-7] o.s.web.servlet.DispatcherServlet        : Completed 200 OK
2026-07-31T16:22:57.200+01:00 DEBUG 52043 --- [TuniRate] [http-nio-8080-exec-1] o.s.w.s.m.m.a.HttpEntityMethodProcessor  : Using 'application/json', given [application/json, text/plain, */*] and supported [application/json, application/*+json]
2026-07-31T16:22:57.211+01:00 DEBUG 52043 --- [TuniRate] [http-nio-8080-exec-1] o.s.w.s.m.m.a.HttpEntityMethodProcessor  : Writing [ProductDetailsResponse[id=39, name=Pochette beauté ciel, description=La trousse qui sublime votre ro (truncated)...]
2026-07-31T16:22:57.238+01:00 DEBUG 52043 --- [TuniRate] [http-nio-8080-exec-1] o.s.web.servlet.DispatcherServlet        : Completed 200 OK
2026-07-31T16:22:57.363+01:00 DEBUG 52043 --- [TuniRate] [http-nio-8080-exec-3] o.s.web.servlet.DispatcherServlet        : GET "/invitations/me", parameters={}
2026-07-31T16:22:57.363+01:00 DEBUG 52043 --- [TuniRate] [http-nio-8080-exec-3] s.w.s.m.m.a.RequestMappingHandlerMapping : Mapped to tn.anasazx.tunirate.invitation.controller.CompanyInvitationController#getMyInvitations()
2026-07-31T16:22:57.364+01:00 DEBUG 52043 --- [TuniRate] [http-nio-8080-exec-9] o.s.web.servlet.DispatcherServlet        : GET "/subcategories", parameters={}
2026-07-31T16:22:57.364+01:00 DEBUG 52043 --- [TuniRate] [http-nio-8080-exec-9] s.w.s.m.m.a.RequestMappingHandlerMapping : Mapped to tn.anasazx.tunirate.subcategory.controller.SubcategoryController#getAll()
2026-07-31T16:22:57.369+01:00 DEBUG 52043 --- [TuniRate] [http-nio-8080-exec-3] o.s.w.s.m.m.a.HttpEntityMethodProcessor  : Using 'application/json', given [application/json, text/plain, */*] and supported [application/json, application/*+json]
2026-07-31T16:22:57.369+01:00 DEBUG 52043 --- [TuniRate] [http-nio-8080-exec-3] o.s.w.s.m.m.a.HttpEntityMethodProcessor  : Writing [[]]
2026-07-31T16:22:57.370+01:00 DEBUG 52043 --- [TuniRate] [http-nio-8080-exec-3] o.s.web.servlet.DispatcherServlet        : Completed 200 OK
2026-07-31T16:22:57.373+01:00 DEBUG 52043 --- [TuniRate] [http-nio-8080-exec-8] o.s.w.s.m.m.a.HttpEntityMethodProcessor  : Using 'application/json', given [application/json, text/plain, */*] and supported [application/json, application/*+json]
2026-07-31T16:22:57.373+01:00 DEBUG 52043 --- [TuniRate] [http-nio-8080-exec-8] o.s.w.s.m.m.a.HttpEntityMethodProcessor  : Writing [ProductReviewsResponse[myReview=ReviewResponse[id=5, rating=3, content=sqdf, user=MinimizedUserRespo (truncated)...]
2026-07-31T16:22:57.374+01:00 DEBUG 52043 --- [TuniRate] [http-nio-8080-exec-8] o.s.web.servlet.DispatcherServlet        : Completed 200 OK
2026-07-31T16:22:57.375+01:00 DEBUG 52043 --- [TuniRate] [http-nio-8080-exec-9] o.s.w.s.m.m.a.HttpEntityMethodProcessor  : Using 'application/json', given [application/json, text/plain, */*] and supported [application/json, application/*+json]
2026-07-31T16:22:57.375+01:00 DEBUG 52043 --- [TuniRate] [http-nio-8080-exec-9] o.s.w.s.m.m.a.HttpEntityMethodProcessor  : Writing [[SubcategoryResponse[id=3, name=Skincare, categoryId=2, categoryName=Beauty], SubcategoryResponse[id (truncated)...]
2026-07-31T16:22:57.376+01:00 DEBUG 52043 --- [TuniRate] [http-nio-8080-exec-9] o.s.web.servlet.DispatcherServlet        : Completed 200 OK
2026-07-31T16:22:57.393+01:00 DEBUG 52043 --- [TuniRate] [http-nio-8080-exec-9] o.s.web.servlet.DispatcherServlet        : GET "/subcategories", parameters={}
2026-07-31T16:22:57.393+01:00 DEBUG 52043 --- [TuniRate] [http-nio-8080-exec-9] s.w.s.m.m.a.RequestMappingHandlerMapping : Mapped to tn.anasazx.tunirate.subcategory.controller.SubcategoryController#getAll()
2026-07-31T16:22:57.398+01:00 DEBUG 52043 --- [TuniRate] [http-nio-8080-exec-9] o.s.w.s.m.m.a.HttpEntityMethodProcessor  : Using 'application/json', given [application/json, text/plain, */*] and supported [application/json, application/*+json]
2026-07-31T16:22:57.398+01:00 DEBUG 52043 --- [TuniRate] [http-nio-8080-exec-9] o.s.w.s.m.m.a.HttpEntityMethodProcessor  : Writing [[SubcategoryResponse[id=3, name=Skincare, categoryId=2, categoryName=Beauty], SubcategoryResponse[id (truncated)...]
2026-07-31T16:22:57.399+01:00 DEBUG 52043 --- [TuniRate] [http-nio-8080-exec-9] o.s.web.servlet.DispatcherServlet        : Completed 200 OK
2026-07-31T16:46:59.076+01:00 DEBUG 52043 --- [TuniRate] [http-nio-8080-exec-10] o.s.web.servlet.DispatcherServlet        : GET "/product/39/details", parameters={}
2026-07-31T16:46:59.077+01:00 DEBUG 52043 --- [TuniRate] [http-nio-8080-exec-9] o.s.web.servlet.DispatcherServlet        : GET "/auth/me", parameters={}
2026-07-31T16:46:59.077+01:00 DEBUG 52043 --- [TuniRate] [http-nio-8080-exec-4] o.s.web.servlet.DispatcherServlet        : GET "/categories", parameters={}
2026-07-31T16:46:59.077+01:00 DEBUG 52043 --- [TuniRate] [http-nio-8080-exec-6] o.s.web.servlet.DispatcherServlet        : GET "/product/39/details", parameters={}
2026-07-31T16:46:59.081+01:00 DEBUG 52043 --- [TuniRate] [http-nio-8080-exec-3] o.s.web.servlet.DispatcherServlet        : GET "/auth/me", parameters={}
2026-07-31T16:46:59.086+01:00 DEBUG 52043 --- [TuniRate] [http-nio-8080-exec-6] s.w.s.m.m.a.RequestMappingHandlerMapping : Mapped to tn.anasazx.tunirate.product.controller.ProductController#getProductDetails(Long)
2026-07-31T16:46:59.086+01:00 DEBUG 52043 --- [TuniRate] [http-nio-8080-exec-3] s.w.s.m.m.a.RequestMappingHandlerMapping : Mapped to tn.anasazx.tunirate.authentication.controller.AuthController#authenticateUser()
2026-07-31T16:46:59.086+01:00 DEBUG 52043 --- [TuniRate] [http-nio-8080-exec-9] s.w.s.m.m.a.RequestMappingHandlerMapping : Mapped to tn.anasazx.tunirate.authentication.controller.AuthController#authenticateUser()
2026-07-31T16:46:59.086+01:00 DEBUG 52043 --- [TuniRate] [http-nio-8080-exec-4] s.w.s.m.m.a.RequestMappingHandlerMapping : Mapped to tn.anasazx.tunirate.category.controller.CategoryController#getAll()
2026-07-31T16:46:59.086+01:00 DEBUG 52043 --- [TuniRate] [http-nio-8080-exec-10] s.w.s.m.m.a.RequestMappingHandlerMapping : Mapped to tn.anasazx.tunirate.product.controller.ProductController#getProductDetails(Long)
2026-07-31T16:46:59.087+01:00 DEBUG 52043 --- [TuniRate] [http-nio-8080-exec-7] o.s.web.servlet.DispatcherServlet        : GET "/categories", parameters={}
2026-07-31T16:46:59.087+01:00 DEBUG 52043 --- [TuniRate] [http-nio-8080-exec-7] s.w.s.m.m.a.RequestMappingHandlerMapping : Mapped to tn.anasazx.tunirate.category.controller.CategoryController#getAll()
2026-07-31T16:46:59.107+01:00 DEBUG 52043 --- [TuniRate] [http-nio-8080-exec-3] o.s.w.s.m.m.a.HttpEntityMethodProcessor  : Using 'application/json', given [application/json, text/plain, */*] and supported [application/json, application/*+json]
2026-07-31T16:46:59.107+01:00 DEBUG 52043 --- [TuniRate] [http-nio-8080-exec-4] o.s.w.s.m.m.a.HttpEntityMethodProcessor  : Using 'application/json', given [application/json, text/plain, */*] and supported [application/json, application/*+json]
2026-07-31T16:46:59.107+01:00 DEBUG 52043 --- [TuniRate] [http-nio-8080-exec-3] o.s.w.s.m.m.a.HttpEntityMethodProcessor  : Writing [MinimizedUserResponse[id=1, name=Anasazx, email=anas.azizi2000@gmail.com, emailVerified=false, avata (truncated)...]
2026-07-31T16:46:59.107+01:00 DEBUG 52043 --- [TuniRate] [http-nio-8080-exec-4] o.s.w.s.m.m.a.HttpEntityMethodProcessor  : Writing [[CategoryResponse[id=2, name=Beauty]]]
2026-07-31T16:46:59.110+01:00 DEBUG 52043 --- [TuniRate] [http-nio-8080-exec-3] o.s.web.servlet.DispatcherServlet        : Completed 200 OK
2026-07-31T16:46:59.110+01:00 DEBUG 52043 --- [TuniRate] [http-nio-8080-exec-4] o.s.web.servlet.DispatcherServlet        : Completed 200 OK
2026-07-31T16:46:59.114+01:00 DEBUG 52043 --- [TuniRate] [http-nio-8080-exec-8] o.s.web.servlet.DispatcherServlet        : GET "/categories", parameters={}
2026-07-31T16:46:59.114+01:00 DEBUG 52043 --- [TuniRate] [http-nio-8080-exec-8] s.w.s.m.m.a.RequestMappingHandlerMapping : Mapped to tn.anasazx.tunirate.category.controller.CategoryController#getAll()
2026-07-31T16:46:59.119+01:00 DEBUG 52043 --- [TuniRate] [http-nio-8080-exec-8] o.s.w.s.m.m.a.HttpEntityMethodProcessor  : Using 'application/json', given [application/json, text/plain, */*] and supported [application/json, application/*+json]
2026-07-31T16:46:59.119+01:00 DEBUG 52043 --- [TuniRate] [http-nio-8080-exec-8] o.s.w.s.m.m.a.HttpEntityMethodProcessor  : Writing [[CategoryResponse[id=2, name=Beauty]]]
2026-07-31T16:46:59.119+01:00 DEBUG 52043 --- [TuniRate] [http-nio-8080-exec-7] o.s.w.s.m.m.a.HttpEntityMethodProcessor  : Using 'application/json', given [application/json, text/plain, */*] and supported [application/json, application/*+json]
2026-07-31T16:46:59.125+01:00 DEBUG 52043 --- [TuniRate] [http-nio-8080-exec-9] o.s.w.s.m.m.a.HttpEntityMethodProcessor  : Using 'application/json', given [application/json, text/plain, */*] and supported [application/json, application/*+json]
2026-07-31T16:46:59.125+01:00 DEBUG 52043 --- [TuniRate] [http-nio-8080-exec-9] o.s.w.s.m.m.a.HttpEntityMethodProcessor  : Writing [MinimizedUserResponse[id=8, name=Anas Riadh Azizi, email=anasriad.azizi@gmail.com, emailVerified=tru (truncated)...]
2026-07-31T16:46:59.125+01:00 DEBUG 52043 --- [TuniRate] [http-nio-8080-exec-7] o.s.w.s.m.m.a.HttpEntityMethodProcessor  : Writing [[CategoryResponse[id=2, name=Beauty]]]
2026-07-31T16:46:59.127+01:00 DEBUG 52043 --- [TuniRate] [http-nio-8080-exec-9] o.s.web.servlet.DispatcherServlet        : Completed 200 OK
2026-07-31T16:46:59.128+01:00 DEBUG 52043 --- [TuniRate] [http-nio-8080-exec-7] o.s.web.servlet.DispatcherServlet        : Completed 200 OK
2026-07-31T16:46:59.128+01:00 DEBUG 52043 --- [TuniRate] [http-nio-8080-exec-8] o.s.web.servlet.DispatcherServlet        : Completed 200 OK
2026-07-31T16:46:59.133+01:00 DEBUG 52043 --- [TuniRate] [http-nio-8080-exec-1] o.s.web.servlet.DispatcherServlet        : GET "/subcategories", parameters={}
2026-07-31T16:46:59.133+01:00 DEBUG 52043 --- [TuniRate] [http-nio-8080-exec-1] s.w.s.m.m.a.RequestMappingHandlerMapping : Mapped to tn.anasazx.tunirate.subcategory.controller.SubcategoryController#getAll()
2026-07-31T16:46:59.133+01:00 DEBUG 52043 --- [TuniRate] [http-nio-8080-exec-7] o.s.web.servlet.DispatcherServlet        : GET "/categories", parameters={}
2026-07-31T16:46:59.134+01:00 DEBUG 52043 --- [TuniRate] [http-nio-8080-exec-7] s.w.s.m.m.a.RequestMappingHandlerMapping : Mapped to tn.anasazx.tunirate.category.controller.CategoryController#getAll()
2026-07-31T16:46:59.135+01:00 DEBUG 52043 --- [TuniRate] [http-nio-8080-exec-3] o.s.web.servlet.DispatcherServlet        : GET "/invitations/me", parameters={}
2026-07-31T16:46:59.136+01:00 DEBUG 52043 --- [TuniRate] [http-nio-8080-exec-3] s.w.s.m.m.a.RequestMappingHandlerMapping : Mapped to tn.anasazx.tunirate.invitation.controller.CompanyInvitationController#getMyInvitations()
2026-07-31T16:46:59.140+01:00 DEBUG 52043 --- [TuniRate] [http-nio-8080-exec-10] o.s.w.s.m.m.a.HttpEntityMethodProcessor  : Using 'application/json', given [application/json, text/plain, */*] and supported [application/json, application/*+json]
2026-07-31T16:46:59.140+01:00 DEBUG 52043 --- [TuniRate] [http-nio-8080-exec-7] o.s.w.s.m.m.a.HttpEntityMethodProcessor  : Using 'application/json', given [application/json, text/plain, */*] and supported [application/json, application/*+json]
2026-07-31T16:46:59.140+01:00 DEBUG 52043 --- [TuniRate] [http-nio-8080-exec-7] o.s.w.s.m.m.a.HttpEntityMethodProcessor  : Writing [[CategoryResponse[id=2, name=Beauty]]]
2026-07-31T16:46:59.140+01:00 DEBUG 52043 --- [TuniRate] [http-nio-8080-exec-10] o.s.w.s.m.m.a.HttpEntityMethodProcessor  : Writing [ProductDetailsResponse[id=39, name=Pochette beauté ciel, description=La trousse qui sublime votre ro (truncated)...]
2026-07-31T16:46:59.141+01:00 DEBUG 52043 --- [TuniRate] [http-nio-8080-exec-6] o.s.w.s.m.m.a.HttpEntityMethodProcessor  : Using 'application/json', given [application/json, text/plain, */*] and supported [application/json, application/*+json]
2026-07-31T16:46:59.141+01:00 DEBUG 52043 --- [TuniRate] [http-nio-8080-exec-7] o.s.web.servlet.DispatcherServlet        : Completed 200 OK
2026-07-31T16:46:59.141+01:00 DEBUG 52043 --- [TuniRate] [http-nio-8080-exec-6] o.s.w.s.m.m.a.HttpEntityMethodProcessor  : Writing [ProductDetailsResponse[id=39, name=Pochette beauté ciel, description=La trousse qui sublime votre ro (truncated)...]
2026-07-31T16:46:59.141+01:00 DEBUG 52043 --- [TuniRate] [http-nio-8080-exec-10] o.s.web.servlet.DispatcherServlet        : Completed 200 OK
2026-07-31T16:46:59.141+01:00 DEBUG 52043 --- [TuniRate] [http-nio-8080-exec-6] o.s.web.servlet.DispatcherServlet        : Completed 200 OK
2026-07-31T16:46:59.148+01:00 DEBUG 52043 --- [TuniRate] [http-nio-8080-exec-4] o.s.web.servlet.DispatcherServlet        : GET "/subcategories", parameters={}
2026-07-31T16:46:59.148+01:00 DEBUG 52043 --- [TuniRate] [http-nio-8080-exec-4] s.w.s.m.m.a.RequestMappingHandlerMapping : Mapped to tn.anasazx.tunirate.subcategory.controller.SubcategoryController#getAll()
2026-07-31T16:46:59.150+01:00 DEBUG 52043 --- [TuniRate] [http-nio-8080-exec-3] o.s.w.s.m.m.a.HttpEntityMethodProcessor  : Using 'application/json', given [application/json, text/plain, */*] and supported [application/json, application/*+json]
2026-07-31T16:46:59.150+01:00 DEBUG 52043 --- [TuniRate] [http-nio-8080-exec-3] o.s.w.s.m.m.a.HttpEntityMethodProcessor  : Writing [[]]
2026-07-31T16:46:59.150+01:00 DEBUG 52043 --- [TuniRate] [http-nio-8080-exec-5] o.s.web.servlet.DispatcherServlet        : GET "/invitations/me", parameters={}
2026-07-31T16:46:59.150+01:00 DEBUG 52043 --- [TuniRate] [http-nio-8080-exec-5] s.w.s.m.m.a.RequestMappingHandlerMapping : Mapped to tn.anasazx.tunirate.invitation.controller.CompanyInvitationController#getMyInvitations()
2026-07-31T16:46:59.151+01:00 DEBUG 52043 --- [TuniRate] [http-nio-8080-exec-3] o.s.web.servlet.DispatcherServlet        : Completed 200 OK
2026-07-31T16:46:59.153+01:00 DEBUG 52043 --- [TuniRate] [http-nio-8080-exec-2] o.s.web.servlet.DispatcherServlet        : GET "/reviews/product/39?page=0&size=10", parameters={masked}
2026-07-31T16:46:59.153+01:00 DEBUG 52043 --- [TuniRate] [http-nio-8080-exec-2] s.w.s.m.m.a.RequestMappingHandlerMapping : Mapped to tn.anasazx.tunirate.review.controller.ReviewController#getReviewsByProductId(Long, Pageable)
2026-07-31T16:46:59.154+01:00 DEBUG 52043 --- [TuniRate] [http-nio-8080-exec-5] o.s.w.s.m.m.a.HttpEntityMethodProcessor  : Using 'application/json', given [application/json, text/plain, */*] and supported [application/json, application/*+json]
2026-07-31T16:46:59.154+01:00 DEBUG 52043 --- [TuniRate] [http-nio-8080-exec-7] o.s.web.servlet.DispatcherServlet        : GET "/reviews/product/39?page=0&size=10", parameters={masked}
2026-07-31T16:46:59.154+01:00 DEBUG 52043 --- [TuniRate] [http-nio-8080-exec-7] s.w.s.m.m.a.RequestMappingHandlerMapping : Mapped to tn.anasazx.tunirate.review.controller.ReviewController#getReviewsByProductId(Long, Pageable)
2026-07-31T16:46:59.154+01:00 DEBUG 52043 --- [TuniRate] [http-nio-8080-exec-5] o.s.w.s.m.m.a.HttpEntityMethodProcessor  : Writing [[]]
2026-07-31T16:46:59.156+01:00 DEBUG 52043 --- [TuniRate] [http-nio-8080-exec-5] o.s.web.servlet.DispatcherServlet        : Completed 200 OK
2026-07-31T16:46:59.162+01:00 DEBUG 52043 --- [TuniRate] [http-nio-8080-exec-4] o.s.w.s.m.m.a.HttpEntityMethodProcessor  : Using 'application/json', given [application/json, text/plain, */*] and supported [application/json, application/*+json]
2026-07-31T16:46:59.163+01:00 DEBUG 52043 --- [TuniRate] [http-nio-8080-exec-1] o.s.w.s.m.m.a.HttpEntityMethodProcessor  : Using 'application/json', given [application/json, text/plain, */*] and supported [application/json, application/*+json]
2026-07-31T16:46:59.163+01:00 DEBUG 52043 --- [TuniRate] [http-nio-8080-exec-1] o.s.w.s.m.m.a.HttpEntityMethodProcessor  : Writing [[SubcategoryResponse[id=3, name=Skincare, categoryId=2, categoryName=Beauty], SubcategoryResponse[id (truncated)...]
2026-07-31T16:46:59.163+01:00 DEBUG 52043 --- [TuniRate] [http-nio-8080-exec-4] o.s.w.s.m.m.a.HttpEntityMethodProcessor  : Writing [[SubcategoryResponse[id=3, name=Skincare, categoryId=2, categoryName=Beauty], SubcategoryResponse[id (truncated)...]
2026-07-31T16:46:59.164+01:00 DEBUG 52043 --- [TuniRate] [http-nio-8080-exec-1] o.s.web.servlet.DispatcherServlet        : Completed 200 OK
2026-07-31T16:46:59.164+01:00 DEBUG 52043 --- [TuniRate] [http-nio-8080-exec-4] o.s.web.servlet.DispatcherServlet        : Completed 200 OK
2026-07-31T16:46:59.168+01:00 DEBUG 52043 --- [TuniRate] [http-nio-8080-exec-10] o.s.web.servlet.DispatcherServlet        : GET "/subcategories", parameters={}
2026-07-31T16:46:59.168+01:00 DEBUG 52043 --- [TuniRate] [http-nio-8080-exec-6] o.s.web.servlet.DispatcherServlet        : GET "/subcategories", parameters={}
2026-07-31T16:46:59.168+01:00 DEBUG 52043 --- [TuniRate] [http-nio-8080-exec-10] s.w.s.m.m.a.RequestMappingHandlerMapping : Mapped to tn.anasazx.tunirate.subcategory.controller.SubcategoryController#getAll()
2026-07-31T16:46:59.169+01:00 DEBUG 52043 --- [TuniRate] [http-nio-8080-exec-6] s.w.s.m.m.a.RequestMappingHandlerMapping : Mapped to tn.anasazx.tunirate.subcategory.controller.SubcategoryController#getAll()
2026-07-31T16:46:59.177+01:00 DEBUG 52043 --- [TuniRate] [http-nio-8080-exec-10] o.s.w.s.m.m.a.HttpEntityMethodProcessor  : Using 'application/json', given [application/json, text/plain, */*] and supported [application/json, application/*+json]
2026-07-31T16:46:59.177+01:00 DEBUG 52043 --- [TuniRate] [http-nio-8080-exec-6] o.s.w.s.m.m.a.HttpEntityMethodProcessor  : Using 'application/json', given [application/json, text/plain, */*] and supported [application/json, application/*+json]
2026-07-31T16:46:59.177+01:00 DEBUG 52043 --- [TuniRate] [http-nio-8080-exec-6] o.s.w.s.m.m.a.HttpEntityMethodProcessor  : Writing [[SubcategoryResponse[id=3, name=Skincare, categoryId=2, categoryName=Beauty], SubcategoryResponse[id (truncated)...]
2026-07-31T16:46:59.177+01:00 DEBUG 52043 --- [TuniRate] [http-nio-8080-exec-10] o.s.w.s.m.m.a.HttpEntityMethodProcessor  : Writing [[SubcategoryResponse[id=3, name=Skincare, categoryId=2, categoryName=Beauty], SubcategoryResponse[id (truncated)...]
2026-07-31T16:46:59.178+01:00 DEBUG 52043 --- [TuniRate] [http-nio-8080-exec-6] o.s.web.servlet.DispatcherServlet        : Completed 200 OK
2026-07-31T16:46:59.182+01:00 DEBUG 52043 --- [TuniRate] [http-nio-8080-exec-10] o.s.web.servlet.DispatcherServlet        : Completed 200 OK
2026-07-31T16:46:59.186+01:00 DEBUG 52043 --- [TuniRate] [http-nio-8080-exec-2] o.s.w.s.m.m.a.HttpEntityMethodProcessor  : Using 'application/json', given [application/json, text/plain, */*] and supported [application/json, application/*+json]
2026-07-31T16:46:59.186+01:00 DEBUG 52043 --- [TuniRate] [http-nio-8080-exec-2] o.s.w.s.m.m.a.HttpEntityMethodProcessor  : Writing [ProductReviewsResponse[myReview=null, reviews=Page 1 of 1 containing tn.anasazx.tunirate.review.dto. (truncated)...]
2026-07-31T16:46:59.188+01:00 DEBUG 52043 --- [TuniRate] [http-nio-8080-exec-2] o.s.web.servlet.DispatcherServlet        : Completed 200 OK
2026-07-31T16:46:59.212+01:00 DEBUG 52043 --- [TuniRate] [http-nio-8080-exec-7] o.s.w.s.m.m.a.HttpEntityMethodProcessor  : Using 'application/json', given [application/json, text/plain, */*] and supported [application/json, application/*+json]
2026-07-31T16:46:59.212+01:00 DEBUG 52043 --- [TuniRate] [http-nio-8080-exec-7] o.s.w.s.m.m.a.HttpEntityMethodProcessor  : Writing [ProductReviewsResponse[myReview=ReviewResponse[id=5, rating=3, content=sqdf, user=MinimizedUserRespo (truncated)...]
2026-07-31T16:46:59.214+01:00 DEBUG 52043 --- [TuniRate] [http-nio-8080-exec-7] o.s.web.servlet.DispatcherServlet        : Completed 200 OK
2026-07-31T16:47:46.007+01:00 DEBUG 52043 --- [TuniRate] [http-nio-8080-exec-1] o.s.web.servlet.DispatcherServlet        : GET "/auth/me", parameters={}
2026-07-31T16:47:46.007+01:00 DEBUG 52043 --- [TuniRate] [http-nio-8080-exec-6] o.s.web.servlet.DispatcherServlet        : GET "/categories", parameters={}
2026-07-31T16:47:46.008+01:00 DEBUG 52043 --- [TuniRate] [http-nio-8080-exec-4] o.s.web.servlet.DispatcherServlet        : GET "/product/39/details", parameters={}
2026-07-31T16:47:46.009+01:00 DEBUG 52043 --- [TuniRate] [http-nio-8080-exec-1] s.w.s.m.m.a.RequestMappingHandlerMapping : Mapped to tn.anasazx.tunirate.authentication.controller.AuthController#authenticateUser()
2026-07-31T16:47:46.009+01:00 DEBUG 52043 --- [TuniRate] [http-nio-8080-exec-4] s.w.s.m.m.a.RequestMappingHandlerMapping : Mapped to tn.anasazx.tunirate.product.controller.ProductController#getProductDetails(Long)
2026-07-31T16:47:46.009+01:00 DEBUG 52043 --- [TuniRate] [http-nio-8080-exec-6] s.w.s.m.m.a.RequestMappingHandlerMapping : Mapped to tn.anasazx.tunirate.category.controller.CategoryController#getAll()
2026-07-31T16:47:46.046+01:00 DEBUG 52043 --- [TuniRate] [http-nio-8080-exec-2] o.s.web.servlet.DispatcherServlet        : GET "/auth/me", parameters={}
2026-07-31T16:47:46.046+01:00 DEBUG 52043 --- [TuniRate] [http-nio-8080-exec-2] s.w.s.m.m.a.RequestMappingHandlerMapping : Mapped to tn.anasazx.tunirate.authentication.controller.AuthController#authenticateUser()
2026-07-31T16:47:46.046+01:00 DEBUG 52043 --- [TuniRate] [http-nio-8080-exec-1] o.s.w.s.m.m.a.HttpEntityMethodProcessor  : Using 'application/json', given [application/json, text/plain, */*] and supported [application/json, application/*+json]
2026-07-31T16:47:46.047+01:00 DEBUG 52043 --- [TuniRate] [http-nio-8080-exec-1] o.s.w.s.m.m.a.HttpEntityMethodProcessor  : Writing [MinimizedUserResponse[id=1, name=Anasazx, email=anas.azizi2000@gmail.com, emailVerified=false, avata (truncated)...]
2026-07-31T16:47:46.047+01:00 DEBUG 52043 --- [TuniRate] [http-nio-8080-exec-6] o.s.w.s.m.m.a.HttpEntityMethodProcessor  : Using 'application/json', given [application/json, text/plain, */*] and supported [application/json, application/*+json]
2026-07-31T16:47:46.047+01:00 DEBUG 52043 --- [TuniRate] [http-nio-8080-exec-6] o.s.w.s.m.m.a.HttpEntityMethodProcessor  : Writing [[CategoryResponse[id=2, name=Beauty]]]
2026-07-31T16:47:46.049+01:00 DEBUG 52043 --- [TuniRate] [http-nio-8080-exec-6] o.s.web.servlet.DispatcherServlet        : Completed 200 OK
2026-07-31T16:47:46.068+01:00 DEBUG 52043 --- [TuniRate] [http-nio-8080-exec-1] o.s.web.servlet.DispatcherServlet        : Completed 200 OK
2026-07-31T16:47:46.079+01:00 DEBUG 52043 --- [TuniRate] [http-nio-8080-exec-2] o.s.w.s.m.m.a.HttpEntityMethodProcessor  : Using 'application/json', given [application/json, text/plain, */*] and supported [application/json, application/*+json]
2026-07-31T16:47:46.079+01:00 DEBUG 52043 --- [TuniRate] [http-nio-8080-exec-2] o.s.w.s.m.m.a.HttpEntityMethodProcessor  : Writing [MinimizedUserResponse[id=8, name=Anas Riadh Azizi, email=anasriad.azizi@gmail.com, emailVerified=tru (truncated)...]
2026-07-31T16:47:46.081+01:00 DEBUG 52043 --- [TuniRate] [http-nio-8080-exec-2] o.s.web.servlet.DispatcherServlet        : Completed 200 OK
2026-07-31T16:47:46.086+01:00 DEBUG 52043 --- [TuniRate] [http-nio-8080-exec-6] o.s.web.servlet.DispatcherServlet        : GET "/categories", parameters={}
2026-07-31T16:47:46.086+01:00 DEBUG 52043 --- [TuniRate] [http-nio-8080-exec-6] s.w.s.m.m.a.RequestMappingHandlerMapping : Mapped to tn.anasazx.tunirate.category.controller.CategoryController#getAll()
2026-07-31T16:47:46.089+01:00 DEBUG 52043 --- [TuniRate] [http-nio-8080-exec-3] o.s.web.servlet.DispatcherServlet        : GET "/product/39/details", parameters={}
2026-07-31T16:47:46.089+01:00 DEBUG 52043 --- [TuniRate] [http-nio-8080-exec-3] s.w.s.m.m.a.RequestMappingHandlerMapping : Mapped to tn.anasazx.tunirate.product.controller.ProductController#getProductDetails(Long)
2026-07-31T16:47:46.094+01:00 DEBUG 52043 --- [TuniRate] [http-nio-8080-exec-7] o.s.web.servlet.DispatcherServlet        : GET "/categories", parameters={}
2026-07-31T16:47:46.094+01:00 DEBUG 52043 --- [TuniRate] [http-nio-8080-exec-7] s.w.s.m.m.a.RequestMappingHandlerMapping : Mapped to tn.anasazx.tunirate.category.controller.CategoryController#getAll()
2026-07-31T16:47:46.096+01:00 DEBUG 52043 --- [TuniRate] [http-nio-8080-exec-6] o.s.w.s.m.m.a.HttpEntityMethodProcessor  : Using 'application/json', given [application/json, text/plain, */*] and supported [application/json, application/*+json]
2026-07-31T16:47:46.096+01:00 DEBUG 52043 --- [TuniRate] [http-nio-8080-exec-6] o.s.w.s.m.m.a.HttpEntityMethodProcessor  : Writing [[CategoryResponse[id=2, name=Beauty]]]
2026-07-31T16:47:46.099+01:00 DEBUG 52043 --- [TuniRate] [http-nio-8080-exec-6] o.s.web.servlet.DispatcherServlet        : Completed 200 OK
2026-07-31T16:47:46.101+01:00 DEBUG 52043 --- [TuniRate] [http-nio-8080-exec-4] o.s.w.s.m.m.a.HttpEntityMethodProcessor  : Using 'application/json', given [application/json, text/plain, */*] and supported [application/json, application/*+json]
2026-07-31T16:47:46.103+01:00 DEBUG 52043 --- [TuniRate] [http-nio-8080-exec-4] o.s.w.s.m.m.a.HttpEntityMethodProcessor  : Writing [ProductDetailsResponse[id=39, name=Pochette beauté ciel, description=La trousse qui sublime votre ro (truncated)...]
2026-07-31T16:47:46.103+01:00 DEBUG 52043 --- [TuniRate] [http-nio-8080-exec-10] o.s.web.servlet.DispatcherServlet        : GET "/invitations/me", parameters={}
2026-07-31T16:47:46.104+01:00 DEBUG 52043 --- [TuniRate] [http-nio-8080-exec-10] s.w.s.m.m.a.RequestMappingHandlerMapping : Mapped to tn.anasazx.tunirate.invitation.controller.CompanyInvitationController#getMyInvitations()
2026-07-31T16:47:46.103+01:00 DEBUG 52043 --- [TuniRate] [http-nio-8080-exec-7] o.s.w.s.m.m.a.HttpEntityMethodProcessor  : Using 'application/json', given [application/json, text/plain, */*] and supported [application/json, application/*+json]
2026-07-31T16:47:46.105+01:00 DEBUG 52043 --- [TuniRate] [http-nio-8080-exec-4] o.s.web.servlet.DispatcherServlet        : Completed 200 OK
2026-07-31T16:47:46.106+01:00 DEBUG 52043 --- [TuniRate] [http-nio-8080-exec-7] o.s.w.s.m.m.a.HttpEntityMethodProcessor  : Writing [[CategoryResponse[id=2, name=Beauty]]]
2026-07-31T16:47:46.106+01:00 DEBUG 52043 --- [TuniRate] [http-nio-8080-exec-7] o.s.web.servlet.DispatcherServlet        : Completed 200 OK
2026-07-31T16:47:46.114+01:00 DEBUG 52043 --- [TuniRate] [http-nio-8080-exec-2] o.s.web.servlet.DispatcherServlet        : GET "/subcategories", parameters={}
2026-07-31T16:47:46.115+01:00 DEBUG 52043 --- [TuniRate] [http-nio-8080-exec-2] s.w.s.m.m.a.RequestMappingHandlerMapping : Mapped to tn.anasazx.tunirate.subcategory.controller.SubcategoryController#getAll()
2026-07-31T16:47:46.117+01:00 DEBUG 52043 --- [TuniRate] [http-nio-8080-exec-5] o.s.web.servlet.DispatcherServlet        : GET "/invitations/me", parameters={}
2026-07-31T16:47:46.117+01:00 DEBUG 52043 --- [TuniRate] [http-nio-8080-exec-5] s.w.s.m.m.a.RequestMappingHandlerMapping : Mapped to tn.anasazx.tunirate.invitation.controller.CompanyInvitationController#getMyInvitations()
2026-07-31T16:47:46.119+01:00 DEBUG 52043 --- [TuniRate] [http-nio-8080-exec-6] o.s.web.servlet.DispatcherServlet        : GET "/categories", parameters={}
2026-07-31T16:47:46.119+01:00 DEBUG 52043 --- [TuniRate] [http-nio-8080-exec-6] s.w.s.m.m.a.RequestMappingHandlerMapping : Mapped to tn.anasazx.tunirate.category.controller.CategoryController#getAll()
2026-07-31T16:47:46.122+01:00 DEBUG 52043 --- [TuniRate] [http-nio-8080-exec-7] o.s.web.servlet.DispatcherServlet        : GET "/reviews/product/39?page=0&size=10", parameters={masked}
2026-07-31T16:47:46.123+01:00 DEBUG 52043 --- [TuniRate] [http-nio-8080-exec-7] s.w.s.m.m.a.RequestMappingHandlerMapping : Mapped to tn.anasazx.tunirate.review.controller.ReviewController#getReviewsByProductId(Long, Pageable)
2026-07-31T16:47:46.123+01:00 DEBUG 52043 --- [TuniRate] [http-nio-8080-exec-1] o.s.web.servlet.DispatcherServlet        : GET "/subcategories", parameters={}
2026-07-31T16:47:46.123+01:00 DEBUG 52043 --- [TuniRate] [http-nio-8080-exec-1] s.w.s.m.m.a.RequestMappingHandlerMapping : Mapped to tn.anasazx.tunirate.subcategory.controller.SubcategoryController#getAll()
2026-07-31T16:47:46.122+01:00 DEBUG 52043 --- [TuniRate] [http-nio-8080-exec-6] o.s.w.s.m.m.a.HttpEntityMethodProcessor  : Using 'application/json', given [application/json, text/plain, */*] and supported [application/json, application/*+json]
2026-07-31T16:47:46.123+01:00 DEBUG 52043 --- [TuniRate] [http-nio-8080-exec-5] o.s.w.s.m.m.a.HttpEntityMethodProcessor  : Using 'application/json', given [application/json, text/plain, */*] and supported [application/json, application/*+json]
2026-07-31T16:47:46.124+01:00 DEBUG 52043 --- [TuniRate] [http-nio-8080-exec-3] o.s.w.s.m.m.a.HttpEntityMethodProcessor  : Using 'application/json', given [application/json, text/plain, */*] and supported [application/json, application/*+json]
2026-07-31T16:47:46.124+01:00 DEBUG 52043 --- [TuniRate] [http-nio-8080-exec-5] o.s.w.s.m.m.a.HttpEntityMethodProcessor  : Writing [[]]
2026-07-31T16:47:46.124+01:00 DEBUG 52043 --- [TuniRate] [http-nio-8080-exec-6] o.s.w.s.m.m.a.HttpEntityMethodProcessor  : Writing [[CategoryResponse[id=2, name=Beauty]]]
2026-07-31T16:47:46.124+01:00 DEBUG 52043 --- [TuniRate] [http-nio-8080-exec-3] o.s.w.s.m.m.a.HttpEntityMethodProcessor  : Writing [ProductDetailsResponse[id=39, name=Pochette beauté ciel, description=La trousse qui sublime votre ro (truncated)...]
2026-07-31T16:47:46.125+01:00 DEBUG 52043 --- [TuniRate] [http-nio-8080-exec-5] o.s.web.servlet.DispatcherServlet        : Completed 200 OK
2026-07-31T16:47:46.125+01:00 DEBUG 52043 --- [TuniRate] [http-nio-8080-exec-6] o.s.web.servlet.DispatcherServlet        : Completed 200 OK
2026-07-31T16:47:46.125+01:00 DEBUG 52043 --- [TuniRate] [http-nio-8080-exec-3] o.s.web.servlet.DispatcherServlet        : Completed 200 OK
2026-07-31T16:47:46.126+01:00 DEBUG 52043 --- [TuniRate] [http-nio-8080-exec-10] o.s.w.s.m.m.a.HttpEntityMethodProcessor  : Using 'application/json', given [application/json, text/plain, */*] and supported [application/json, application/*+json]
2026-07-31T16:47:46.126+01:00 DEBUG 52043 --- [TuniRate] [http-nio-8080-exec-10] o.s.w.s.m.m.a.HttpEntityMethodProcessor  : Writing [[]]
2026-07-31T16:47:46.127+01:00 DEBUG 52043 --- [TuniRate] [http-nio-8080-exec-10] o.s.web.servlet.DispatcherServlet        : Completed 200 OK
2026-07-31T16:47:46.129+01:00 DEBUG 52043 --- [TuniRate] [http-nio-8080-exec-2] o.s.w.s.m.m.a.HttpEntityMethodProcessor  : Using 'application/json', given [application/json, text/plain, */*] and supported [application/json, application/*+json]
2026-07-31T16:47:46.129+01:00 DEBUG 52043 --- [TuniRate] [http-nio-8080-exec-2] o.s.w.s.m.m.a.HttpEntityMethodProcessor  : Writing [[SubcategoryResponse[id=3, name=Skincare, categoryId=2, categoryName=Beauty], SubcategoryResponse[id (truncated)...]
2026-07-31T16:47:46.130+01:00 DEBUG 52043 --- [TuniRate] [http-nio-8080-exec-2] o.s.web.servlet.DispatcherServlet        : Completed 200 OK
2026-07-31T16:47:46.134+01:00 DEBUG 52043 --- [TuniRate] [http-nio-8080-exec-4] o.s.web.servlet.DispatcherServlet        : GET "/subcategories", parameters={}
2026-07-31T16:47:46.135+01:00 DEBUG 52043 --- [TuniRate] [http-nio-8080-exec-4] s.w.s.m.m.a.RequestMappingHandlerMapping : Mapped to tn.anasazx.tunirate.subcategory.controller.SubcategoryController#getAll()
2026-07-31T16:47:46.136+01:00 DEBUG 52043 --- [TuniRate] [http-nio-8080-exec-1] o.s.w.s.m.m.a.HttpEntityMethodProcessor  : Using 'application/json', given [application/json, text/plain, */*] and supported [application/json, application/*+json]
2026-07-31T16:47:46.136+01:00 DEBUG 52043 --- [TuniRate] [http-nio-8080-exec-1] o.s.w.s.m.m.a.HttpEntityMethodProcessor  : Writing [[SubcategoryResponse[id=3, name=Skincare, categoryId=2, categoryName=Beauty], SubcategoryResponse[id (truncated)...]
2026-07-31T16:47:46.137+01:00 DEBUG 52043 --- [TuniRate] [http-nio-8080-exec-1] o.s.web.servlet.DispatcherServlet        : Completed 200 OK
2026-07-31T16:47:46.141+01:00 DEBUG 52043 --- [TuniRate] [http-nio-8080-exec-4] o.s.w.s.m.m.a.HttpEntityMethodProcessor  : Using 'application/json', given [application/json, text/plain, */*] and supported [application/json, application/*+json]
2026-07-31T16:47:46.141+01:00 DEBUG 52043 --- [TuniRate] [http-nio-8080-exec-4] o.s.w.s.m.m.a.HttpEntityMethodProcessor  : Writing [[SubcategoryResponse[id=3, name=Skincare, categoryId=2, categoryName=Beauty], SubcategoryResponse[id (truncated)...]
2026-07-31T16:47:46.142+01:00 DEBUG 52043 --- [TuniRate] [http-nio-8080-exec-4] o.s.web.servlet.DispatcherServlet        : Completed 200 OK
2026-07-31T16:47:46.142+01:00 DEBUG 52043 --- [TuniRate] [http-nio-8080-exec-9] o.s.web.servlet.DispatcherServlet        : GET "/reviews/product/39?page=0&size=10", parameters={masked}
2026-07-31T16:47:46.142+01:00 DEBUG 52043 --- [TuniRate] [http-nio-8080-exec-9] s.w.s.m.m.a.RequestMappingHandlerMapping : Mapped to tn.anasazx.tunirate.review.controller.ReviewController#getReviewsByProductId(Long, Pageable)
2026-07-31T16:47:46.143+01:00 DEBUG 52043 --- [TuniRate] [http-nio-8080-exec-5] o.s.web.servlet.DispatcherServlet        : GET "/subcategories", parameters={}
2026-07-31T16:47:46.143+01:00 DEBUG 52043 --- [TuniRate] [http-nio-8080-exec-5] s.w.s.m.m.a.RequestMappingHandlerMapping : Mapped to tn.anasazx.tunirate.subcategory.controller.SubcategoryController#getAll()
2026-07-31T16:47:46.146+01:00 DEBUG 52043 --- [TuniRate] [http-nio-8080-exec-7] o.s.w.s.m.m.a.HttpEntityMethodProcessor  : Using 'application/json', given [application/json, text/plain, */*] and supported [application/json, application/*+json]
2026-07-31T16:47:46.147+01:00 DEBUG 52043 --- [TuniRate] [http-nio-8080-exec-7] o.s.w.s.m.m.a.HttpEntityMethodProcessor  : Writing [ProductReviewsResponse[myReview=null, reviews=Page 1 of 1 containing tn.anasazx.tunirate.review.dto. (truncated)...]
2026-07-31T16:47:46.149+01:00 DEBUG 52043 --- [TuniRate] [http-nio-8080-exec-7] o.s.web.servlet.DispatcherServlet        : Completed 200 OK
2026-07-31T16:47:46.151+01:00 DEBUG 52043 --- [TuniRate] [http-nio-8080-exec-5] o.s.w.s.m.m.a.HttpEntityMethodProcessor  : Using 'application/json', given [application/json, text/plain, */*] and supported [application/json, application/*+json]
2026-07-31T16:47:46.151+01:00 DEBUG 52043 --- [TuniRate] [http-nio-8080-exec-5] o.s.w.s.m.m.a.HttpEntityMethodProcessor  : Writing [[SubcategoryResponse[id=3, name=Skincare, categoryId=2, categoryName=Beauty], SubcategoryResponse[id (truncated)...]
2026-07-31T16:47:46.151+01:00 DEBUG 52043 --- [TuniRate] [http-nio-8080-exec-5] o.s.web.servlet.DispatcherServlet        : Completed 200 OK
2026-07-31T16:47:46.178+01:00 DEBUG 52043 --- [TuniRate] [http-nio-8080-exec-9] o.s.w.s.m.m.a.HttpEntityMethodProcessor  : Using 'application/json', given [application/json, text/plain, */*] and supported [application/json, application/*+json]
2026-07-31T16:47:46.178+01:00 DEBUG 52043 --- [TuniRate] [http-nio-8080-exec-9] o.s.w.s.m.m.a.HttpEntityMethodProcessor  : Writing [ProductReviewsResponse[myReview=ReviewResponse[id=5, rating=3, content=sqdf, user=MinimizedUserRespo (truncated)...]
2026-07-31T16:47:46.179+01:00 DEBUG 52043 --- [TuniRate] [http-nio-8080-exec-9] o.s.web.servlet.DispatcherServlet        : Completed 200 OK
2026-07-31T16:48:02.428+01:00 DEBUG 52043 --- [TuniRate] [http-nio-8080-exec-6] o.s.web.servlet.DispatcherServlet        : GET "/auth/me", parameters={}
2026-07-31T16:48:02.428+01:00 DEBUG 52043 --- [TuniRate] [http-nio-8080-exec-8] o.s.web.servlet.DispatcherServlet        : GET "/categories", parameters={}
2026-07-31T16:48:02.428+01:00 DEBUG 52043 --- [TuniRate] [http-nio-8080-exec-4] o.s.web.servlet.DispatcherServlet        : GET "/product/39/details", parameters={}
2026-07-31T16:48:02.430+01:00 DEBUG 52043 --- [TuniRate] [http-nio-8080-exec-8] s.w.s.m.m.a.RequestMappingHandlerMapping : Mapped to tn.anasazx.tunirate.category.controller.CategoryController#getAll()
2026-07-31T16:48:02.430+01:00 DEBUG 52043 --- [TuniRate] [http-nio-8080-exec-6] s.w.s.m.m.a.RequestMappingHandlerMapping : Mapped to tn.anasazx.tunirate.authentication.controller.AuthController#authenticateUser()
2026-07-31T16:48:02.430+01:00 DEBUG 52043 --- [TuniRate] [http-nio-8080-exec-7] o.s.web.servlet.DispatcherServlet        : GET "/reviews/product/39?page=0&size=10", parameters={masked}
2026-07-31T16:48:02.433+01:00 DEBUG 52043 --- [TuniRate] [http-nio-8080-exec-4] s.w.s.m.m.a.RequestMappingHandlerMapping : Mapped to tn.anasazx.tunirate.product.controller.ProductController#getProductDetails(Long)
2026-07-31T16:48:02.433+01:00 DEBUG 52043 --- [TuniRate] [http-nio-8080-exec-7] s.w.s.m.m.a.RequestMappingHandlerMapping : Mapped to tn.anasazx.tunirate.review.controller.ReviewController#getReviewsByProductId(Long, Pageable)
2026-07-31T16:48:02.455+01:00 DEBUG 52043 --- [TuniRate] [http-nio-8080-exec-6] o.s.w.s.m.m.a.HttpEntityMethodProcessor  : Using 'application/json', given [application/json, text/plain, */*] and supported [application/json, application/*+json]
2026-07-31T16:48:02.455+01:00 DEBUG 52043 --- [TuniRate] [http-nio-8080-exec-8] o.s.w.s.m.m.a.HttpEntityMethodProcessor  : Using 'application/json', given [application/json, text/plain, */*] and supported [application/json, application/*+json]
2026-07-31T16:48:02.455+01:00 DEBUG 52043 --- [TuniRate] [http-nio-8080-exec-6] o.s.w.s.m.m.a.HttpEntityMethodProcessor  : Writing [MinimizedUserResponse[id=8, name=Anas Riadh Azizi, email=anasriad.azizi@gmail.com, emailVerified=tru (truncated)...]
2026-07-31T16:48:02.455+01:00 DEBUG 52043 --- [TuniRate] [http-nio-8080-exec-8] o.s.w.s.m.m.a.HttpEntityMethodProcessor  : Writing [[CategoryResponse[id=2, name=Beauty]]]
2026-07-31T16:48:02.456+01:00 DEBUG 52043 --- [TuniRate] [http-nio-8080-exec-6] o.s.web.servlet.DispatcherServlet        : Completed 200 OK
2026-07-31T16:48:02.457+01:00 DEBUG 52043 --- [TuniRate] [http-nio-8080-exec-8] o.s.web.servlet.DispatcherServlet        : Completed 200 OK
2026-07-31T16:48:02.463+01:00 DEBUG 52043 --- [TuniRate] [http-nio-8080-exec-8] o.s.web.servlet.DispatcherServlet        : GET "/categories", parameters={}
2026-07-31T16:48:02.464+01:00 DEBUG 52043 --- [TuniRate] [http-nio-8080-exec-8] s.w.s.m.m.a.RequestMappingHandlerMapping : Mapped to tn.anasazx.tunirate.category.controller.CategoryController#getAll()
2026-07-31T16:48:02.467+01:00 DEBUG 52043 --- [TuniRate] [http-nio-8080-exec-8] o.s.w.s.m.m.a.HttpEntityMethodProcessor  : Using 'application/json', given [application/json, text/plain, */*] and supported [application/json, application/*+json]
2026-07-31T16:48:02.467+01:00 DEBUG 52043 --- [TuniRate] [http-nio-8080-exec-8] o.s.w.s.m.m.a.HttpEntityMethodProcessor  : Writing [[CategoryResponse[id=2, name=Beauty]]]
2026-07-31T16:48:02.467+01:00 DEBUG 52043 --- [TuniRate] [http-nio-8080-exec-4] o.s.w.s.m.m.a.HttpEntityMethodProcessor  : Using 'application/json', given [application/json, text/plain, */*] and supported [application/json, application/*+json]
2026-07-31T16:48:02.468+01:00 DEBUG 52043 --- [TuniRate] [http-nio-8080-exec-8] o.s.web.servlet.DispatcherServlet        : Completed 200 OK
2026-07-31T16:48:02.471+01:00 DEBUG 52043 --- [TuniRate] [http-nio-8080-exec-4] o.s.w.s.m.m.a.HttpEntityMethodProcessor  : Writing [ProductDetailsResponse[id=39, name=Pochette beauté ciel, description=La trousse qui sublime votre ro (truncated)...]
2026-07-31T16:48:02.472+01:00 DEBUG 52043 --- [TuniRate] [http-nio-8080-exec-4] o.s.web.servlet.DispatcherServlet        : Completed 200 OK
2026-07-31T16:48:02.472+01:00 DEBUG 52043 --- [TuniRate] [http-nio-8080-exec-3] o.s.web.servlet.DispatcherServlet        : GET "/subcategories", parameters={}
2026-07-31T16:48:02.473+01:00 DEBUG 52043 --- [TuniRate] [http-nio-8080-exec-3] s.w.s.m.m.a.RequestMappingHandlerMapping : Mapped to tn.anasazx.tunirate.subcategory.controller.SubcategoryController#getAll()
2026-07-31T16:48:02.483+01:00 DEBUG 52043 --- [TuniRate] [http-nio-8080-exec-2] o.s.web.servlet.DispatcherServlet        : GET "/invitations/me", parameters={}
2026-07-31T16:48:02.486+01:00 DEBUG 52043 --- [TuniRate] [http-nio-8080-exec-2] s.w.s.m.m.a.RequestMappingHandlerMapping : Mapped to tn.anasazx.tunirate.invitation.controller.CompanyInvitationController#getMyInvitations()
2026-07-31T16:48:02.535+01:00 DEBUG 52043 --- [TuniRate] [http-nio-8080-exec-7] o.s.w.s.m.m.a.HttpEntityMethodProcessor  : Using 'application/json', given [application/json, text/plain, */*] and supported [application/json, application/*+json]
2026-07-31T16:48:02.536+01:00 DEBUG 52043 --- [TuniRate] [http-nio-8080-exec-7] o.s.w.s.m.m.a.HttpEntityMethodProcessor  : Writing [ProductReviewsResponse[myReview=ReviewResponse[id=5, rating=3, content=sqdf, user=MinimizedUserRespo (truncated)...]
2026-07-31T16:48:02.542+01:00 DEBUG 52043 --- [TuniRate] [http-nio-8080-exec-7] o.s.web.servlet.DispatcherServlet        : Completed 200 OK
2026-07-31T16:48:02.595+01:00 DEBUG 52043 --- [TuniRate] [http-nio-8080-exec-3] o.s.w.s.m.m.a.HttpEntityMethodProcessor  : Using 'application/json', given [application/json, text/plain, */*] and supported [application/json, application/*+json]
2026-07-31T16:48:02.595+01:00 DEBUG 52043 --- [TuniRate] [http-nio-8080-exec-3] o.s.w.s.m.m.a.HttpEntityMethodProcessor  : Writing [[SubcategoryResponse[id=3, name=Skincare, categoryId=2, categoryName=Beauty], SubcategoryResponse[id (truncated)...]
2026-07-31T16:48:02.596+01:00 DEBUG 52043 --- [TuniRate] [http-nio-8080-exec-3] o.s.web.servlet.DispatcherServlet        : Completed 200 OK
2026-07-31T16:48:02.613+01:00 DEBUG 52043 --- [TuniRate] [http-nio-8080-exec-2] o.s.w.s.m.m.a.HttpEntityMethodProcessor  : Using 'application/json', given [application/json, text/plain, */*] and supported [application/json, application/*+json]
2026-07-31T16:48:02.613+01:00 DEBUG 52043 --- [TuniRate] [http-nio-8080-exec-2] o.s.w.s.m.m.a.HttpEntityMethodProcessor  : Writing [[]]
2026-07-31T16:48:02.616+01:00 DEBUG 52043 --- [TuniRate] [http-nio-8080-exec-2] o.s.web.servlet.DispatcherServlet        : Completed 200 OK
2026-07-31T16:48:02.618+01:00 DEBUG 52043 --- [TuniRate] [http-nio-8080-exec-1] o.s.web.servlet.DispatcherServlet        : GET "/subcategories", parameters={}
2026-07-31T16:48:02.619+01:00 DEBUG 52043 --- [TuniRate] [http-nio-8080-exec-1] s.w.s.m.m.a.RequestMappingHandlerMapping : Mapped to tn.anasazx.tunirate.subcategory.controller.SubcategoryController#getAll()
2026-07-31T16:48:02.663+01:00 DEBUG 52043 --- [TuniRate] [http-nio-8080-exec-1] o.s.w.s.m.m.a.HttpEntityMethodProcessor  : Using 'application/json', given [application/json, text/plain, */*] and supported [application/json, application/*+json]
2026-07-31T16:48:02.663+01:00 DEBUG 52043 --- [TuniRate] [http-nio-8080-exec-1] o.s.w.s.m.m.a.HttpEntityMethodProcessor  : Writing [[SubcategoryResponse[id=3, name=Skincare, categoryId=2, categoryName=Beauty], SubcategoryResponse[id (truncated)...]
2026-07-31T16:48:02.664+01:00 DEBUG 52043 --- [TuniRate] [http-nio-8080-exec-1] o.s.web.servlet.DispatcherServlet        : Completed 200 OK
2026-07-31T16:48:02.862+01:00 DEBUG 52043 --- [TuniRate] [http-nio-8080-exec-6] o.s.web.servlet.DispatcherServlet        : GET "/auth/me", parameters={}
2026-07-31T16:48:02.862+01:00 DEBUG 52043 --- [TuniRate] [http-nio-8080-exec-6] s.w.s.m.m.a.RequestMappingHandlerMapping : Mapped to tn.anasazx.tunirate.authentication.controller.AuthController#authenticateUser()
2026-07-31T16:48:02.865+01:00 DEBUG 52043 --- [TuniRate] [http-nio-8080-exec-6] o.s.w.s.m.m.a.HttpEntityMethodProcessor  : Using 'application/json', given [application/json, text/plain, */*] and supported [application/json, application/*+json]
2026-07-31T16:48:02.865+01:00 DEBUG 52043 --- [TuniRate] [http-nio-8080-exec-6] o.s.w.s.m.m.a.HttpEntityMethodProcessor  : Writing [MinimizedUserResponse[id=8, name=Anas Riadh Azizi, email=anasriad.azizi@gmail.com, emailVerified=tru (truncated)...]
2026-07-31T16:48:02.865+01:00 DEBUG 52043 --- [TuniRate] [http-nio-8080-exec-6] o.s.web.servlet.DispatcherServlet        : Completed 200 OK
2026-07-31T16:48:02.866+01:00 DEBUG 52043 --- [TuniRate] [http-nio-8080-exec-5] o.s.web.servlet.DispatcherServlet        : GET "/product/39/details", parameters={}
2026-07-31T16:48:02.866+01:00 DEBUG 52043 --- [TuniRate] [http-nio-8080-exec-5] s.w.s.m.m.a.RequestMappingHandlerMapping : Mapped to tn.anasazx.tunirate.product.controller.ProductController#getProductDetails(Long)
2026-07-31T16:48:02.870+01:00 DEBUG 52043 --- [TuniRate] [http-nio-8080-exec-9] o.s.web.servlet.DispatcherServlet        : GET "/categories", parameters={}
2026-07-31T16:48:02.870+01:00 DEBUG 52043 --- [TuniRate] [http-nio-8080-exec-9] s.w.s.m.m.a.RequestMappingHandlerMapping : Mapped to tn.anasazx.tunirate.category.controller.CategoryController#getAll()
2026-07-31T16:48:02.881+01:00 DEBUG 52043 --- [TuniRate] [http-nio-8080-exec-9] o.s.w.s.m.m.a.HttpEntityMethodProcessor  : Using 'application/json', given [application/json, text/plain, */*] and supported [application/json, application/*+json]
2026-07-31T16:48:02.881+01:00 DEBUG 52043 --- [TuniRate] [http-nio-8080-exec-9] o.s.w.s.m.m.a.HttpEntityMethodProcessor  : Writing [[CategoryResponse[id=2, name=Beauty]]]
2026-07-31T16:48:02.882+01:00 DEBUG 52043 --- [TuniRate] [http-nio-8080-exec-9] o.s.web.servlet.DispatcherServlet        : Completed 200 OK
2026-07-31T16:48:02.892+01:00 DEBUG 52043 --- [TuniRate] [http-nio-8080-exec-5] o.s.w.s.m.m.a.HttpEntityMethodProcessor  : Using 'application/json', given [application/json, text/plain, */*] and supported [application/json, application/*+json]
2026-07-31T16:48:02.896+01:00 DEBUG 52043 --- [TuniRate] [http-nio-8080-exec-5] o.s.w.s.m.m.a.HttpEntityMethodProcessor  : Writing [ProductDetailsResponse[id=39, name=Pochette beauté ciel, description=La trousse qui sublime votre ro (truncated)...]
2026-07-31T16:48:02.900+01:00 DEBUG 52043 --- [TuniRate] [http-nio-8080-exec-5] o.s.web.servlet.DispatcherServlet        : Completed 200 OK
2026-07-31T16:48:02.908+01:00 DEBUG 52043 --- [TuniRate] [http-nio-8080-exec-9] o.s.web.servlet.DispatcherServlet        : GET "/categories", parameters={}
2026-07-31T16:48:02.908+01:00 DEBUG 52043 --- [TuniRate] [http-nio-8080-exec-9] s.w.s.m.m.a.RequestMappingHandlerMapping : Mapped to tn.anasazx.tunirate.category.controller.CategoryController#getAll()
2026-07-31T16:48:02.918+01:00 DEBUG 52043 --- [TuniRate] [http-nio-8080-exec-9] o.s.w.s.m.m.a.HttpEntityMethodProcessor  : Using 'application/json', given [application/json, text/plain, */*] and supported [application/json, application/*+json]
2026-07-31T16:48:02.923+01:00 DEBUG 52043 --- [TuniRate] [http-nio-8080-exec-9] o.s.w.s.m.m.a.HttpEntityMethodProcessor  : Writing [[CategoryResponse[id=2, name=Beauty]]]
2026-07-31T16:48:02.924+01:00 DEBUG 52043 --- [TuniRate] [http-nio-8080-exec-9] o.s.web.servlet.DispatcherServlet        : Completed 200 OK
2026-07-31T16:48:02.927+01:00 DEBUG 52043 --- [TuniRate] [http-nio-8080-exec-8] o.s.web.servlet.DispatcherServlet        : GET "/reviews/product/39?page=0&size=10", parameters={masked}
2026-07-31T16:48:02.927+01:00 DEBUG 52043 --- [TuniRate] [http-nio-8080-exec-8] s.w.s.m.m.a.RequestMappingHandlerMapping : Mapped to tn.anasazx.tunirate.review.controller.ReviewController#getReviewsByProductId(Long, Pageable)
2026-07-31T16:48:02.929+01:00 DEBUG 52043 --- [TuniRate] [http-nio-8080-exec-5] o.s.web.servlet.DispatcherServlet        : GET "/invitations/me", parameters={}
2026-07-31T16:48:02.931+01:00 DEBUG 52043 --- [TuniRate] [http-nio-8080-exec-5] s.w.s.m.m.a.RequestMappingHandlerMapping : Mapped to tn.anasazx.tunirate.invitation.controller.CompanyInvitationController#getMyInvitations()
2026-07-31T16:48:02.931+01:00 DEBUG 52043 --- [TuniRate] [http-nio-8080-exec-7] o.s.web.servlet.DispatcherServlet        : GET "/subcategories", parameters={}
2026-07-31T16:48:02.932+01:00 DEBUG 52043 --- [TuniRate] [http-nio-8080-exec-7] s.w.s.m.m.a.RequestMappingHandlerMapping : Mapped to tn.anasazx.tunirate.subcategory.controller.SubcategoryController#getAll()
2026-07-31T16:48:02.940+01:00 DEBUG 52043 --- [TuniRate] [http-nio-8080-exec-5] o.s.w.s.m.m.a.HttpEntityMethodProcessor  : Using 'application/json', given [application/json, text/plain, */*] and supported [application/json, application/*+json]
2026-07-31T16:48:02.940+01:00 DEBUG 52043 --- [TuniRate] [http-nio-8080-exec-5] o.s.w.s.m.m.a.HttpEntityMethodProcessor  : Writing [[]]
2026-07-31T16:48:02.975+01:00 DEBUG 52043 --- [TuniRate] [http-nio-8080-exec-7] o.s.w.s.m.m.a.HttpEntityMethodProcessor  : Using 'application/json', given [application/json, text/plain, */*] and supported [application/json, application/*+json]
2026-07-31T16:48:02.975+01:00 DEBUG 52043 --- [TuniRate] [http-nio-8080-exec-7] o.s.w.s.m.m.a.HttpEntityMethodProcessor  : Writing [[SubcategoryResponse[id=3, name=Skincare, categoryId=2, categoryName=Beauty], SubcategoryResponse[id (truncated)...]
2026-07-31T16:48:02.977+01:00 DEBUG 52043 --- [TuniRate] [http-nio-8080-exec-7] o.s.web.servlet.DispatcherServlet        : Completed 200 OK
2026-07-31T16:48:02.983+01:00 DEBUG 52043 --- [TuniRate] [http-nio-8080-exec-5] o.s.web.servlet.DispatcherServlet        : Completed 200 OK
2026-07-31T16:48:03.002+01:00 DEBUG 52043 --- [TuniRate] [http-nio-8080-exec-7] o.s.web.servlet.DispatcherServlet        : GET "/subcategories", parameters={}
2026-07-31T16:48:03.002+01:00 DEBUG 52043 --- [TuniRate] [http-nio-8080-exec-7] s.w.s.m.m.a.RequestMappingHandlerMapping : Mapped to tn.anasazx.tunirate.subcategory.controller.SubcategoryController#getAll()
2026-07-31T16:48:03.030+01:00 DEBUG 52043 --- [TuniRate] [http-nio-8080-exec-7] o.s.w.s.m.m.a.HttpEntityMethodProcessor  : Using 'application/json', given [application/json, text/plain, */*] and supported [application/json, application/*+json]
2026-07-31T16:48:03.030+01:00 DEBUG 52043 --- [TuniRate] [http-nio-8080-exec-8] o.s.w.s.m.m.a.HttpEntityMethodProcessor  : Using 'application/json', given [application/json, text/plain, */*] and supported [application/json, application/*+json]
2026-07-31T16:48:03.030+01:00 DEBUG 52043 --- [TuniRate] [http-nio-8080-exec-7] o.s.w.s.m.m.a.HttpEntityMethodProcessor  : Writing [[SubcategoryResponse[id=3, name=Skincare, categoryId=2, categoryName=Beauty], SubcategoryResponse[id (truncated)...]
2026-07-31T16:48:03.030+01:00 DEBUG 52043 --- [TuniRate] [http-nio-8080-exec-8] o.s.w.s.m.m.a.HttpEntityMethodProcessor  : Writing [ProductReviewsResponse[myReview=ReviewResponse[id=5, rating=3, content=sqdf, user=MinimizedUserRespo (truncated)...]
2026-07-31T16:48:03.031+01:00 DEBUG 52043 --- [TuniRate] [http-nio-8080-exec-7] o.s.web.servlet.DispatcherServlet        : Completed 200 OK
2026-07-31T16:48:03.033+01:00 DEBUG 52043 --- [TuniRate] [http-nio-8080-exec-8] o.s.web.servlet.DispatcherServlet        : Completed 200 OK
2026-07-31T16:48:03.058+01:00 DEBUG 52043 --- [TuniRate] [http-nio-8080-exec-1] o.s.web.servlet.DispatcherServlet        : GET "/auth/me", parameters={}
2026-07-31T16:48:03.058+01:00 DEBUG 52043 --- [TuniRate] [http-nio-8080-exec-1] s.w.s.m.m.a.RequestMappingHandlerMapping : Mapped to tn.anasazx.tunirate.authentication.controller.AuthController#authenticateUser()
2026-07-31T16:48:03.065+01:00 DEBUG 52043 --- [TuniRate] [http-nio-8080-exec-10] o.s.web.servlet.DispatcherServlet        : GET "/product/39/details", parameters={}
2026-07-31T16:48:03.065+01:00 DEBUG 52043 --- [TuniRate] [http-nio-8080-exec-10] s.w.s.m.m.a.RequestMappingHandlerMapping : Mapped to tn.anasazx.tunirate.product.controller.ProductController#getProductDetails(Long)
2026-07-31T16:48:03.066+01:00 DEBUG 52043 --- [TuniRate] [http-nio-8080-exec-1] o.s.w.s.m.m.a.HttpEntityMethodProcessor  : Using 'application/json', given [application/json, text/plain, */*] and supported [application/json, application/*+json]
2026-07-31T16:48:03.066+01:00 DEBUG 52043 --- [TuniRate] [http-nio-8080-exec-1] o.s.w.s.m.m.a.HttpEntityMethodProcessor  : Writing [MinimizedUserResponse[id=1, name=Anasazx, email=anas.azizi2000@gmail.com, emailVerified=false, avata (truncated)...]
2026-07-31T16:48:03.067+01:00 DEBUG 52043 --- [TuniRate] [http-nio-8080-exec-1] o.s.web.servlet.DispatcherServlet        : Completed 200 OK
2026-07-31T16:48:03.067+01:00 DEBUG 52043 --- [TuniRate] [http-nio-8080-exec-3] o.s.web.servlet.DispatcherServlet        : GET "/categories", parameters={}
2026-07-31T16:48:03.067+01:00 DEBUG 52043 --- [TuniRate] [http-nio-8080-exec-3] s.w.s.m.m.a.RequestMappingHandlerMapping : Mapped to tn.anasazx.tunirate.category.controller.CategoryController#getAll()
2026-07-31T16:48:03.070+01:00 DEBUG 52043 --- [TuniRate] [http-nio-8080-exec-3] o.s.w.s.m.m.a.HttpEntityMethodProcessor  : Using 'application/json', given [application/json, text/plain, */*] and supported [application/json, application/*+json]
2026-07-31T16:48:03.070+01:00 DEBUG 52043 --- [TuniRate] [http-nio-8080-exec-3] o.s.w.s.m.m.a.HttpEntityMethodProcessor  : Writing [[CategoryResponse[id=2, name=Beauty]]]
2026-07-31T16:48:03.071+01:00 DEBUG 52043 --- [TuniRate] [http-nio-8080-exec-3] o.s.web.servlet.DispatcherServlet        : Completed 200 OK
2026-07-31T16:48:03.075+01:00 DEBUG 52043 --- [TuniRate] [http-nio-8080-exec-7] o.s.web.servlet.DispatcherServlet        : GET "/categories", parameters={}
2026-07-31T16:48:03.075+01:00 DEBUG 52043 --- [TuniRate] [http-nio-8080-exec-7] s.w.s.m.m.a.RequestMappingHandlerMapping : Mapped to tn.anasazx.tunirate.category.controller.CategoryController#getAll()
2026-07-31T16:48:03.077+01:00 DEBUG 52043 --- [TuniRate] [http-nio-8080-exec-7] o.s.w.s.m.m.a.HttpEntityMethodProcessor  : Using 'application/json', given [application/json, text/plain, */*] and supported [application/json, application/*+json]
2026-07-31T16:48:03.077+01:00 DEBUG 52043 --- [TuniRate] [http-nio-8080-exec-8] o.s.web.servlet.DispatcherServlet        : GET "/invitations/me", parameters={}
2026-07-31T16:48:03.077+01:00 DEBUG 52043 --- [TuniRate] [http-nio-8080-exec-7] o.s.w.s.m.m.a.HttpEntityMethodProcessor  : Writing [[CategoryResponse[id=2, name=Beauty]]]
2026-07-31T16:48:03.077+01:00 DEBUG 52043 --- [TuniRate] [http-nio-8080-exec-8] s.w.s.m.m.a.RequestMappingHandlerMapping : Mapped to tn.anasazx.tunirate.invitation.controller.CompanyInvitationController#getMyInvitations()
2026-07-31T16:48:03.077+01:00 DEBUG 52043 --- [TuniRate] [http-nio-8080-exec-7] o.s.web.servlet.DispatcherServlet        : Completed 200 OK
2026-07-31T16:48:03.079+01:00 DEBUG 52043 --- [TuniRate] [http-nio-8080-exec-10] o.s.w.s.m.m.a.HttpEntityMethodProcessor  : Using 'application/json', given [application/json, text/plain, */*] and supported [application/json, application/*+json]
2026-07-31T16:48:03.080+01:00 DEBUG 52043 --- [TuniRate] [http-nio-8080-exec-10] o.s.w.s.m.m.a.HttpEntityMethodProcessor  : Writing [ProductDetailsResponse[id=39, name=Pochette beauté ciel, description=La trousse qui sublime votre ro (truncated)...]
2026-07-31T16:48:03.080+01:00 DEBUG 52043 --- [TuniRate] [http-nio-8080-exec-10] o.s.web.servlet.DispatcherServlet        : Completed 200 OK
2026-07-31T16:48:03.082+01:00 DEBUG 52043 --- [TuniRate] [http-nio-8080-exec-8] o.s.w.s.m.m.a.HttpEntityMethodProcessor  : Using 'application/json', given [application/json, text/plain, */*] and supported [application/json, application/*+json]
2026-07-31T16:48:03.082+01:00 DEBUG 52043 --- [TuniRate] [http-nio-8080-exec-8] o.s.w.s.m.m.a.HttpEntityMethodProcessor  : Writing [[]]
2026-07-31T16:48:03.084+01:00 DEBUG 52043 --- [TuniRate] [http-nio-8080-exec-8] o.s.web.servlet.DispatcherServlet        : Completed 200 OK
2026-07-31T16:48:03.094+01:00 DEBUG 52043 --- [TuniRate] [http-nio-8080-exec-6] o.s.web.servlet.DispatcherServlet        : GET "/subcategories", parameters={}
2026-07-31T16:48:03.094+01:00 DEBUG 52043 --- [TuniRate] [http-nio-8080-exec-6] s.w.s.m.m.a.RequestMappingHandlerMapping : Mapped to tn.anasazx.tunirate.subcategory.controller.SubcategoryController#getAll()
2026-07-31T16:48:03.104+01:00 DEBUG 52043 --- [TuniRate] [http-nio-8080-exec-6] o.s.w.s.m.m.a.HttpEntityMethodProcessor  : Using 'application/json', given [application/json, text/plain, */*] and supported [application/json, application/*+json]
2026-07-31T16:48:03.104+01:00 DEBUG 52043 --- [TuniRate] [http-nio-8080-exec-6] o.s.w.s.m.m.a.HttpEntityMethodProcessor  : Writing [[SubcategoryResponse[id=3, name=Skincare, categoryId=2, categoryName=Beauty], SubcategoryResponse[id (truncated)...]
2026-07-31T16:48:03.105+01:00 DEBUG 52043 --- [TuniRate] [http-nio-8080-exec-6] o.s.web.servlet.DispatcherServlet        : Completed 200 OK
2026-07-31T16:48:03.116+01:00 DEBUG 52043 --- [TuniRate] [http-nio-8080-exec-4] o.s.web.servlet.DispatcherServlet        : GET "/reviews/product/39?page=0&size=10", parameters={masked}
2026-07-31T16:48:03.117+01:00 DEBUG 52043 --- [TuniRate] [http-nio-8080-exec-4] s.w.s.m.m.a.RequestMappingHandlerMapping : Mapped to tn.anasazx.tunirate.review.controller.ReviewController#getReviewsByProductId(Long, Pageable)
2026-07-31T16:48:03.125+01:00 DEBUG 52043 --- [TuniRate] [http-nio-8080-exec-1] o.s.web.servlet.DispatcherServlet        : GET "/subcategories", parameters={}
2026-07-31T16:48:03.126+01:00 DEBUG 52043 --- [TuniRate] [http-nio-8080-exec-1] s.w.s.m.m.a.RequestMappingHandlerMapping : Mapped to tn.anasazx.tunirate.subcategory.controller.SubcategoryController#getAll()
2026-07-31T16:48:03.137+01:00 DEBUG 52043 --- [TuniRate] [http-nio-8080-exec-1] o.s.w.s.m.m.a.HttpEntityMethodProcessor  : Using 'application/json', given [application/json, text/plain, */*] and supported [application/json, application/*+json]
2026-07-31T16:48:03.137+01:00 DEBUG 52043 --- [TuniRate] [http-nio-8080-exec-1] o.s.w.s.m.m.a.HttpEntityMethodProcessor  : Writing [[SubcategoryResponse[id=3, name=Skincare, categoryId=2, categoryName=Beauty], SubcategoryResponse[id (truncated)...]
2026-07-31T16:48:03.138+01:00 DEBUG 52043 --- [TuniRate] [http-nio-8080-exec-1] o.s.web.servlet.DispatcherServlet        : Completed 200 OK
2026-07-31T16:48:03.162+01:00 DEBUG 52043 --- [TuniRate] [http-nio-8080-exec-4] o.s.w.s.m.m.a.HttpEntityMethodProcessor  : Using 'application/json', given [application/json, text/plain, */*] and supported [application/json, application/*+json]
2026-07-31T16:48:03.162+01:00 DEBUG 52043 --- [TuniRate] [http-nio-8080-exec-4] o.s.w.s.m.m.a.HttpEntityMethodProcessor  : Writing [ProductReviewsResponse[myReview=null, reviews=Page 1 of 1 containing tn.anasazx.tunirate.review.dto. (truncated)...]
2026-07-31T16:48:03.164+01:00 DEBUG 52043 --- [TuniRate] [http-nio-8080-exec-4] o.s.web.servlet.DispatcherServlet        : Completed 200 OK
2026-07-31T16:48:03.512+01:00 DEBUG 52043 --- [TuniRate] [http-nio-8080-exec-5] o.s.web.servlet.DispatcherServlet        : GET "/product/39/details", parameters={}
2026-07-31T16:48:03.518+01:00 DEBUG 52043 --- [TuniRate] [http-nio-8080-exec-5] s.w.s.m.m.a.RequestMappingHandlerMapping : Mapped to tn.anasazx.tunirate.product.controller.ProductController#getProductDetails(Long)
2026-07-31T16:48:03.522+01:00 DEBUG 52043 --- [TuniRate] [http-nio-8080-exec-3] o.s.web.servlet.DispatcherServlet        : GET "/auth/me", parameters={}
2026-07-31T16:48:03.523+01:00 DEBUG 52043 --- [TuniRate] [http-nio-8080-exec-3] s.w.s.m.m.a.RequestMappingHandlerMapping : Mapped to tn.anasazx.tunirate.authentication.controller.AuthController#authenticateUser()
2026-07-31T16:48:03.526+01:00 DEBUG 52043 --- [TuniRate] [http-nio-8080-exec-2] o.s.web.servlet.DispatcherServlet        : GET "/categories", parameters={}
2026-07-31T16:48:03.526+01:00 DEBUG 52043 --- [TuniRate] [http-nio-8080-exec-2] s.w.s.m.m.a.RequestMappingHandlerMapping : Mapped to tn.anasazx.tunirate.category.controller.CategoryController#getAll()
2026-07-31T16:48:03.532+01:00 DEBUG 52043 --- [TuniRate] [http-nio-8080-exec-3] o.s.w.s.m.m.a.HttpEntityMethodProcessor  : Using 'application/json', given [application/json, text/plain, */*] and supported [application/json, application/*+json]
2026-07-31T16:48:03.532+01:00 DEBUG 52043 --- [TuniRate] [http-nio-8080-exec-3] o.s.w.s.m.m.a.HttpEntityMethodProcessor  : Writing [MinimizedUserResponse[id=8, name=Anas Riadh Azizi, email=anasriad.azizi@gmail.com, emailVerified=tru (truncated)...]
2026-07-31T16:48:03.532+01:00 DEBUG 52043 --- [TuniRate] [http-nio-8080-exec-3] o.s.web.servlet.DispatcherServlet        : Completed 200 OK
2026-07-31T16:48:03.533+01:00 DEBUG 52043 --- [TuniRate] [http-nio-8080-exec-2] o.s.w.s.m.m.a.HttpEntityMethodProcessor  : Using 'application/json', given [application/json, text/plain, */*] and supported [application/json, application/*+json]
2026-07-31T16:48:03.533+01:00 DEBUG 52043 --- [TuniRate] [http-nio-8080-exec-2] o.s.w.s.m.m.a.HttpEntityMethodProcessor  : Writing [[CategoryResponse[id=2, name=Beauty]]]
2026-07-31T16:48:03.534+01:00 DEBUG 52043 --- [TuniRate] [http-nio-8080-exec-2] o.s.web.servlet.DispatcherServlet        : Completed 200 OK
2026-07-31T16:48:03.535+01:00 DEBUG 52043 --- [TuniRate] [http-nio-8080-exec-7] o.s.web.servlet.DispatcherServlet        : GET "/reviews/product/39?page=0&size=10", parameters={masked}
2026-07-31T16:48:03.535+01:00 DEBUG 52043 --- [TuniRate] [http-nio-8080-exec-7] s.w.s.m.m.a.RequestMappingHandlerMapping : Mapped to tn.anasazx.tunirate.review.controller.ReviewController#getReviewsByProductId(Long, Pageable)
2026-07-31T16:48:03.539+01:00 DEBUG 52043 --- [TuniRate] [http-nio-8080-exec-5] o.s.w.s.m.m.a.HttpEntityMethodProcessor  : Using 'application/json', given [application/json, text/plain, */*] and supported [application/json, application/*+json]
2026-07-31T16:48:03.540+01:00 DEBUG 52043 --- [TuniRate] [http-nio-8080-exec-5] o.s.w.s.m.m.a.HttpEntityMethodProcessor  : Writing [ProductDetailsResponse[id=39, name=Pochette beauté ciel, description=La trousse qui sublime votre ro (truncated)...]
2026-07-31T16:48:03.542+01:00 DEBUG 52043 --- [TuniRate] [http-nio-8080-exec-10] o.s.web.servlet.DispatcherServlet        : GET "/categories", parameters={}
2026-07-31T16:48:03.542+01:00 DEBUG 52043 --- [TuniRate] [http-nio-8080-exec-10] s.w.s.m.m.a.RequestMappingHandlerMapping : Mapped to tn.anasazx.tunirate.category.controller.CategoryController#getAll()
2026-07-31T16:48:03.542+01:00 DEBUG 52043 --- [TuniRate] [http-nio-8080-exec-5] o.s.web.servlet.DispatcherServlet        : Completed 200 OK
2026-07-31T16:48:03.544+01:00 DEBUG 52043 --- [TuniRate] [http-nio-8080-exec-10] o.s.w.s.m.m.a.HttpEntityMethodProcessor  : Using 'application/json', given [application/json, text/plain, */*] and supported [application/json, application/*+json]
2026-07-31T16:48:03.544+01:00 DEBUG 52043 --- [TuniRate] [http-nio-8080-exec-10] o.s.w.s.m.m.a.HttpEntityMethodProcessor  : Writing [[CategoryResponse[id=2, name=Beauty]]]
2026-07-31T16:48:03.544+01:00 DEBUG 52043 --- [TuniRate] [http-nio-8080-exec-9] o.s.web.servlet.DispatcherServlet        : GET "/subcategories", parameters={}
2026-07-31T16:48:03.544+01:00 DEBUG 52043 --- [TuniRate] [http-nio-8080-exec-9] s.w.s.m.m.a.RequestMappingHandlerMapping : Mapped to tn.anasazx.tunirate.subcategory.controller.SubcategoryController#getAll()
2026-07-31T16:48:03.545+01:00 DEBUG 52043 --- [TuniRate] [http-nio-8080-exec-8] o.s.web.servlet.DispatcherServlet        : GET "/invitations/me", parameters={}
2026-07-31T16:48:03.545+01:00 DEBUG 52043 --- [TuniRate] [http-nio-8080-exec-8] s.w.s.m.m.a.RequestMappingHandlerMapping : Mapped to tn.anasazx.tunirate.invitation.controller.CompanyInvitationController#getMyInvitations()
2026-07-31T16:48:03.545+01:00 DEBUG 52043 --- [TuniRate] [http-nio-8080-exec-10] o.s.web.servlet.DispatcherServlet        : Completed 200 OK
2026-07-31T16:48:03.559+01:00 DEBUG 52043 --- [TuniRate] [http-nio-8080-exec-8] o.s.w.s.m.m.a.HttpEntityMethodProcessor  : Using 'application/json', given [application/json, text/plain, */*] and supported [application/json, application/*+json]
2026-07-31T16:48:03.559+01:00 DEBUG 52043 --- [TuniRate] [http-nio-8080-exec-8] o.s.w.s.m.m.a.HttpEntityMethodProcessor  : Writing [[]]
2026-07-31T16:48:03.561+01:00 DEBUG 52043 --- [TuniRate] [http-nio-8080-exec-8] o.s.web.servlet.DispatcherServlet        : Completed 200 OK
2026-07-31T16:48:03.561+01:00 DEBUG 52043 --- [TuniRate] [http-nio-8080-exec-9] o.s.w.s.m.m.a.HttpEntityMethodProcessor  : Using 'application/json', given [application/json, text/plain, */*] and supported [application/json, application/*+json]
2026-07-31T16:48:03.561+01:00 DEBUG 52043 --- [TuniRate] [http-nio-8080-exec-9] o.s.w.s.m.m.a.HttpEntityMethodProcessor  : Writing [[SubcategoryResponse[id=3, name=Skincare, categoryId=2, categoryName=Beauty], SubcategoryResponse[id (truncated)...]
2026-07-31T16:48:03.562+01:00 DEBUG 52043 --- [TuniRate] [http-nio-8080-exec-9] o.s.web.servlet.DispatcherServlet        : Completed 200 OK
2026-07-31T16:48:03.565+01:00 DEBUG 52043 --- [TuniRate] [http-nio-8080-exec-7] o.s.w.s.m.m.a.HttpEntityMethodProcessor  : Using 'application/json', given [application/json, text/plain, */*] and supported [application/json, application/*+json]
2026-07-31T16:48:03.565+01:00 DEBUG 52043 --- [TuniRate] [http-nio-8080-exec-7] o.s.w.s.m.m.a.HttpEntityMethodProcessor  : Writing [ProductReviewsResponse[myReview=ReviewResponse[id=5, rating=3, content=sqdf, user=MinimizedUserRespo (truncated)...]
2026-07-31T16:48:03.565+01:00 DEBUG 52043 --- [TuniRate] [http-nio-8080-exec-7] o.s.web.servlet.DispatcherServlet        : Completed 200 OK
2026-07-31T16:48:03.567+01:00 DEBUG 52043 --- [TuniRate] [http-nio-8080-exec-9] o.s.web.servlet.DispatcherServlet        : GET "/subcategories", parameters={}
2026-07-31T16:48:03.567+01:00 DEBUG 52043 --- [TuniRate] [http-nio-8080-exec-9] s.w.s.m.m.a.RequestMappingHandlerMapping : Mapped to tn.anasazx.tunirate.subcategory.controller.SubcategoryController#getAll()
2026-07-31T16:48:03.572+01:00 DEBUG 52043 --- [TuniRate] [http-nio-8080-exec-9] o.s.w.s.m.m.a.HttpEntityMethodProcessor  : Using 'application/json', given [application/json, text/plain, */*] and supported [application/json, application/*+json]
2026-07-31T16:48:03.572+01:00 DEBUG 52043 --- [TuniRate] [http-nio-8080-exec-9] o.s.w.s.m.m.a.HttpEntityMethodProcessor  : Writing [[SubcategoryResponse[id=3, name=Skincare, categoryId=2, categoryName=Beauty], SubcategoryResponse[id (truncated)...]
2026-07-31T16:48:03.572+01:00 DEBUG 52043 --- [TuniRate] [http-nio-8080-exec-9] o.s.web.servlet.DispatcherServlet        : Completed 200 OK
2026-07-31T16:49:07.985+01:00 DEBUG 52043 --- [TuniRate] [http-nio-8080-exec-6] o.s.web.servlet.DispatcherServlet        : DELETE "/reviews/5", parameters={}
2026-07-31T16:49:07.987+01:00 DEBUG 52043 --- [TuniRate] [http-nio-8080-exec-6] s.w.s.m.m.a.RequestMappingHandlerMapping : Mapped to tn.anasazx.tunirate.review.controller.ReviewController#deleteReview(Long)
2026-07-31T16:49:08.027+01:00 DEBUG 52043 --- [TuniRate] [http-nio-8080-exec-6] o.s.w.s.m.m.a.HttpEntityMethodProcessor  : Using 'application/json', given [application/json, text/plain, */*] and supported [application/json, application/*+json]
2026-07-31T16:49:08.027+01:00 DEBUG 52043 --- [TuniRate] [http-nio-8080-exec-6] o.s.w.s.m.m.a.HttpEntityMethodProcessor  : Nothing to write: null body
2026-07-31T16:49:08.028+01:00 DEBUG 52043 --- [TuniRate] [http-nio-8080-exec-6] o.s.web.servlet.DispatcherServlet        : Completed 204 NO_CONTENT
2026-07-31T16:49:08.672+01:00 DEBUG 52043 --- [TuniRate] [http-nio-8080-exec-10] o.s.web.servlet.DispatcherServlet        : GET "/auth/me", parameters={}
2026-07-31T16:49:08.672+01:00 DEBUG 52043 --- [TuniRate] [http-nio-8080-exec-10] s.w.s.m.m.a.RequestMappingHandlerMapping : Mapped to tn.anasazx.tunirate.authentication.controller.AuthController#authenticateUser()
2026-07-31T16:49:08.683+01:00 DEBUG 52043 --- [TuniRate] [http-nio-8080-exec-1] o.s.web.servlet.DispatcherServlet        : GET "/product/39/details", parameters={}
2026-07-31T16:49:08.685+01:00 DEBUG 52043 --- [TuniRate] [http-nio-8080-exec-2] o.s.web.servlet.DispatcherServlet        : GET "/categories", parameters={}
2026-07-31T16:49:08.685+01:00 DEBUG 52043 --- [TuniRate] [http-nio-8080-exec-1] s.w.s.m.m.a.RequestMappingHandlerMapping : Mapped to tn.anasazx.tunirate.product.controller.ProductController#getProductDetails(Long)
2026-07-31T16:49:08.687+01:00 DEBUG 52043 --- [TuniRate] [http-nio-8080-exec-2] s.w.s.m.m.a.RequestMappingHandlerMapping : Mapped to tn.anasazx.tunirate.category.controller.CategoryController#getAll()
2026-07-31T16:49:08.690+01:00 DEBUG 52043 --- [TuniRate] [http-nio-8080-exec-10] o.s.w.s.m.m.a.HttpEntityMethodProcessor  : Using 'application/json', given [application/json, text/plain, */*] and supported [application/json, application/*+json]
2026-07-31T16:49:08.710+01:00 DEBUG 52043 --- [TuniRate] [http-nio-8080-exec-10] o.s.w.s.m.m.a.HttpEntityMethodProcessor  : Writing [MinimizedUserResponse[id=8, name=Anas Riadh Azizi, email=anasriad.azizi@gmail.com, emailVerified=tru (truncated)...]
2026-07-31T16:49:08.711+01:00 DEBUG 52043 --- [TuniRate] [http-nio-8080-exec-2] o.s.w.s.m.m.a.HttpEntityMethodProcessor  : Using 'application/json', given [application/json, text/plain, */*] and supported [application/json, application/*+json]
2026-07-31T16:49:08.711+01:00 DEBUG 52043 --- [TuniRate] [http-nio-8080-exec-2] o.s.w.s.m.m.a.HttpEntityMethodProcessor  : Writing [[CategoryResponse[id=2, name=Beauty]]]
2026-07-31T16:49:08.711+01:00 DEBUG 52043 --- [TuniRate] [http-nio-8080-exec-10] o.s.web.servlet.DispatcherServlet        : Completed 200 OK
2026-07-31T16:49:08.712+01:00 DEBUG 52043 --- [TuniRate] [http-nio-8080-exec-2] o.s.web.servlet.DispatcherServlet        : Completed 200 OK
2026-07-31T16:49:08.712+01:00 DEBUG 52043 --- [TuniRate] [http-nio-8080-exec-9] o.s.web.servlet.DispatcherServlet        : GET "/reviews/product/39?page=0&size=10", parameters={masked}
2026-07-31T16:49:08.712+01:00 DEBUG 52043 --- [TuniRate] [http-nio-8080-exec-9] s.w.s.m.m.a.RequestMappingHandlerMapping : Mapped to tn.anasazx.tunirate.review.controller.ReviewController#getReviewsByProductId(Long, Pageable)
2026-07-31T16:49:08.714+01:00 DEBUG 52043 --- [TuniRate] [http-nio-8080-exec-6] o.s.web.servlet.DispatcherServlet        : GET "/categories", parameters={}
2026-07-31T16:49:08.715+01:00 DEBUG 52043 --- [TuniRate] [http-nio-8080-exec-6] s.w.s.m.m.a.RequestMappingHandlerMapping : Mapped to tn.anasazx.tunirate.category.controller.CategoryController#getAll()
2026-07-31T16:49:08.715+01:00 DEBUG 52043 --- [TuniRate] [http-nio-8080-exec-9] o.s.w.s.m.m.a.HttpEntityMethodProcessor  : Using 'application/json', given [application/json, text/plain, */*] and supported [application/json, application/*+json]
2026-07-31T16:49:08.716+01:00 DEBUG 52043 --- [TuniRate] [http-nio-8080-exec-9] o.s.w.s.m.m.a.HttpEntityMethodProcessor  : Writing [ProductReviewsResponse[myReview=null, reviews=Page 1 of 0 containing UNKNOWN instances]]
2026-07-31T16:49:08.716+01:00 DEBUG 52043 --- [TuniRate] [http-nio-8080-exec-9] o.s.web.servlet.DispatcherServlet        : Completed 200 OK
2026-07-31T16:49:08.718+01:00 DEBUG 52043 --- [TuniRate] [http-nio-8080-exec-6] o.s.w.s.m.m.a.HttpEntityMethodProcessor  : Using 'application/json', given [application/json, text/plain, */*] and supported [application/json, application/*+json]
2026-07-31T16:49:08.718+01:00 DEBUG 52043 --- [TuniRate] [http-nio-8080-exec-6] o.s.w.s.m.m.a.HttpEntityMethodProcessor  : Writing [[CategoryResponse[id=2, name=Beauty]]]
2026-07-31T16:49:08.718+01:00 DEBUG 52043 --- [TuniRate] [http-nio-8080-exec-6] o.s.web.servlet.DispatcherServlet        : Completed 200 OK
2026-07-31T16:49:08.721+01:00 DEBUG 52043 --- [TuniRate] [http-nio-8080-exec-1] o.s.w.s.m.m.a.HttpEntityMethodProcessor  : Using 'application/json', given [application/json, text/plain, */*] and supported [application/json, application/*+json]
2026-07-31T16:49:08.721+01:00 DEBUG 52043 --- [TuniRate] [http-nio-8080-exec-1] o.s.w.s.m.m.a.HttpEntityMethodProcessor  : Writing [ProductDetailsResponse[id=39, name=Pochette beauté ciel, description=La trousse qui sublime votre ro (truncated)...]
2026-07-31T16:49:08.722+01:00 DEBUG 52043 --- [TuniRate] [http-nio-8080-exec-1] o.s.web.servlet.DispatcherServlet        : Completed 200 OK
2026-07-31T16:49:08.748+01:00 DEBUG 52043 --- [TuniRate] [http-nio-8080-exec-5] o.s.web.servlet.DispatcherServlet        : GET "/invitations/me", parameters={}
2026-07-31T16:49:08.748+01:00 DEBUG 52043 --- [TuniRate] [http-nio-8080-exec-5] s.w.s.m.m.a.RequestMappingHandlerMapping : Mapped to tn.anasazx.tunirate.invitation.controller.CompanyInvitationController#getMyInvitations()
2026-07-31T16:49:08.749+01:00 DEBUG 52043 --- [TuniRate] [http-nio-8080-exec-7] o.s.web.servlet.DispatcherServlet        : GET "/subcategories", parameters={}
2026-07-31T16:49:08.749+01:00 DEBUG 52043 --- [TuniRate] [http-nio-8080-exec-7] s.w.s.m.m.a.RequestMappingHandlerMapping : Mapped to tn.anasazx.tunirate.subcategory.controller.SubcategoryController#getAll()
2026-07-31T16:49:08.753+01:00 DEBUG 52043 --- [TuniRate] [http-nio-8080-exec-5] o.s.w.s.m.m.a.HttpEntityMethodProcessor  : Using 'application/json', given [application/json, text/plain, */*] and supported [application/json, application/*+json]
2026-07-31T16:49:08.753+01:00 DEBUG 52043 --- [TuniRate] [http-nio-8080-exec-5] o.s.w.s.m.m.a.HttpEntityMethodProcessor  : Writing [[]]
2026-07-31T16:49:08.753+01:00 DEBUG 52043 --- [TuniRate] [http-nio-8080-exec-7] o.s.w.s.m.m.a.HttpEntityMethodProcessor  : Using 'application/json', given [application/json, text/plain, */*] and supported [application/json, application/*+json]
2026-07-31T16:49:08.753+01:00 DEBUG 52043 --- [TuniRate] [http-nio-8080-exec-7] o.s.w.s.m.m.a.HttpEntityMethodProcessor  : Writing [[SubcategoryResponse[id=3, name=Skincare, categoryId=2, categoryName=Beauty], SubcategoryResponse[id (truncated)...]
2026-07-31T16:49:08.754+01:00 DEBUG 52043 --- [TuniRate] [http-nio-8080-exec-5] o.s.web.servlet.DispatcherServlet        : Completed 200 OK
2026-07-31T16:49:08.754+01:00 DEBUG 52043 --- [TuniRate] [http-nio-8080-exec-7] o.s.web.servlet.DispatcherServlet        : Completed 200 OK
2026-07-31T16:49:08.761+01:00 DEBUG 52043 --- [TuniRate] [http-nio-8080-exec-10] o.s.web.servlet.DispatcherServlet        : GET "/subcategories", parameters={}
2026-07-31T16:49:08.761+01:00 DEBUG 52043 --- [TuniRate] [http-nio-8080-exec-10] s.w.s.m.m.a.RequestMappingHandlerMapping : Mapped to tn.anasazx.tunirate.subcategory.controller.SubcategoryController#getAll()
2026-07-31T16:49:08.767+01:00 DEBUG 52043 --- [TuniRate] [http-nio-8080-exec-10] o.s.w.s.m.m.a.HttpEntityMethodProcessor  : Using 'application/json', given [application/json, text/plain, */*] and supported [application/json, application/*+json]
2026-07-31T16:49:08.767+01:00 DEBUG 52043 --- [TuniRate] [http-nio-8080-exec-10] o.s.w.s.m.m.a.HttpEntityMethodProcessor  : Writing [[SubcategoryResponse[id=3, name=Skincare, categoryId=2, categoryName=Beauty], SubcategoryResponse[id (truncated)...]
2026-07-31T16:49:08.767+01:00 DEBUG 52043 --- [TuniRate] [http-nio-8080-exec-10] o.s.web.servlet.DispatcherServlet        : Completed 200 OK
2026-07-31T16:49:11.288+01:00 DEBUG 52043 --- [TuniRate] [http-nio-8080-exec-9] o.s.web.servlet.DispatcherServlet        : POST "/reviews", parameters={}
2026-07-31T16:49:11.288+01:00 DEBUG 52043 --- [TuniRate] [http-nio-8080-exec-9] s.w.s.m.m.a.RequestMappingHandlerMapping : Mapped to tn.anasazx.tunirate.review.controller.ReviewController#createReview(ReviewRequest)
2026-07-31T16:49:11.289+01:00 DEBUG 52043 --- [TuniRate] [http-nio-8080-exec-9] m.m.a.RequestResponseBodyMethodProcessor : Read "application/json;charset=UTF-8" to [ReviewRequest[rating=3, content=dfsq, productId=39]]
2026-07-31T16:49:11.320+01:00 DEBUG 52043 --- [TuniRate] [http-nio-8080-exec-9] o.s.w.s.m.m.a.HttpEntityMethodProcessor  : Using 'application/json', given [application/json, text/plain, */*] and supported [application/json, application/*+json]
2026-07-31T16:49:11.320+01:00 DEBUG 52043 --- [TuniRate] [http-nio-8080-exec-9] o.s.w.s.m.m.a.HttpEntityMethodProcessor  : Writing [ReviewResponse[id=6, rating=3, content=dfsq, user=MinimizedUserResponse[id=8, name=Anas Riadh Azizi, (truncated)...]
2026-07-31T16:49:11.321+01:00 DEBUG 52043 --- [TuniRate] [http-nio-8080-exec-9] o.s.web.servlet.DispatcherServlet        : Completed 201 CREATED
2026-07-31T16:49:12.939+01:00 DEBUG 52043 --- [TuniRate] [http-nio-8080-exec-6] o.s.web.servlet.DispatcherServlet        : GET "/auth/me", parameters={}
2026-07-31T16:49:12.939+01:00 DEBUG 52043 --- [TuniRate] [http-nio-8080-exec-6] s.w.s.m.m.a.RequestMappingHandlerMapping : Mapped to tn.anasazx.tunirate.authentication.controller.AuthController#authenticateUser()
2026-07-31T16:49:12.942+01:00 DEBUG 52043 --- [TuniRate] [http-nio-8080-exec-8] o.s.web.servlet.DispatcherServlet        : GET "/categories", parameters={}
2026-07-31T16:49:12.942+01:00 DEBUG 52043 --- [TuniRate] [http-nio-8080-exec-8] s.w.s.m.m.a.RequestMappingHandlerMapping : Mapped to tn.anasazx.tunirate.category.controller.CategoryController#getAll()
2026-07-31T16:49:12.942+01:00 DEBUG 52043 --- [TuniRate] [http-nio-8080-exec-1] o.s.web.servlet.DispatcherServlet        : GET "/product/39/details", parameters={}
2026-07-31T16:49:12.942+01:00 DEBUG 52043 --- [TuniRate] [http-nio-8080-exec-1] s.w.s.m.m.a.RequestMappingHandlerMapping : Mapped to tn.anasazx.tunirate.product.controller.ProductController#getProductDetails(Long)
2026-07-31T16:49:12.958+01:00 DEBUG 52043 --- [TuniRate] [http-nio-8080-exec-4] o.s.web.servlet.DispatcherServlet        : GET "/reviews/product/39?page=0&size=10", parameters={masked}
2026-07-31T16:49:12.958+01:00 DEBUG 52043 --- [TuniRate] [http-nio-8080-exec-4] s.w.s.m.m.a.RequestMappingHandlerMapping : Mapped to tn.anasazx.tunirate.review.controller.ReviewController#getReviewsByProductId(Long, Pageable)
2026-07-31T16:49:12.958+01:00 DEBUG 52043 --- [TuniRate] [http-nio-8080-exec-6] o.s.w.s.m.m.a.HttpEntityMethodProcessor  : Using 'application/json', given [application/json, text/plain, */*] and supported [application/json, application/*+json]
2026-07-31T16:49:12.958+01:00 DEBUG 52043 --- [TuniRate] [http-nio-8080-exec-6] o.s.w.s.m.m.a.HttpEntityMethodProcessor  : Writing [MinimizedUserResponse[id=8, name=Anas Riadh Azizi, email=anasriad.azizi@gmail.com, emailVerified=tru (truncated)...]
2026-07-31T16:49:12.959+01:00 DEBUG 52043 --- [TuniRate] [http-nio-8080-exec-6] o.s.web.servlet.DispatcherServlet        : Completed 200 OK
2026-07-31T16:49:12.959+01:00 DEBUG 52043 --- [TuniRate] [http-nio-8080-exec-8] o.s.w.s.m.m.a.HttpEntityMethodProcessor  : Using 'application/json', given [application/json, text/plain, */*] and supported [application/json, application/*+json]
2026-07-31T16:49:12.959+01:00 DEBUG 52043 --- [TuniRate] [http-nio-8080-exec-8] o.s.w.s.m.m.a.HttpEntityMethodProcessor  : Writing [[CategoryResponse[id=2, name=Beauty]]]
2026-07-31T16:49:12.960+01:00 DEBUG 52043 --- [TuniRate] [http-nio-8080-exec-8] o.s.web.servlet.DispatcherServlet        : Completed 200 OK
2026-07-31T16:49:12.962+01:00 DEBUG 52043 --- [TuniRate] [http-nio-8080-exec-1] o.s.w.s.m.m.a.HttpEntityMethodProcessor  : Using 'application/json', given [application/json, text/plain, */*] and supported [application/json, application/*+json]
2026-07-31T16:49:12.963+01:00 DEBUG 52043 --- [TuniRate] [http-nio-8080-exec-1] o.s.w.s.m.m.a.HttpEntityMethodProcessor  : Writing [ProductDetailsResponse[id=39, name=Pochette beauté ciel, description=La trousse qui sublime votre ro (truncated)...]
2026-07-31T16:49:12.963+01:00 DEBUG 52043 --- [TuniRate] [http-nio-8080-exec-3] o.s.web.servlet.DispatcherServlet        : GET "/categories", parameters={}
2026-07-31T16:49:12.963+01:00 DEBUG 52043 --- [TuniRate] [http-nio-8080-exec-3] s.w.s.m.m.a.RequestMappingHandlerMapping : Mapped to tn.anasazx.tunirate.category.controller.CategoryController#getAll()
2026-07-31T16:49:12.963+01:00 DEBUG 52043 --- [TuniRate] [http-nio-8080-exec-1] o.s.web.servlet.DispatcherServlet        : Completed 200 OK
2026-07-31T16:49:12.964+01:00 DEBUG 52043 --- [TuniRate] [http-nio-8080-exec-3] o.s.w.s.m.m.a.HttpEntityMethodProcessor  : Using 'application/json', given [application/json, text/plain, */*] and supported [application/json, application/*+json]
2026-07-31T16:49:12.964+01:00 DEBUG 52043 --- [TuniRate] [http-nio-8080-exec-3] o.s.w.s.m.m.a.HttpEntityMethodProcessor  : Writing [[CategoryResponse[id=2, name=Beauty]]]
2026-07-31T16:49:12.964+01:00 DEBUG 52043 --- [TuniRate] [http-nio-8080-exec-3] o.s.web.servlet.DispatcherServlet        : Completed 200 OK
2026-07-31T16:49:12.968+01:00 DEBUG 52043 --- [TuniRate] [http-nio-8080-exec-4] o.s.w.s.m.m.a.HttpEntityMethodProcessor  : Using 'application/json', given [application/json, text/plain, */*] and supported [application/json, application/*+json]
2026-07-31T16:49:12.968+01:00 DEBUG 52043 --- [TuniRate] [http-nio-8080-exec-4] o.s.w.s.m.m.a.HttpEntityMethodProcessor  : Writing [ProductReviewsResponse[myReview=ReviewResponse[id=6, rating=3, content=dfsq, user=MinimizedUserRespo (truncated)...]
2026-07-31T16:49:12.970+01:00 DEBUG 52043 --- [TuniRate] [http-nio-8080-exec-4] o.s.web.servlet.DispatcherServlet        : Completed 200 OK
2026-07-31T16:49:12.972+01:00 DEBUG 52043 --- [TuniRate] [http-nio-8080-exec-7] o.s.web.servlet.DispatcherServlet        : GET "/invitations/me", parameters={}
2026-07-31T16:49:12.972+01:00 DEBUG 52043 --- [TuniRate] [http-nio-8080-exec-7] s.w.s.m.m.a.RequestMappingHandlerMapping : Mapped to tn.anasazx.tunirate.invitation.controller.CompanyInvitationController#getMyInvitations()
2026-07-31T16:49:12.973+01:00 DEBUG 52043 --- [TuniRate] [http-nio-8080-exec-4] o.s.web.servlet.DispatcherServlet        : GET "/subcategories", parameters={}
2026-07-31T16:49:12.973+01:00 DEBUG 52043 --- [TuniRate] [http-nio-8080-exec-4] s.w.s.m.m.a.RequestMappingHandlerMapping : Mapped to tn.anasazx.tunirate.subcategory.controller.SubcategoryController#getAll()
2026-07-31T16:49:12.974+01:00 DEBUG 52043 --- [TuniRate] [http-nio-8080-exec-7] o.s.w.s.m.m.a.HttpEntityMethodProcessor  : Using 'application/json', given [application/json, text/plain, */*] and supported [application/json, application/*+json]
2026-07-31T16:49:12.974+01:00 DEBUG 52043 --- [TuniRate] [http-nio-8080-exec-7] o.s.w.s.m.m.a.HttpEntityMethodProcessor  : Writing [[]]
2026-07-31T16:49:12.975+01:00 DEBUG 52043 --- [TuniRate] [http-nio-8080-exec-7] o.s.web.servlet.DispatcherServlet        : Completed 200 OK
2026-07-31T16:49:12.976+01:00 DEBUG 52043 --- [TuniRate] [http-nio-8080-exec-4] o.s.w.s.m.m.a.HttpEntityMethodProcessor  : Using 'application/json', given [application/json, text/plain, */*] and supported [application/json, application/*+json]
2026-07-31T16:49:12.976+01:00 DEBUG 52043 --- [TuniRate] [http-nio-8080-exec-4] o.s.w.s.m.m.a.HttpEntityMethodProcessor  : Writing [[SubcategoryResponse[id=3, name=Skincare, categoryId=2, categoryName=Beauty], SubcategoryResponse[id (truncated)...]
2026-07-31T16:49:12.979+01:00 DEBUG 52043 --- [TuniRate] [http-nio-8080-exec-4] o.s.web.servlet.DispatcherServlet        : Completed 200 OK
2026-07-31T16:49:12.983+01:00 DEBUG 52043 --- [TuniRate] [http-nio-8080-exec-10] o.s.web.servlet.DispatcherServlet        : GET "/subcategories", parameters={}
2026-07-31T16:49:12.983+01:00 DEBUG 52043 --- [TuniRate] [http-nio-8080-exec-10] s.w.s.m.m.a.RequestMappingHandlerMapping : Mapped to tn.anasazx.tunirate.subcategory.controller.SubcategoryController#getAll()
2026-07-31T16:49:12.986+01:00 DEBUG 52043 --- [TuniRate] [http-nio-8080-exec-10] o.s.w.s.m.m.a.HttpEntityMethodProcessor  : Using 'application/json', given [application/json, text/plain, */*] and supported [application/json, application/*+json]
2026-07-31T16:49:12.987+01:00 DEBUG 52043 --- [TuniRate] [http-nio-8080-exec-10] o.s.w.s.m.m.a.HttpEntityMethodProcessor  : Writing [[SubcategoryResponse[id=3, name=Skincare, categoryId=2, categoryName=Beauty], SubcategoryResponse[id (truncated)...]
2026-07-31T16:49:12.987+01:00 DEBUG 52043 --- [TuniRate] [http-nio-8080-exec-10] o.s.web.servlet.DispatcherServlet        : Completed 200 OK
2026-07-31T16:49:14.660+01:00 DEBUG 52043 --- [TuniRate] [http-nio-8080-exec-9] o.s.web.servlet.DispatcherServlet        : GET "/auth/me", parameters={}
2026-07-31T16:49:14.660+01:00 DEBUG 52043 --- [TuniRate] [http-nio-8080-exec-9] s.w.s.m.m.a.RequestMappingHandlerMapping : Mapped to tn.anasazx.tunirate.authentication.controller.AuthController#authenticateUser()
2026-07-31T16:49:14.663+01:00 DEBUG 52043 --- [TuniRate] [http-nio-8080-exec-3] o.s.web.servlet.DispatcherServlet        : GET "/product/39/details", parameters={}
2026-07-31T16:49:14.664+01:00 DEBUG 52043 --- [TuniRate] [http-nio-8080-exec-9] o.s.w.s.m.m.a.HttpEntityMethodProcessor  : Using 'application/json', given [application/json, text/plain, */*] and supported [application/json, application/*+json]
2026-07-31T16:49:14.664+01:00 DEBUG 52043 --- [TuniRate] [http-nio-8080-exec-3] s.w.s.m.m.a.RequestMappingHandlerMapping : Mapped to tn.anasazx.tunirate.product.controller.ProductController#getProductDetails(Long)
2026-07-31T16:49:14.664+01:00 DEBUG 52043 --- [TuniRate] [http-nio-8080-exec-9] o.s.w.s.m.m.a.HttpEntityMethodProcessor  : Writing [MinimizedUserResponse[id=8, name=Anas Riadh Azizi, email=anasriad.azizi@gmail.com, emailVerified=tru (truncated)...]
2026-07-31T16:49:14.664+01:00 DEBUG 52043 --- [TuniRate] [http-nio-8080-exec-5] o.s.web.servlet.DispatcherServlet        : GET "/categories", parameters={}
2026-07-31T16:49:14.664+01:00 DEBUG 52043 --- [TuniRate] [http-nio-8080-exec-5] s.w.s.m.m.a.RequestMappingHandlerMapping : Mapped to tn.anasazx.tunirate.category.controller.CategoryController#getAll()
2026-07-31T16:49:14.665+01:00 DEBUG 52043 --- [TuniRate] [http-nio-8080-exec-9] o.s.web.servlet.DispatcherServlet        : Completed 200 OK
2026-07-31T16:49:14.665+01:00 DEBUG 52043 --- [TuniRate] [http-nio-8080-exec-5] o.s.w.s.m.m.a.HttpEntityMethodProcessor  : Using 'application/json', given [application/json, text/plain, */*] and supported [application/json, application/*+json]
2026-07-31T16:49:14.666+01:00 DEBUG 52043 --- [TuniRate] [http-nio-8080-exec-5] o.s.w.s.m.m.a.HttpEntityMethodProcessor  : Writing [[CategoryResponse[id=2, name=Beauty]]]
2026-07-31T16:49:14.666+01:00 DEBUG 52043 --- [TuniRate] [http-nio-8080-exec-5] o.s.web.servlet.DispatcherServlet        : Completed 200 OK
2026-07-31T16:49:14.668+01:00 DEBUG 52043 --- [TuniRate] [http-nio-8080-exec-3] o.s.w.s.m.m.a.HttpEntityMethodProcessor  : Using 'application/json', given [application/json, text/plain, */*] and supported [application/json, application/*+json]
2026-07-31T16:49:14.669+01:00 DEBUG 52043 --- [TuniRate] [http-nio-8080-exec-3] o.s.w.s.m.m.a.HttpEntityMethodProcessor  : Writing [ProductDetailsResponse[id=39, name=Pochette beauté ciel, description=La trousse qui sublime votre ro (truncated)...]
2026-07-31T16:49:14.670+01:00 DEBUG 52043 --- [TuniRate] [http-nio-8080-exec-3] o.s.web.servlet.DispatcherServlet        : Completed 200 OK
2026-07-31T16:49:14.670+01:00 DEBUG 52043 --- [TuniRate] [http-nio-8080-exec-7] o.s.web.servlet.DispatcherServlet        : GET "/categories", parameters={}
2026-07-31T16:49:14.671+01:00 DEBUG 52043 --- [TuniRate] [http-nio-8080-exec-7] s.w.s.m.m.a.RequestMappingHandlerMapping : Mapped to tn.anasazx.tunirate.category.controller.CategoryController#getAll()
2026-07-31T16:49:14.673+01:00 DEBUG 52043 --- [TuniRate] [http-nio-8080-exec-7] o.s.w.s.m.m.a.HttpEntityMethodProcessor  : Using 'application/json', given [application/json, text/plain, */*] and supported [application/json, application/*+json]
2026-07-31T16:49:14.674+01:00 DEBUG 52043 --- [TuniRate] [http-nio-8080-exec-7] o.s.w.s.m.m.a.HttpEntityMethodProcessor  : Writing [[CategoryResponse[id=2, name=Beauty]]]
2026-07-31T16:49:14.674+01:00 DEBUG 52043 --- [TuniRate] [http-nio-8080-exec-7] o.s.web.servlet.DispatcherServlet        : Completed 200 OK
2026-07-31T16:49:14.675+01:00 DEBUG 52043 --- [TuniRate] [http-nio-8080-exec-6] o.s.web.servlet.DispatcherServlet        : GET "/reviews/product/39?page=0&size=10", parameters={masked}
2026-07-31T16:49:14.675+01:00 DEBUG 52043 --- [TuniRate] [http-nio-8080-exec-6] s.w.s.m.m.a.RequestMappingHandlerMapping : Mapped to tn.anasazx.tunirate.review.controller.ReviewController#getReviewsByProductId(Long, Pageable)
2026-07-31T16:49:14.676+01:00 DEBUG 52043 --- [TuniRate] [http-nio-8080-exec-8] o.s.web.servlet.DispatcherServlet        : GET "/subcategories", parameters={}
2026-07-31T16:49:14.676+01:00 DEBUG 52043 --- [TuniRate] [http-nio-8080-exec-8] s.w.s.m.m.a.RequestMappingHandlerMapping : Mapped to tn.anasazx.tunirate.subcategory.controller.SubcategoryController#getAll()
2026-07-31T16:49:14.677+01:00 DEBUG 52043 --- [TuniRate] [http-nio-8080-exec-1] o.s.web.servlet.DispatcherServlet        : GET "/invitations/me", parameters={}
2026-07-31T16:49:14.677+01:00 DEBUG 52043 --- [TuniRate] [http-nio-8080-exec-1] s.w.s.m.m.a.RequestMappingHandlerMapping : Mapped to tn.anasazx.tunirate.invitation.controller.CompanyInvitationController#getMyInvitations()
2026-07-31T16:49:14.681+01:00 DEBUG 52043 --- [TuniRate] [http-nio-8080-exec-1] o.s.w.s.m.m.a.HttpEntityMethodProcessor  : Using 'application/json', given [application/json, text/plain, */*] and supported [application/json, application/*+json]
2026-07-31T16:49:14.681+01:00 DEBUG 52043 --- [TuniRate] [http-nio-8080-exec-1] o.s.w.s.m.m.a.HttpEntityMethodProcessor  : Writing [[]]
2026-07-31T16:49:14.681+01:00 DEBUG 52043 --- [TuniRate] [http-nio-8080-exec-1] o.s.web.servlet.DispatcherServlet        : Completed 200 OK
2026-07-31T16:49:14.682+01:00 DEBUG 52043 --- [TuniRate] [http-nio-8080-exec-8] o.s.w.s.m.m.a.HttpEntityMethodProcessor  : Using 'application/json', given [application/json, text/plain, */*] and supported [application/json, application/*+json]
2026-07-31T16:49:14.682+01:00 DEBUG 52043 --- [TuniRate] [http-nio-8080-exec-8] o.s.w.s.m.m.a.HttpEntityMethodProcessor  : Writing [[SubcategoryResponse[id=3, name=Skincare, categoryId=2, categoryName=Beauty], SubcategoryResponse[id (truncated)...]
2026-07-31T16:49:14.683+01:00 DEBUG 52043 --- [TuniRate] [http-nio-8080-exec-8] o.s.web.servlet.DispatcherServlet        : Completed 200 OK
2026-07-31T16:49:14.685+01:00 DEBUG 52043 --- [TuniRate] [http-nio-8080-exec-9] o.s.web.servlet.DispatcherServlet        : GET "/subcategories", parameters={}
2026-07-31T16:49:14.685+01:00 DEBUG 52043 --- [TuniRate] [http-nio-8080-exec-9] s.w.s.m.m.a.RequestMappingHandlerMapping : Mapped to tn.anasazx.tunirate.subcategory.controller.SubcategoryController#getAll()
2026-07-31T16:49:14.688+01:00 DEBUG 52043 --- [TuniRate] [http-nio-8080-exec-9] o.s.w.s.m.m.a.HttpEntityMethodProcessor  : Using 'application/json', given [application/json, text/plain, */*] and supported [application/json, application/*+json]
2026-07-31T16:49:14.688+01:00 DEBUG 52043 --- [TuniRate] [http-nio-8080-exec-9] o.s.w.s.m.m.a.HttpEntityMethodProcessor  : Writing [[SubcategoryResponse[id=3, name=Skincare, categoryId=2, categoryName=Beauty], SubcategoryResponse[id (truncated)...]
2026-07-31T16:49:14.689+01:00 DEBUG 52043 --- [TuniRate] [http-nio-8080-exec-9] o.s.web.servlet.DispatcherServlet        : Completed 200 OK
2026-07-31T16:49:14.693+01:00 DEBUG 52043 --- [TuniRate] [http-nio-8080-exec-6] o.s.w.s.m.m.a.HttpEntityMethodProcessor  : Using 'application/json', given [application/json, text/plain, */*] and supported [application/json, application/*+json]
2026-07-31T16:49:14.694+01:00 DEBUG 52043 --- [TuniRate] [http-nio-8080-exec-6] o.s.w.s.m.m.a.HttpEntityMethodProcessor  : Writing [ProductReviewsResponse[myReview=ReviewResponse[id=6, rating=3, content=dfsq, user=MinimizedUserRespo (truncated)...]
2026-07-31T16:49:14.694+01:00 DEBUG 52043 --- [TuniRate] [http-nio-8080-exec-6] o.s.web.servlet.DispatcherServlet        : Completed 200 OK
2026-07-31T16:49:14.886+01:00 DEBUG 52043 --- [TuniRate] [http-nio-8080-exec-3] o.s.web.servlet.DispatcherServlet        : GET "/product/39/details", parameters={}
2026-07-31T16:49:14.886+01:00 DEBUG 52043 --- [TuniRate] [http-nio-8080-exec-3] s.w.s.m.m.a.RequestMappingHandlerMapping : Mapped to tn.anasazx.tunirate.product.controller.ProductController#getProductDetails(Long)
2026-07-31T16:49:14.887+01:00 DEBUG 52043 --- [TuniRate] [http-nio-8080-exec-5] o.s.web.servlet.DispatcherServlet        : GET "/auth/me", parameters={}
2026-07-31T16:49:14.888+01:00 DEBUG 52043 --- [TuniRate] [http-nio-8080-exec-5] s.w.s.m.m.a.RequestMappingHandlerMapping : Mapped to tn.anasazx.tunirate.authentication.controller.AuthController#authenticateUser()
2026-07-31T16:49:14.889+01:00 DEBUG 52043 --- [TuniRate] [http-nio-8080-exec-4] o.s.web.servlet.DispatcherServlet        : GET "/categories", parameters={}
2026-07-31T16:49:14.890+01:00 DEBUG 52043 --- [TuniRate] [http-nio-8080-exec-4] s.w.s.m.m.a.RequestMappingHandlerMapping : Mapped to tn.anasazx.tunirate.category.controller.CategoryController#getAll()
2026-07-31T16:49:14.895+01:00 DEBUG 52043 --- [TuniRate] [http-nio-8080-exec-5] o.s.w.s.m.m.a.HttpEntityMethodProcessor  : Using 'application/json', given [application/json, text/plain, */*] and supported [application/json, application/*+json]
2026-07-31T16:49:14.895+01:00 DEBUG 52043 --- [TuniRate] [http-nio-8080-exec-5] o.s.w.s.m.m.a.HttpEntityMethodProcessor  : Writing [MinimizedUserResponse[id=8, name=Anas Riadh Azizi, email=anasriad.azizi@gmail.com, emailVerified=tru (truncated)...]
2026-07-31T16:49:14.896+01:00 DEBUG 52043 --- [TuniRate] [http-nio-8080-exec-5] o.s.web.servlet.DispatcherServlet        : Completed 200 OK
2026-07-31T16:49:14.896+01:00 DEBUG 52043 --- [TuniRate] [http-nio-8080-exec-4] o.s.w.s.m.m.a.HttpEntityMethodProcessor  : Using 'application/json', given [application/json, text/plain, */*] and supported [application/json, application/*+json]
2026-07-31T16:49:14.897+01:00 DEBUG 52043 --- [TuniRate] [http-nio-8080-exec-4] o.s.w.s.m.m.a.HttpEntityMethodProcessor  : Writing [[CategoryResponse[id=2, name=Beauty]]]
2026-07-31T16:49:14.897+01:00 DEBUG 52043 --- [TuniRate] [http-nio-8080-exec-4] o.s.web.servlet.DispatcherServlet        : Completed 200 OK
2026-07-31T16:49:14.901+01:00 DEBUG 52043 --- [TuniRate] [http-nio-8080-exec-3] o.s.w.s.m.m.a.HttpEntityMethodProcessor  : Using 'application/json', given [application/json, text/plain, */*] and supported [application/json, application/*+json]
2026-07-31T16:49:14.901+01:00 DEBUG 52043 --- [TuniRate] [http-nio-8080-exec-10] o.s.web.servlet.DispatcherServlet        : GET "/reviews/product/39?page=0&size=10", parameters={masked}
2026-07-31T16:49:14.901+01:00 DEBUG 52043 --- [TuniRate] [http-nio-8080-exec-3] o.s.w.s.m.m.a.HttpEntityMethodProcessor  : Writing [ProductDetailsResponse[id=39, name=Pochette beauté ciel, description=La trousse qui sublime votre ro (truncated)...]
2026-07-31T16:49:14.901+01:00 DEBUG 52043 --- [TuniRate] [http-nio-8080-exec-10] s.w.s.m.m.a.RequestMappingHandlerMapping : Mapped to tn.anasazx.tunirate.review.controller.ReviewController#getReviewsByProductId(Long, Pageable)
2026-07-31T16:49:14.902+01:00 DEBUG 52043 --- [TuniRate] [http-nio-8080-exec-3] o.s.web.servlet.DispatcherServlet        : Completed 200 OK
2026-07-31T16:49:14.903+01:00 DEBUG 52043 --- [TuniRate] [http-nio-8080-exec-2] o.s.web.servlet.DispatcherServlet        : GET "/categories", parameters={}
2026-07-31T16:49:14.904+01:00 DEBUG 52043 --- [TuniRate] [http-nio-8080-exec-2] s.w.s.m.m.a.RequestMappingHandlerMapping : Mapped to tn.anasazx.tunirate.category.controller.CategoryController#getAll()
2026-07-31T16:49:14.906+01:00 DEBUG 52043 --- [TuniRate] [http-nio-8080-exec-2] o.s.w.s.m.m.a.HttpEntityMethodProcessor  : Using 'application/json', given [application/json, text/plain, */*] and supported [application/json, application/*+json]
2026-07-31T16:49:14.906+01:00 DEBUG 52043 --- [TuniRate] [http-nio-8080-exec-2] o.s.w.s.m.m.a.HttpEntityMethodProcessor  : Writing [[CategoryResponse[id=2, name=Beauty]]]
2026-07-31T16:49:14.909+01:00 DEBUG 52043 --- [TuniRate] [http-nio-8080-exec-2] o.s.web.servlet.DispatcherServlet        : Completed 200 OK
2026-07-31T16:49:14.919+01:00 DEBUG 52043 --- [TuniRate] [http-nio-8080-exec-7] o.s.web.servlet.DispatcherServlet        : GET "/invitations/me", parameters={}
2026-07-31T16:49:14.920+01:00 DEBUG 52043 --- [TuniRate] [http-nio-8080-exec-7] s.w.s.m.m.a.RequestMappingHandlerMapping : Mapped to tn.anasazx.tunirate.invitation.controller.CompanyInvitationController#getMyInvitations()
2026-07-31T16:49:14.920+01:00 DEBUG 52043 --- [TuniRate] [http-nio-8080-exec-1] o.s.web.servlet.DispatcherServlet        : GET "/subcategories", parameters={}
2026-07-31T16:49:14.920+01:00 DEBUG 52043 --- [TuniRate] [http-nio-8080-exec-1] s.w.s.m.m.a.RequestMappingHandlerMapping : Mapped to tn.anasazx.tunirate.subcategory.controller.SubcategoryController#getAll()
2026-07-31T16:49:14.925+01:00 DEBUG 52043 --- [TuniRate] [http-nio-8080-exec-7] o.s.w.s.m.m.a.HttpEntityMethodProcessor  : Using 'application/json', given [application/json, text/plain, */*] and supported [application/json, application/*+json]
2026-07-31T16:49:14.925+01:00 DEBUG 52043 --- [TuniRate] [http-nio-8080-exec-7] o.s.w.s.m.m.a.HttpEntityMethodProcessor  : Writing [[]]
2026-07-31T16:49:14.926+01:00 DEBUG 52043 --- [TuniRate] [http-nio-8080-exec-1] o.s.w.s.m.m.a.HttpEntityMethodProcessor  : Using 'application/json', given [application/json, text/plain, */*] and supported [application/json, application/*+json]
2026-07-31T16:49:14.926+01:00 DEBUG 52043 --- [TuniRate] [http-nio-8080-exec-1] o.s.w.s.m.m.a.HttpEntityMethodProcessor  : Writing [[SubcategoryResponse[id=3, name=Skincare, categoryId=2, categoryName=Beauty], SubcategoryResponse[id (truncated)...]
2026-07-31T16:49:14.927+01:00 DEBUG 52043 --- [TuniRate] [http-nio-8080-exec-1] o.s.web.servlet.DispatcherServlet        : Completed 200 OK
2026-07-31T16:49:14.928+01:00 DEBUG 52043 --- [TuniRate] [http-nio-8080-exec-7] o.s.web.servlet.DispatcherServlet        : Completed 200 OK
2026-07-31T16:49:14.931+01:00 DEBUG 52043 --- [TuniRate] [http-nio-8080-exec-10] o.s.w.s.m.m.a.HttpEntityMethodProcessor  : Using 'application/json', given [application/json, text/plain, */*] and supported [application/json, application/*+json]
2026-07-31T16:49:14.931+01:00 DEBUG 52043 --- [TuniRate] [http-nio-8080-exec-10] o.s.w.s.m.m.a.HttpEntityMethodProcessor  : Writing [ProductReviewsResponse[myReview=ReviewResponse[id=6, rating=3, content=dfsq, user=MinimizedUserRespo (truncated)...]
2026-07-31T16:49:14.931+01:00 DEBUG 52043 --- [TuniRate] [http-nio-8080-exec-10] o.s.web.servlet.DispatcherServlet        : Completed 200 OK
2026-07-31T16:49:14.932+01:00 DEBUG 52043 --- [TuniRate] [http-nio-8080-exec-8] o.s.web.servlet.DispatcherServlet        : GET "/subcategories", parameters={}
2026-07-31T16:49:14.932+01:00 DEBUG 52043 --- [TuniRate] [http-nio-8080-exec-8] s.w.s.m.m.a.RequestMappingHandlerMapping : Mapped to tn.anasazx.tunirate.subcategory.controller.SubcategoryController#getAll()
2026-07-31T16:49:14.934+01:00 DEBUG 52043 --- [TuniRate] [http-nio-8080-exec-8] o.s.w.s.m.m.a.HttpEntityMethodProcessor  : Using 'application/json', given [application/json, text/plain, */*] and supported [application/json, application/*+json]
2026-07-31T16:49:14.934+01:00 DEBUG 52043 --- [TuniRate] [http-nio-8080-exec-8] o.s.w.s.m.m.a.HttpEntityMethodProcessor  : Writing [[SubcategoryResponse[id=3, name=Skincare, categoryId=2, categoryName=Beauty], SubcategoryResponse[id (truncated)...]
2026-07-31T16:49:14.935+01:00 DEBUG 52043 --- [TuniRate] [http-nio-8080-exec-8] o.s.web.servlet.DispatcherServlet        : Completed 200 OK
2026-07-31T16:49:15.060+01:00 DEBUG 52043 --- [TuniRate] [http-nio-8080-exec-9] o.s.web.servlet.DispatcherServlet        : GET "/auth/me", parameters={}
2026-07-31T16:49:15.060+01:00 DEBUG 52043 --- [TuniRate] [http-nio-8080-exec-9] s.w.s.m.m.a.RequestMappingHandlerMapping : Mapped to tn.anasazx.tunirate.authentication.controller.AuthController#authenticateUser()
2026-07-31T16:49:15.060+01:00 DEBUG 52043 --- [TuniRate] [http-nio-8080-exec-6] o.s.web.servlet.DispatcherServlet        : GET "/product/39/details", parameters={}
2026-07-31T16:49:15.061+01:00 DEBUG 52043 --- [TuniRate] [http-nio-8080-exec-6] s.w.s.m.m.a.RequestMappingHandlerMapping : Mapped to tn.anasazx.tunirate.product.controller.ProductController#getProductDetails(Long)
2026-07-31T16:49:15.061+01:00 DEBUG 52043 --- [TuniRate] [http-nio-8080-exec-4] o.s.web.servlet.DispatcherServlet        : GET "/categories", parameters={}
2026-07-31T16:49:15.061+01:00 DEBUG 52043 --- [TuniRate] [http-nio-8080-exec-4] s.w.s.m.m.a.RequestMappingHandlerMapping : Mapped to tn.anasazx.tunirate.category.controller.CategoryController#getAll()
2026-07-31T16:49:15.062+01:00 DEBUG 52043 --- [TuniRate] [http-nio-8080-exec-9] o.s.w.s.m.m.a.HttpEntityMethodProcessor  : Using 'application/json', given [application/json, text/plain, */*] and supported [application/json, application/*+json]
2026-07-31T16:49:15.062+01:00 DEBUG 52043 --- [TuniRate] [http-nio-8080-exec-9] o.s.w.s.m.m.a.HttpEntityMethodProcessor  : Writing [MinimizedUserResponse[id=8, name=Anas Riadh Azizi, email=anasriad.azizi@gmail.com, emailVerified=tru (truncated)...]
2026-07-31T16:49:15.062+01:00 DEBUG 52043 --- [TuniRate] [http-nio-8080-exec-4] o.s.w.s.m.m.a.HttpEntityMethodProcessor  : Using 'application/json', given [application/json, text/plain, */*] and supported [application/json, application/*+json]
2026-07-31T16:49:15.062+01:00 DEBUG 52043 --- [TuniRate] [http-nio-8080-exec-4] o.s.w.s.m.m.a.HttpEntityMethodProcessor  : Writing [[CategoryResponse[id=2, name=Beauty]]]
2026-07-31T16:49:15.063+01:00 DEBUG 52043 --- [TuniRate] [http-nio-8080-exec-4] o.s.web.servlet.DispatcherServlet        : Completed 200 OK
2026-07-31T16:49:15.063+01:00 DEBUG 52043 --- [TuniRate] [http-nio-8080-exec-9] o.s.web.servlet.DispatcherServlet        : Completed 200 OK
2026-07-31T16:49:15.069+01:00 DEBUG 52043 --- [TuniRate] [http-nio-8080-exec-5] o.s.web.servlet.DispatcherServlet        : GET "/categories", parameters={}
2026-07-31T16:49:15.069+01:00 DEBUG 52043 --- [TuniRate] [http-nio-8080-exec-5] s.w.s.m.m.a.RequestMappingHandlerMapping : Mapped to tn.anasazx.tunirate.category.controller.CategoryController#getAll()
2026-07-31T16:49:15.070+01:00 DEBUG 52043 --- [TuniRate] [http-nio-8080-exec-6] o.s.w.s.m.m.a.HttpEntityMethodProcessor  : Using 'application/json', given [application/json, text/plain, */*] and supported [application/json, application/*+json]
2026-07-31T16:49:15.070+01:00 DEBUG 52043 --- [TuniRate] [http-nio-8080-exec-6] o.s.w.s.m.m.a.HttpEntityMethodProcessor  : Writing [ProductDetailsResponse[id=39, name=Pochette beauté ciel, description=La trousse qui sublime votre ro (truncated)...]
2026-07-31T16:49:15.071+01:00 DEBUG 52043 --- [TuniRate] [http-nio-8080-exec-6] o.s.web.servlet.DispatcherServlet        : Completed 200 OK
2026-07-31T16:49:15.071+01:00 DEBUG 52043 --- [TuniRate] [http-nio-8080-exec-5] o.s.w.s.m.m.a.HttpEntityMethodProcessor  : Using 'application/json', given [application/json, text/plain, */*] and supported [application/json, application/*+json]
2026-07-31T16:49:15.071+01:00 DEBUG 52043 --- [TuniRate] [http-nio-8080-exec-5] o.s.w.s.m.m.a.HttpEntityMethodProcessor  : Writing [[CategoryResponse[id=2, name=Beauty]]]
2026-07-31T16:49:15.074+01:00 DEBUG 52043 --- [TuniRate] [http-nio-8080-exec-5] o.s.web.servlet.DispatcherServlet        : Completed 200 OK
2026-07-31T16:49:15.075+01:00 DEBUG 52043 --- [TuniRate] [http-nio-8080-exec-1] o.s.web.servlet.DispatcherServlet        : GET "/subcategories", parameters={}
2026-07-31T16:49:15.075+01:00 DEBUG 52043 --- [TuniRate] [http-nio-8080-exec-3] o.s.web.servlet.DispatcherServlet        : GET "/reviews/product/39?page=0&size=10", parameters={masked}
2026-07-31T16:49:15.075+01:00 DEBUG 52043 --- [TuniRate] [http-nio-8080-exec-1] s.w.s.m.m.a.RequestMappingHandlerMapping : Mapped to tn.anasazx.tunirate.subcategory.controller.SubcategoryController#getAll()
2026-07-31T16:49:15.075+01:00 DEBUG 52043 --- [TuniRate] [http-nio-8080-exec-3] s.w.s.m.m.a.RequestMappingHandlerMapping : Mapped to tn.anasazx.tunirate.review.controller.ReviewController#getReviewsByProductId(Long, Pageable)
2026-07-31T16:49:15.076+01:00 DEBUG 52043 --- [TuniRate] [http-nio-8080-exec-2] o.s.web.servlet.DispatcherServlet        : GET "/invitations/me", parameters={}
2026-07-31T16:49:15.076+01:00 DEBUG 52043 --- [TuniRate] [http-nio-8080-exec-2] s.w.s.m.m.a.RequestMappingHandlerMapping : Mapped to tn.anasazx.tunirate.invitation.controller.CompanyInvitationController#getMyInvitations()
2026-07-31T16:49:15.078+01:00 DEBUG 52043 --- [TuniRate] [http-nio-8080-exec-2] o.s.w.s.m.m.a.HttpEntityMethodProcessor  : Using 'application/json', given [application/json, text/plain, */*] and supported [application/json, application/*+json]
2026-07-31T16:49:15.079+01:00 DEBUG 52043 --- [TuniRate] [http-nio-8080-exec-2] o.s.w.s.m.m.a.HttpEntityMethodProcessor  : Writing [[]]
2026-07-31T16:49:15.079+01:00 DEBUG 52043 --- [TuniRate] [http-nio-8080-exec-2] o.s.web.servlet.DispatcherServlet        : Completed 200 OK
2026-07-31T16:49:15.080+01:00 DEBUG 52043 --- [TuniRate] [http-nio-8080-exec-1] o.s.w.s.m.m.a.HttpEntityMethodProcessor  : Using 'application/json', given [application/json, text/plain, */*] and supported [application/json, application/*+json]
2026-07-31T16:49:15.081+01:00 DEBUG 52043 --- [TuniRate] [http-nio-8080-exec-1] o.s.w.s.m.m.a.HttpEntityMethodProcessor  : Writing [[SubcategoryResponse[id=3, name=Skincare, categoryId=2, categoryName=Beauty], SubcategoryResponse[id (truncated)...]
2026-07-31T16:49:15.081+01:00 DEBUG 52043 --- [TuniRate] [http-nio-8080-exec-1] o.s.web.servlet.DispatcherServlet        : Completed 200 OK
2026-07-31T16:49:15.087+01:00 DEBUG 52043 --- [TuniRate] [http-nio-8080-exec-7] o.s.web.servlet.DispatcherServlet        : GET "/subcategories", parameters={}
2026-07-31T16:49:15.087+01:00 DEBUG 52043 --- [TuniRate] [http-nio-8080-exec-7] s.w.s.m.m.a.RequestMappingHandlerMapping : Mapped to tn.anasazx.tunirate.subcategory.controller.SubcategoryController#getAll()
2026-07-31T16:49:15.087+01:00 DEBUG 52043 --- [TuniRate] [http-nio-8080-exec-3] o.s.w.s.m.m.a.HttpEntityMethodProcessor  : Using 'application/json', given [application/json, text/plain, */*] and supported [application/json, application/*+json]
2026-07-31T16:49:15.088+01:00 DEBUG 52043 --- [TuniRate] [http-nio-8080-exec-3] o.s.w.s.m.m.a.HttpEntityMethodProcessor  : Writing [ProductReviewsResponse[myReview=ReviewResponse[id=6, rating=3, content=dfsq, user=MinimizedUserRespo (truncated)...]
2026-07-31T16:49:15.089+01:00 DEBUG 52043 --- [TuniRate] [http-nio-8080-exec-3] o.s.web.servlet.DispatcherServlet        : Completed 200 OK
2026-07-31T16:49:15.091+01:00 DEBUG 52043 --- [TuniRate] [http-nio-8080-exec-7] o.s.w.s.m.m.a.HttpEntityMethodProcessor  : Using 'application/json', given [application/json, text/plain, */*] and supported [application/json, application/*+json]
2026-07-31T16:49:15.092+01:00 DEBUG 52043 --- [TuniRate] [http-nio-8080-exec-7] o.s.w.s.m.m.a.HttpEntityMethodProcessor  : Writing [[SubcategoryResponse[id=3, name=Skincare, categoryId=2, categoryName=Beauty], SubcategoryResponse[id (truncated)...]
2026-07-31T16:49:15.092+01:00 DEBUG 52043 --- [TuniRate] [http-nio-8080-exec-7] o.s.web.servlet.DispatcherServlet        : Completed 200 OK
2026-07-31T16:49:15.234+01:00 DEBUG 52043 --- [TuniRate] [http-nio-8080-exec-10] o.s.web.servlet.DispatcherServlet        : GET "/auth/me", parameters={}
2026-07-31T16:49:15.234+01:00 DEBUG 52043 --- [TuniRate] [http-nio-8080-exec-10] s.w.s.m.m.a.RequestMappingHandlerMapping : Mapped to tn.anasazx.tunirate.authentication.controller.AuthController#authenticateUser()
2026-07-31T16:49:15.236+01:00 DEBUG 52043 --- [TuniRate] [http-nio-8080-exec-8] o.s.web.servlet.DispatcherServlet        : GET "/product/39/details", parameters={}
2026-07-31T16:49:15.236+01:00 DEBUG 52043 --- [TuniRate] [http-nio-8080-exec-10] o.s.w.s.m.m.a.HttpEntityMethodProcessor  : Using 'application/json', given [application/json, text/plain, */*] and supported [application/json, application/*+json]
2026-07-31T16:49:15.236+01:00 DEBUG 52043 --- [TuniRate] [http-nio-8080-exec-8] s.w.s.m.m.a.RequestMappingHandlerMapping : Mapped to tn.anasazx.tunirate.product.controller.ProductController#getProductDetails(Long)
2026-07-31T16:49:15.236+01:00 DEBUG 52043 --- [TuniRate] [http-nio-8080-exec-10] o.s.w.s.m.m.a.HttpEntityMethodProcessor  : Writing [MinimizedUserResponse[id=8, name=Anas Riadh Azizi, email=anasriad.azizi@gmail.com, emailVerified=tru (truncated)...]
2026-07-31T16:49:15.236+01:00 DEBUG 52043 --- [TuniRate] [http-nio-8080-exec-4] o.s.web.servlet.DispatcherServlet        : GET "/categories", parameters={}
2026-07-31T16:49:15.236+01:00 DEBUG 52043 --- [TuniRate] [http-nio-8080-exec-4] s.w.s.m.m.a.RequestMappingHandlerMapping : Mapped to tn.anasazx.tunirate.category.controller.CategoryController#getAll()
2026-07-31T16:49:15.236+01:00 DEBUG 52043 --- [TuniRate] [http-nio-8080-exec-10] o.s.web.servlet.DispatcherServlet        : Completed 200 OK
2026-07-31T16:49:15.237+01:00 DEBUG 52043 --- [TuniRate] [http-nio-8080-exec-4] o.s.w.s.m.m.a.HttpEntityMethodProcessor  : Using 'application/json', given [application/json, text/plain, */*] and supported [application/json, application/*+json]
2026-07-31T16:49:15.237+01:00 DEBUG 52043 --- [TuniRate] [http-nio-8080-exec-4] o.s.w.s.m.m.a.HttpEntityMethodProcessor  : Writing [[CategoryResponse[id=2, name=Beauty]]]
2026-07-31T16:49:15.237+01:00 DEBUG 52043 --- [TuniRate] [http-nio-8080-exec-4] o.s.web.servlet.DispatcherServlet        : Completed 200 OK
2026-07-31T16:49:15.240+01:00 DEBUG 52043 --- [TuniRate] [http-nio-8080-exec-9] o.s.web.servlet.DispatcherServlet        : GET "/categories", parameters={}
2026-07-31T16:49:15.240+01:00 DEBUG 52043 --- [TuniRate] [http-nio-8080-exec-9] s.w.s.m.m.a.RequestMappingHandlerMapping : Mapped to tn.anasazx.tunirate.category.controller.CategoryController#getAll()
2026-07-31T16:49:15.241+01:00 DEBUG 52043 --- [TuniRate] [http-nio-8080-exec-8] o.s.w.s.m.m.a.HttpEntityMethodProcessor  : Using 'application/json', given [application/json, text/plain, */*] and supported [application/json, application/*+json]
2026-07-31T16:49:15.241+01:00 DEBUG 52043 --- [TuniRate] [http-nio-8080-exec-8] o.s.w.s.m.m.a.HttpEntityMethodProcessor  : Writing [ProductDetailsResponse[id=39, name=Pochette beauté ciel, description=La trousse qui sublime votre ro (truncated)...]
2026-07-31T16:49:15.241+01:00 DEBUG 52043 --- [TuniRate] [http-nio-8080-exec-8] o.s.web.servlet.DispatcherServlet        : Completed 200 OK
2026-07-31T16:49:15.241+01:00 DEBUG 52043 --- [TuniRate] [http-nio-8080-exec-9] o.s.w.s.m.m.a.HttpEntityMethodProcessor  : Using 'application/json', given [application/json, text/plain, */*] and supported [application/json, application/*+json]
2026-07-31T16:49:15.241+01:00 DEBUG 52043 --- [TuniRate] [http-nio-8080-exec-9] o.s.w.s.m.m.a.HttpEntityMethodProcessor  : Writing [[CategoryResponse[id=2, name=Beauty]]]
2026-07-31T16:49:15.242+01:00 DEBUG 52043 --- [TuniRate] [http-nio-8080-exec-9] o.s.web.servlet.DispatcherServlet        : Completed 200 OK
2026-07-31T16:49:15.250+01:00 DEBUG 52043 --- [TuniRate] [http-nio-8080-exec-5] o.s.web.servlet.DispatcherServlet        : GET "/invitations/me", parameters={}
2026-07-31T16:49:15.250+01:00 DEBUG 52043 --- [TuniRate] [http-nio-8080-exec-6] o.s.web.servlet.DispatcherServlet        : GET "/reviews/product/39?page=0&size=10", parameters={masked}
2026-07-31T16:49:15.250+01:00 DEBUG 52043 --- [TuniRate] [http-nio-8080-exec-2] o.s.web.servlet.DispatcherServlet        : GET "/subcategories", parameters={}
2026-07-31T16:49:15.250+01:00 DEBUG 52043 --- [TuniRate] [http-nio-8080-exec-5] s.w.s.m.m.a.RequestMappingHandlerMapping : Mapped to tn.anasazx.tunirate.invitation.controller.CompanyInvitationController#getMyInvitations()
2026-07-31T16:49:15.250+01:00 DEBUG 52043 --- [TuniRate] [http-nio-8080-exec-2] s.w.s.m.m.a.RequestMappingHandlerMapping : Mapped to tn.anasazx.tunirate.subcategory.controller.SubcategoryController#getAll()
2026-07-31T16:49:15.250+01:00 DEBUG 52043 --- [TuniRate] [http-nio-8080-exec-6] s.w.s.m.m.a.RequestMappingHandlerMapping : Mapped to tn.anasazx.tunirate.review.controller.ReviewController#getReviewsByProductId(Long, Pageable)
2026-07-31T16:49:15.253+01:00 DEBUG 52043 --- [TuniRate] [http-nio-8080-exec-5] o.s.w.s.m.m.a.HttpEntityMethodProcessor  : Using 'application/json', given [application/json, text/plain, */*] and supported [application/json, application/*+json]
2026-07-31T16:49:15.253+01:00 DEBUG 52043 --- [TuniRate] [http-nio-8080-exec-5] o.s.w.s.m.m.a.HttpEntityMethodProcessor  : Writing [[]]
2026-07-31T16:49:15.253+01:00 DEBUG 52043 --- [TuniRate] [http-nio-8080-exec-5] o.s.web.servlet.DispatcherServlet        : Completed 200 OK
2026-07-31T16:49:15.254+01:00 DEBUG 52043 --- [TuniRate] [http-nio-8080-exec-2] o.s.w.s.m.m.a.HttpEntityMethodProcessor  : Using 'application/json', given [application/json, text/plain, */*] and supported [application/json, application/*+json]
2026-07-31T16:49:15.254+01:00 DEBUG 52043 --- [TuniRate] [http-nio-8080-exec-2] o.s.w.s.m.m.a.HttpEntityMethodProcessor  : Writing [[SubcategoryResponse[id=3, name=Skincare, categoryId=2, categoryName=Beauty], SubcategoryResponse[id (truncated)...]
2026-07-31T16:49:15.254+01:00 DEBUG 52043 --- [TuniRate] [http-nio-8080-exec-2] o.s.web.servlet.DispatcherServlet        : Completed 200 OK
2026-07-31T16:49:15.258+01:00 DEBUG 52043 --- [TuniRate] [http-nio-8080-exec-1] o.s.web.servlet.DispatcherServlet        : GET "/subcategories", parameters={}
2026-07-31T16:49:15.259+01:00 DEBUG 52043 --- [TuniRate] [http-nio-8080-exec-1] s.w.s.m.m.a.RequestMappingHandlerMapping : Mapped to tn.anasazx.tunirate.subcategory.controller.SubcategoryController#getAll()
2026-07-31T16:49:15.261+01:00 DEBUG 52043 --- [TuniRate] [http-nio-8080-exec-1] o.s.w.s.m.m.a.HttpEntityMethodProcessor  : Using 'application/json', given [application/json, text/plain, */*] and supported [application/json, application/*+json]
2026-07-31T16:49:15.261+01:00 DEBUG 52043 --- [TuniRate] [http-nio-8080-exec-1] o.s.w.s.m.m.a.HttpEntityMethodProcessor  : Writing [[SubcategoryResponse[id=3, name=Skincare, categoryId=2, categoryName=Beauty], SubcategoryResponse[id (truncated)...]
2026-07-31T16:49:15.261+01:00 DEBUG 52043 --- [TuniRate] [http-nio-8080-exec-1] o.s.web.servlet.DispatcherServlet        : Completed 200 OK
2026-07-31T16:49:15.266+01:00 DEBUG 52043 --- [TuniRate] [http-nio-8080-exec-6] o.s.w.s.m.m.a.HttpEntityMethodProcessor  : Using 'application/json', given [application/json, text/plain, */*] and supported [application/json, application/*+json]
2026-07-31T16:49:15.266+01:00 DEBUG 52043 --- [TuniRate] [http-nio-8080-exec-6] o.s.w.s.m.m.a.HttpEntityMethodProcessor  : Writing [ProductReviewsResponse[myReview=ReviewResponse[id=6, rating=3, content=dfsq, user=MinimizedUserRespo (truncated)...]
2026-07-31T16:49:15.267+01:00 DEBUG 52043 --- [TuniRate] [http-nio-8080-exec-6] o.s.web.servlet.DispatcherServlet        : Completed 200 OK
2026-07-31T16:49:20.656+01:00 DEBUG 52043 --- [TuniRate] [http-nio-8080-exec-7] o.s.web.servlet.DispatcherServlet        : DELETE "/reviews/6", parameters={}
2026-07-31T16:49:20.657+01:00 DEBUG 52043 --- [TuniRate] [http-nio-8080-exec-7] s.w.s.m.m.a.RequestMappingHandlerMapping : Mapped to tn.anasazx.tunirate.review.controller.ReviewController#deleteReview(Long)
2026-07-31T16:49:20.685+01:00 DEBUG 52043 --- [TuniRate] [http-nio-8080-exec-7] o.s.w.s.m.m.a.HttpEntityMethodProcessor  : Using 'application/json', given [application/json, text/plain, */*] and supported [application/json, application/*+json]
2026-07-31T16:49:20.685+01:00 DEBUG 52043 --- [TuniRate] [http-nio-8080-exec-7] o.s.w.s.m.m.a.HttpEntityMethodProcessor  : Nothing to write: null body
2026-07-31T16:49:20.686+01:00 DEBUG 52043 --- [TuniRate] [http-nio-8080-exec-7] o.s.web.servlet.DispatcherServlet        : Completed 204 NO_CONTENT
